Entity,Year,Deforestation_Ha,Agricultural_Land_Pct,Population_Density,GDP_Per_Capita,Rural_Population_Pct,Poverty_Rate_Pct,Employment_Agri_Pct,Region,Forest_Cover_Pct,CO2_Emissions_Mt,Lost_Carbon_Sink_kt,Biodiversity_Impact_Index,Environmental_Impact_Score,PM25_Emissions_Tons,PM10_Emissions_Tons,PM25_Mean_Exposure_ug_m3,Temperature_Anomaly_C,Precipitation_mm,SPEI_Drought_Index,Extreme_Heat_Days_Count,Species_Habitat_Loss_Pct,IUCN_Threatened_Species_Count,Biodiversity_Intactness_Index_Pct,Protected_Area_Coverage_Pct,Forest_Fragmentation_Index
Algeria,1990,30700.0,16.2385482882263,10.6543157523491,2445.18332740258,47.8578723017096,22.6,22.3173196075405,Africa,0.699908470278032,5.53,147.36,99.19,67.65,36840.0,55260.0,42.93,0.29,865.3,0.02,18,10.29,373,85.69,4.66,9.82
Algeria,1991,30435.0,16.2950196075138,10.8864184587738,2377.95786378508,47.0728188565281,22.6,22.3173196075405,Africa,0.696213692510518,5.48,146.09,99.11,67.61,36522.0,54783.0,43.0,0.31,683.0,-0.59,19,13.76,368,82.87,4.88,10.46
Algeria,1992,30170.0,16.3514909268014,11.1185211651985,2310.73240016758,46.2947696880381,22.6,22.2014519246295,Africa,0.692518914743003,5.43,144.82,99.03,67.58,36204.0,54306.0,43.07,0.43,704.3,-1.11,26,13.0,376,83.31,5.41,11.8
Algeria,1993,29905.0,16.407962246089,11.3506238716232,2243.50693655008,45.5221483021906,22.6,22.3302131144071,Africa,0.688824136975488,5.38,143.54,98.95,67.55,35886.0,53829.0,43.13,0.54,569.3,-0.9,23,10.95,374,85.28,5.77,12.74
Algeria,1994,29640.0,16.4644335653766,11.5827265780479,2176.28147293259,44.7533782049363,22.6,22.456997689315,Africa,0.685129359207974,5.34,142.27,98.87,67.51,35568.0,53352.0,43.2,0.41,731.7,-0.82,19,9.85,393,84.87,4.93,12.89
Algeria,1995,29375.0,16.5209048846642,11.8148292844727,2109.05600931509,43.9868829022262,22.6,22.3819392127679,Africa,0.68143458144046,5.29,141.0,98.79,67.48,35250.0,52875.0,43.26,0.4,873.0,-0.05,20,12.76,398,82.86,8.1,11.79
Algeria,1996,29110.0,16.5773762039517,12.0469319908974,2041.83054569759,43.2210859000111,22.6,22.2501372581061,Africa,0.677739803672945,5.24,139.73,98.71,67.44,34932.0,52398.0,43.32,0.52,837.9,0.06,23,12.12,386,85.73,7.0,10.42
Algeria,1997,28845.0,16.6338475232393,12.2790346973221,1974.6050820801,42.4544107042419,22.6,22.3366854661036,Africa,0.67404502590543,5.19,138.46,98.63,67.41,34614.0,51921.0,43.38,0.43,778.8,-0.14,19,11.76,385,83.56,7.47,12.17
Algeria,1998,28580.0,16.6903188425269,12.5111374037468,1907.3796184626,41.6853004681962,22.6,21.9486326542076,Africa,0.670350248137916,5.14,137.18,98.55,67.37,34296.0,51444.0,43.44,0.31,794.8,-0.26,18,15.84,417,81.57,7.89,11.64
Algeria,1999,28315.0,16.7467901618145,12.7432401101715,1840.1541548451,40.9155352530609,22.6,21.8981714171557,Africa,0.666655470370402,5.1,135.91,98.47,67.34,33978.0,50967.0,43.49,0.39,741.5,-0.62,22,15.39,414,83.82,8.97,10.78
Algeria,2000,28050.0,16.8032614811021,12.9753428165963,1772.92869122761,40.1478760554308,22.6,21.9977163430596,Africa,0.662960692602887,5.05,134.64,98.39,67.3,33660.0,50490.0,43.55,0.34,813.0,0.06,19,17.62,425,80.28,9.11,12.77
Algeria,2001,28624.0,16.8600686892776,13.1972118283272,2086.91440760852,39.3822827211464,22.6,21.7179766475785,Africa,0.677193984230017,5.15,137.4,98.55,67.42,34348.8,51523.2,43.65,0.38,857.8,0.09,22,15.73,424,82.52,8.93,11.84
Algeria,2002,29198.0,16.9168758974531,13.4190808400581,2400.90012398943,38.6187341398838,22.6,21.7513008384274,Africa,0.691427275857146,5.26,140.15,98.71,67.55,35037.6,52556.4,43.74,0.51,667.2,-1.04,23,15.42,422,82.78,8.72,9.64
Algeria,2003,29772.0,16.9736831056286,13.640949851789,2714.88584037034,37.8572092013188,22.6,21.7220322071801,Africa,0.705660567484276,5.36,142.91,98.87,67.67,35726.4,53589.6,43.84,0.4,820.4,-0.49,19,13.74,399,83.09,10.84,8.96
Algeria,2004,30346.0,17.0304903138042,13.8628188635199,3028.87155675125,37.0976867951275,22.6,21.3404746306714,Africa,0.719893859111406,5.46,145.66,99.11,67.83,36415.2,54622.8,43.93,0.49,871.0,-0.78,22,14.62,429,82.24,10.32,7.96
Algeria,2005,30920.0,17.0872975219797,14.0846878752509,3342.85727313216,36.3401458109856,22.6,19.6463997774669,Africa,0.734127150738536,5.57,148.42,99.27,67.95,37104.0,55656.0,44.02,0.63,763.1,-0.58,24,12.77,425,82.35,11.18,9.3
Algeria,2006,31494.0,17.1441047301552,14.3065568869818,3656.84298951307,35.5845651385691,22.6,17.9975867889728,Africa,0.748360442365665,5.67,151.17,99.44,68.08,37792.8,56689.2,44.12,0.62,852.3,-0.35,22,16.92,449,82.16,10.26,11.3
Algeria,2007,32068.0,17.2009119383308,14.5284258987127,3970.82870589398,34.8309236675539,22.6,16.3689084051965,Africa,0.762593733992795,5.77,153.93,99.6,68.2,38481.6,57722.4,44.21,0.73,1021.3,0.49,26,13.29,420,84.71,12.07,13.34
Algeria,2008,32642.0,17.2577191465063,14.7502949104436,4284.81442227489,34.098514128841,22.6,14.9273349778218,Africa,0.776827025619925,5.88,156.68,99.76,68.32,39170.4,58755.6,44.29,0.61,787.7,-0.42,23,15.51,436,83.35,10.84,11.1
Algeria,2009,33216.0,17.3145263546818,14.9721639221745,4598.8001386558,33.4902615440479,22.6,13.343935794271,Africa,0.791060317247055,5.98,159.44,99.84,68.4,39859.2,59788.8,44.38,0.55,827.5,0.05,25,14.71,472,83.03,12.09,11.98
Algeria,2010,33790.0,17.3713335628574,15.1940329339055,4912.78585503672,32.8764942132541,22.6,11.9994118836265,Africa,0.805293608874184,6.08,162.19,100.0,68.51,40548.0,60822.0,44.47,0.75,736.9,-1.02,28,15.57,444,79.72,12.94,12.64
Algeria,2011,29344.0,17.3782514123352,15.5157537092515,4867.24048948738,32.2655992492422,5.5,10.7719549776559,Africa,0.808484553309765,5.28,140.85,98.63,67.65,35212.8,52819.2,44.33,0.61,811.0,-0.11,27,15.3,465,83.16,14.6,8.99
Algeria,2012,24898.0,17.3851692618131,15.8374744845975,4821.69512393804,31.6578741446325,5.5,10.3544640269409,Africa,0.811675497745346,4.48,119.51,97.1,66.68,29877.6,44816.4,44.15,0.64,833.8,-0.56,24,13.53,441,83.08,14.11,10.55
Algeria,2013,20452.0,17.392087111291,16.1591952599435,4776.1497583887,31.0536163920723,5.5,9.92996887880182,Africa,0.814866442180927,3.68,98.17,95.17,65.47,24542.4,36813.6,43.92,0.55,813.1,-0.16,22,15.28,436,81.54,15.11,9.07
Algeria,2014,16006.0,17.3990049607689,16.4809160352895,4730.60439283936,30.4531234842385,5.5,9.34516649577231,Africa,0.818057386616507,2.88,76.83,92.83,63.98,19207.2,28810.8,43.6,0.68,716.5,-1.26,22,17.95,477,81.57,14.7,10.71
Algeria,2015,11560.0,17.4059228102468,16.8026368106356,4685.05902729002,29.8566929138388,5.5,8.85097701569207,Africa,0.821247986241997,2.08,55.49,89.69,62.0,13872.0,20808.0,43.15,0.8,815.1,-0.52,25,15.08,480,82.63,13.81,11.9
Algeria,2016,10982.0,17.3917833496778,17.1404216908187,4496.75561229059,29.2646221736149,5.5,8.53615172319933,Africa,0.821247986241997,1.98,52.71,89.2,61.69,13178.4,19767.6,43.15,0.77,915.7,-0.83,24,18.45,483,81.72,14.17,11.53
Algeria,2017,10404.0,17.3776438891089,17.4782065710018,4308.45219729117,28.6772087563449,5.5,10.161292398435,Africa,0.815789794104397,1.87,49.94,88.72,61.37,12484.8,18727.2,43.13,0.95,834.6,-0.72,28,18.29,461,81.01,16.02,9.73
Algeria,2018,9826.0,17.36350442854,17.8159914511849,4120.14878229174,28.094750154847,5.5,10.1104520348092,Africa,0.810331601966797,1.77,47.16,88.15,61.01,11791.2,17686.8,43.11,0.92,875.8,-0.35,29,18.1,460,80.38,14.96,12.47
Algeria,2019,9248.0,17.3493649679711,18.153776331368,3931.84536729232,27.5175438619825,5.5,10.0053795846248,Africa,0.814110692183026,1.66,44.39,87.59,60.65,11097.6,16646.4,43.08,0.96,779.9,-0.99,29,17.04,510,80.87,14.87,11.91
Algeria,2020,8670.0,17.3352255074022,18.4915612115512,3743.5419522929,26.9458873706605,5.5,10.4652281703881,Africa,0.818309303282474,1.56,41.62,86.95,60.24,10404.0,15606.0,43.04,0.93,859.0,-0.86,26,18.81,503,81.05,15.68,12.25
Angola,1990,510440.0,35.7126814791048,12.9901892997513,563.733795571487,62.121997817838,32.3,29.1149535475472,Africa,63.5780701050774,91.88,2450.11,46.25,50.61,612528.0,918792.0,47.96,0.4,761.1,-0.2,31,1.0,333,83.92,4.8,26.22
Angola,1991,510440.0,35.7126814791048,12.9901892997513,563.733795571487,60.7837294515624,32.3,29.1149535475472,Africa,63.4534073955242,91.88,2450.11,46.41,50.69,612528.0,918792.0,47.96,0.32,662.7,-0.74,34,1.0,331,84.92,4.33,24.4
Angola,1992,510440.0,35.7126814791048,12.9901892997513,563.733795571487,59.4794234164805,32.3,29.6941526593325,Africa,63.328744685971,91.88,2450.11,46.58,50.77,612528.0,918792.0,47.96,0.29,764.2,-0.5,31,1.0,313,82.89,6.35,23.48
Angola,1993,510440.0,35.7126814791048,12.9901892997513,563.733795571487,58.2159051276178,32.3,30.290948416266,Africa,63.2040819764177,91.88,2450.11,46.74,50.85,612528.0,918792.0,47.96,0.48,659.4,-0.84,31,1.0,330,86.03,6.07,26.68
Angola,1994,510440.0,35.7126814791048,12.9901892997513,563.733795571487,57.0,32.3,30.8580867076576,Africa,63.0794192668645,91.88,2450.11,46.9,50.93,612528.0,918792.0,47.96,0.33,688.1,0.15,37,1.0,312,86.3,6.26,26.75
Angola,1995,510440.0,35.7126814791048,12.9901892997513,563.733795571487,55.7889974603136,32.3,30.6251093571082,Africa,62.9547565573113,91.88,2450.11,47.06,51.01,612528.0,918792.0,47.96,0.44,753.9,-0.16,32,1.0,355,84.6,6.79,26.06
Angola,1996,510440.0,35.7126814791048,12.9901892997513,563.733795571487,54.5443994101322,32.3,30.5137223176577,Africa,62.8300938477581,91.88,2450.11,47.22,51.09,612528.0,918792.0,47.96,0.24,762.5,0.03,33,1.0,349,84.21,7.35,30.11
Angola,1997,510440.0,35.7126814791048,12.9901892997513,563.733795571487,53.2793499768119,32.3,30.3249703412161,Africa,62.7054311382049,91.88,2450.11,47.38,51.17,612528.0,918792.0,47.96,0.26,643.6,-0.6,31,1.0,359,86.67,7.74,24.99
Angola,1998,510440.0,35.7126814791048,12.9901892997513,563.733795571487,52.006993287709,32.3,30.1953449318878,Africa,62.5807684286516,91.88,2450.11,47.54,51.25,612528.0,918792.0,47.96,0.37,823.1,-0.17,31,1.0,371,84.66,6.97,26.59
Angola,1999,510440.0,35.7126814791048,12.9901892997513,563.733795571487,50.7404734701797,32.3,30.8091290083483,Africa,62.4561057190984,91.88,2450.11,47.7,51.33,612528.0,918792.0,47.96,0.41,784.5,-1.1,37,1.0,350,86.29,9.01,26.13
Angola,2000,510440.0,35.7126814791048,12.9901892997513,563.733795571487,49.4929346515803,32.3,30.909448197062,Africa,62.3314430095452,91.88,2450.11,47.86,51.41,612528.0,918792.0,47.96,0.39,682.4,-0.91,30,1.0,348,85.5,8.89,25.84
Angola,2001,510440.0,35.7389107243121,13.5596892596454,917.52413158105,48.2775209592671,32.3,30.7240619963713,Africa,61.8862188176787,91.88,2450.11,48.43,51.7,612528.0,918792.0,48.18,0.41,615.7,-1.09,33,1.0,361,84.88,8.5,23.82
Angola,2002,510440.0,35.7651399695195,14.1291892195395,1271.31446759061,47.1073765205962,32.3,30.5546167213027,Africa,61.4409946258121,91.88,2450.11,48.99,51.99,612528.0,918792.0,48.39,0.46,727.2,-1.17,35,1.0,385,86.2,9.87,25.45
Angola,2003,510440.0,35.7913692147268,14.6986891794336,1625.10480360017,45.9956454629239,32.3,30.6720416232394,Africa,60.9957704339456,91.88,2450.11,49.56,52.28,612528.0,918792.0,48.59,0.44,703.1,-1.02,34,1.0,346,85.54,8.62,27.96
Angola,2004,510440.0,35.8175984599342,15.2681891393277,1978.89513960974,44.9554719136064,32.3,30.8885175098535,Africa,60.5505462420791,91.88,2450.11,50.12,52.57,612528.0,918792.0,48.78,0.57,747.8,-1.22,36,1.0,373,87.29,10.8,27.26
Angola,2005,510440.0,35.8438277051415,15.8376890992219,2332.6854756193,44.0,32.3,33.0981090429296,Africa,60.1053220502126,91.88,2450.11,50.68,52.86,612528.0,918792.0,48.98,0.64,709.7,-0.82,41,1.0,388,84.61,10.78,27.83
Angola,2006,510440.0,35.8700569503488,16.407189059116,2686.47581162886,43.1060967337228,32.3,35.2128588308968,Africa,59.660097858346,91.88,2450.11,51.25,53.15,612528.0,918792.0,49.16,0.79,578.2,-1.13,39,1.0,384,83.89,9.27,24.95
Angola,2007,510440.0,35.8962861955562,16.9766890190101,3040.26614763843,42.2435367069867,32.3,37.2866199507599,Africa,59.2148736664795,91.88,2450.11,51.81,53.44,612528.0,918792.0,49.34,0.73,707.7,-0.56,36,1.0,399,85.46,13.01,28.07
Angola,2008,510440.0,35.9225154407636,17.5461889789042,3394.05648364799,41.4148254180386,32.3,39.4234292051575,Africa,58.769649474613,91.88,2450.11,52.38,53.73,612528.0,918792.0,49.52,0.55,714.3,-0.6,33,1.0,364,86.04,10.8,24.07
Angola,2009,510440.0,35.9487446859709,18.1156889387983,3747.84681965755,40.6224683651256,32.3,41.5791616457492,Africa,58.3244252827465,91.88,2450.11,52.94,54.02,612528.0,918792.0,49.69,0.69,789.4,-0.88,36,1.0,407,85.24,12.74,25.91
Angola,2010,510440.0,35.9749739311783,18.6851888986925,4101.63715566712,39.8689710464947,32.3,44.1037796279766,Africa,57.8792010908799,91.88,2450.11,53.51,54.31,612528.0,918792.0,49.86,0.6,682.9,-1.45,33,1.0,384,87.61,13.85,24.31
Angola,2011,510440.0,36.1256116146626,19.4653241357182,4009.65551237358,39.1568389603927,32.3,46.5113553051847,Africa,57.4339760968958,91.88,2450.11,54.07,54.64,612528.0,918792.0,50.09,0.57,873.0,-0.74,36,1.0,366,86.87,10.99,30.02
Angola,2012,510440.0,36.2762492981471,20.245459372744,3917.67386908004,38.4885776050668,32.3,48.5836106519644,Africa,56.9887511029117,91.88,2450.11,54.63,54.97,612528.0,918792.0,50.3,0.68,585.8,-1.64,37,1.0,396,84.75,13.63,26.93
Angola,2013,510440.0,36.4268869816315,21.0255946097697,3825.69222578651,37.8666924787639,32.3,50.6246014110795,Africa,56.5435261089276,91.88,2450.11,55.2,55.3,612528.0,918792.0,50.52,0.75,843.6,-0.72,36,1.0,392,85.42,14.52,28.63
Angola,2014,510440.0,36.5775246651159,21.8057298467955,3733.71058249297,37.276884206759,32.3,52.762891051375,Africa,56.0983011149435,91.88,2450.11,55.76,55.62,612528.0,918792.0,50.72,0.8,720.8,-0.95,38,1.0,405,83.14,15.07,27.67
Angola,2015,510440.0,36.7281623486003,22.5858650838213,3641.72893919944,36.48432167315,32.3,52.7002102229648,Africa,55.6530761209593,91.88,2450.11,56.33,55.95,612528.0,918792.0,50.92,0.73,807.5,-0.86,40,1.0,388,86.53,15.52,28.06
Angola,2016,510440.0,36.7401941124568,23.4350403465148,3265.25439119608,35.7007697482011,32.3,52.9213208559868,Africa,55.2078447100345,91.88,2450.11,56.89,56.23,612528.0,918792.0,51.13,0.84,745.1,-0.75,40,1.0,413,84.45,15.61,24.96
Angola,2017,510440.0,36.7522258763134,24.2842156092083,2888.77984319272,34.9149474913932,32.3,53.0089425135627,Africa,54.7626293414615,91.88,2450.11,57.45,56.52,612528.0,918792.0,51.34,0.95,829.9,-0.73,39,1.0,410,85.5,14.92,26.97
Angola,2018,510440.0,36.76425764017,25.1333908719018,2512.30529518936,34.1267863276628,32.3,53.3091413100302,Africa,54.3174059517125,91.88,2450.11,58.02,56.81,612528.0,918792.0,51.54,1.04,707.8,-1.14,40,1.0,452,84.95,15.88,24.98
Angola,2019,510440.0,36.7762894040266,25.9825661345953,2135.830747186,33.3362176819467,32.3,53.423323354571,Africa,53.8721745407877,91.88,2450.11,58.66,57.13,612528.0,918792.0,51.74,0.94,650.9,-0.91,40,1.0,428,83.47,17.45,26.26
Angola,2020,510440.0,36.7883211678832,26.8317413972888,1759.35619918264,32.5431729791813,32.3,55.5597336500376,Africa,53.4269511510388,91.88,2450.11,59.23,57.42,612528.0,918792.0,51.93,0.96,852.4,-0.95,41,1.0,432,86.25,17.17,27.29
Argentina,1990,285800.0,46.6128790619325,11.9691674979629,4315.33403111588,13.0802672883281,30.3,14.3162465183989,South America,12.8637149256949,51.44,1371.84,88.24,74.13,342960.0,514440.0,36.69,0.16,1756.6,-0.15,28,1.0,450,81.53,4.61,28.83
Argentina,1991,295500.0,46.6474098272,12.1320680457048,4647.50211720792,12.7849723294303,30.3,14.3162465183989,South America,12.79699198667,53.19,1418.4,88.48,74.3,354600.0,531900.0,36.81,0.22,1782.3,-0.24,27,1.0,476,82.17,6.43,28.21
Argentina,1992,305200.0,46.6819405924675,12.2949685934468,4979.67020329996,12.5184126224381,30.3,13.8320886226171,South America,12.7302690476451,54.94,1464.96,88.8,74.52,366240.0,549360.0,36.92,0.44,1862.2,-0.24,32,1.0,468,83.8,7.09,28.46
Argentina,1993,314900.0,46.716471357735,12.4578691411888,5311.838289392,12.2692286474905,30.3,13.3524493799144,South America,12.6635461086203,56.68,1511.52,89.12,74.73,377880.0,566820.0,37.03,0.52,1679.7,-0.55,30,1.0,487,81.61,5.73,32.25
Argentina,1994,324600.0,46.7510021230026,12.6207696889308,5644.00637548403,12.035417349719,30.3,12.9070258587793,South America,12.5968231695954,58.43,1558.08,89.36,74.89,389520.0,584280.0,37.14,0.42,1808.7,-0.04,27,1.0,484,84.55,6.85,30.45
Argentina,1995,334300.0,46.7855328882701,12.7836702366728,5976.17446157608,11.8146322488177,30.3,12.746232878317,South America,12.5301002305705,60.17,1604.64,89.69,75.11,401160.0,601740.0,37.24,0.5,1712.7,-0.97,31,1.0,465,81.57,7.07,28.6
Argentina,1996,344000.0,46.8200636535376,12.9465707844147,6308.34254766812,11.6045268644806,30.3,12.3705229477794,South America,12.4633772915456,61.92,1651.2,89.93,75.27,412800.0,619200.0,37.35,0.43,1748.1,-0.57,28,1.0,486,81.34,8.47,31.16
Argentina,1997,353700.0,46.8545944188052,13.1094713321567,6640.51063376015,11.4027547164017,30.3,11.9772229771056,South America,12.3966543525207,63.67,1697.76,90.17,75.44,424440.0,636660.0,37.45,0.32,1763.3,-0.29,31,1.0,490,82.79,7.83,32.8
Argentina,1998,363400.0,46.8891251840727,13.2723718798987,6972.6787198522,11.206969324275,30.3,11.6764564167733,South America,12.3299314134959,65.41,1744.32,90.41,75.61,436080.0,654120.0,37.55,0.38,1636.4,-0.93,29,1.0,496,84.69,8.08,31.23
Argentina,1999,373100.0,46.9236559493402,13.4352724276407,7304.84680594424,11.0148242077947,30.3,11.579041293433,South America,12.263208474471,67.16,1790.88,90.73,75.81,447720.0,671580.0,37.65,0.47,1692.9,-0.56,28,1.0,491,82.71,9.89,28.71
Argentina,2000,382800.0,46.9581867146078,13.5981729753827,7637.01489203628,10.8239728866546,30.3,11.447522243412,South America,12.1964855354461,68.9,1837.44,90.98,75.98,459360.0,689040.0,37.75,0.37,1862.1,0.0,28,1.0,469,83.89,8.48,31.29
Argentina,2001,372130.0,46.8762592767175,13.7470648849522,7899.32653391519,10.6317048710628,30.3,11.4069780795884,South America,12.0808714176615,66.98,1786.22,90.89,75.87,446556.0,669834.0,37.76,0.55,1826.2,0.2,35,1.0,492,81.12,10.01,29.91
Argentina,2002,361460.0,46.7943318388272,13.8959567945218,8161.6381757941,10.4383298079487,30.3,11.6131248822935,South America,11.9652572998769,65.06,1735.01,90.81,75.77,433752.0,650628.0,37.77,0.28,1751.6,-0.84,28,1.0,497,82.31,9.7,31.89
Argentina,2003,350790.0,46.7124044009369,14.0448487040914,8423.94981767301,10.247531743436,30.3,11.2514443498271,South America,11.8496431820922,63.14,1683.79,90.65,75.63,420948.0,631422.0,37.77,0.62,1777.4,-0.61,32,1.0,500,82.41,11.58,30.52
Argentina,2004,340120.0,46.6304769630466,14.193740613661,8686.26145955192,10.0602791205788,30.3,10.737349351103,South America,11.7340290643076,61.22,1632.58,90.57,75.52,408144.0,612216.0,37.78,0.63,1735.6,-0.99,33,1.0,520,81.28,10.63,31.57
Argentina,2005,329450.0,46.5485495251563,14.3426325232306,8948.57310143084,9.8766262263928,30.3,10.2704748548924,South America,11.618414946523,59.3,1581.36,90.49,75.42,395340.0,593010.0,37.78,0.65,1869.0,-0.11,32,1.0,497,80.9,11.57,27.56
Argentina,2006,318780.0,46.466622087266,14.4915244328002,9210.88474330975,9.6966273478936,30.3,9.82702638961128,South America,11.5028008287384,57.38,1530.14,90.33,75.27,382536.0,573804.0,37.78,0.71,1745.7,-1.23,33,1.0,512,82.54,10.05,31.03
Argentina,2007,308110.0,46.3846946493757,14.6404163423698,9473.19638518866,9.5203367720969,30.3,9.44548870469177,South America,11.3871867109537,55.46,1478.93,90.25,75.16,369732.0,554598.0,37.78,0.54,1781.6,-0.39,29,1.0,512,84.75,12.38,30.23
Argentina,2008,297440.0,46.3027672114854,14.7893082519394,9735.50802706757,9.34780878601831,30.3,9.16991179618588,South America,11.2715725931691,53.54,1427.71,90.09,75.01,356928.0,535392.0,37.77,0.67,1856.0,-0.54,35,1.0,527,83.14,12.66,28.86
Argentina,2009,286770.0,46.2208397735951,14.938200161509,9997.81966894648,9.17909767667351,30.3,9.0443412609605,South America,11.1559584753845,51.62,1376.5,89.93,74.86,344124.0,516186.0,37.76,0.69,1703.4,-1.09,31,1.0,547,82.08,13.28,30.64
Argentina,2010,276100.0,46.1389123357048,15.0870920710786,10260.1313108254,9.00699480590229,30.3,8.71079172416965,South America,11.0403443575999,49.7,1325.28,89.85,74.75,331320.0,496980.0,37.75,0.75,1891.6,-0.73,33,1.0,533,80.47,14.68,29.76
Argentina,2011,259260.0,45.7359170823147,15.2470165053404,10944.0303482794,8.89277132615941,30.3,8.53394251407143,South America,10.9587128976976,46.67,1244.45,89.44,74.34,311112.0,466668.0,37.71,0.58,1646.5,-1.12,32,1.0,536,82.57,14.6,29.89
Argentina,2012,242420.0,45.3329218289247,15.4069409396022,11627.9293857334,8.79587827532031,30.3,8.38820617782708,South America,10.8770814377953,43.64,1163.62,89.04,73.94,290904.0,436356.0,37.65,0.57,1901.3,0.21,30,1.0,515,82.59,14.92,27.69
Argentina,2013,225580.0,44.9299265755346,15.566865373864,12311.8284231874,8.6985492280527,30.3,8.22769610090529,South America,10.795449977893,40.6,1082.78,88.64,73.52,270696.0,406044.0,37.59,0.63,1743.1,-0.7,28,1.0,511,83.68,14.5,29.6
Argentina,2014,208740.0,44.5269313221446,15.7267898081258,12995.7274606414,8.60246545270461,30.3,8.17466957589193,South America,10.7138185179907,37.57,1001.95,88.15,73.06,250488.0,375732.0,37.51,0.8,1755.5,-0.6,34,1.0,542,83.01,17.28,25.24
Argentina,2015,191900.0,44.1239360687546,15.8867142423877,13679.6264980954,8.50769808913719,30.3,7.97810861263688,South America,10.6321870580884,34.54,921.12,87.59,72.55,230280.0,345420.0,37.43,0.82,1625.8,-0.74,30,1.0,538,84.18,14.58,28.18
Argentina,2016,192580.0,43.8992460527133,16.0120446963302,12650.821074485,8.4143182771783,30.3,7.93976871110963,South America,10.6003968297469,34.66,924.38,87.67,72.53,231096.0,346644.0,37.47,0.82,1740.5,-0.78,31,1.0,552,84.4,15.32,28.37
Argentina,2017,193260.0,43.674556036672,16.1373751502727,11622.0156508747,8.3223971566176,25.7,7.76779997823827,South America,10.5598368832422,34.79,927.65,87.75,72.51,231912.0,347868.0,37.52,0.97,1693.6,-1.3,32,1.0,539,83.45,15.89,31.67
Argentina,2018,193940.0,43.4498660206307,16.2627056042153,10593.2102272644,8.2320058672002,32.0,7.72421488276846,South America,10.5203731515078,34.91,930.91,87.75,72.44,232728.0,349092.0,37.56,0.97,1728.1,-0.88,34,1.0,573,83.52,16.88,27.64
Argentina,2019,194620.0,43.2251760045894,16.3880360581578,9564.40480365419,8.14321554861981,35.5,7.61304714991947,South America,10.4801786099266,35.03,934.18,87.83,72.42,233544.0,350316.0,37.6,1.06,1765.7,-1.13,37,1.0,537,83.68,16.99,31.23
Argentina,2020,195300.0,43.0004859885482,16.5133665121004,8535.59938004389,8.05609734051031,42.0,7.76680961200243,South America,10.4407148781923,35.15,937.44,87.91,72.4,234360.0,351540.0,37.65,0.92,1853.2,-0.71,31,1.0,556,81.61,16.58,30.19
Australia,1990,645280.0,60.4554625567864,2.22135662496908,18273.561526468,14.6048073523664,23.1,5.9457571943613,Oceania,17.4273589940513,116.15,3097.34,89.04,79.72,774336.0,1161504.0,28.07,0.2,439.2,-0.82,32,1.0,218,80.2,7.38,40.8
Australia,1991,647441.0,60.3387266834151,2.24691764185204,18637.105054019,14.5999992537973,23.1,5.9457571943613,Oceania,17.4004386707106,116.54,3107.72,89.04,79.69,776929.2,1165393.8,28.11,0.27,446.9,-0.12,37,1.0,244,81.4,8.6,41.03
Australia,1992,649602.0,60.2219908100438,2.27247865873501,19000.64858157,14.6092402529067,23.1,5.6290163580613,Oceania,17.3735183473699,116.93,3118.09,89.12,79.7,779522.4,1169283.6,28.15,0.24,334.4,-0.86,33,1.0,227,79.47,8.15,38.78
Australia,1993,651763.0,60.1052549366726,2.29803967561797,19364.1921091211,14.6339236629895,23.1,5.69769604575725,Oceania,17.3465980240293,117.32,3128.46,89.2,79.71,782115.6,1173173.4,28.19,0.42,351.3,-0.78,35,1.0,226,78.48,7.54,39.71
Australia,1994,653924.0,59.9885190633013,2.32360069250094,19727.7356366721,14.6699272339141,23.1,5.46124333662914,Oceania,17.3196777006886,117.71,3138.84,89.2,79.68,784708.8,1177063.2,28.23,0.43,565.4,-0.44,40,1.0,239,79.44,8.9,41.3
Australia,1995,656085.0,59.8717831899301,2.3491617093839,20091.2791642231,14.7131289496991,23.1,5.32130481995295,Oceania,17.2927573773479,118.1,3149.21,89.28,79.69,787302.0,1180953.0,28.27,0.4,362.5,-0.65,38,1.0,229,78.96,8.76,40.15
Australia,1996,658246.0,59.7550473165588,2.37472272626687,20454.8226917742,14.7594067943628,23.1,5.3968590393764,Oceania,17.2658370540073,118.48,3159.58,89.28,79.66,789895.2,1184842.8,28.3,0.36,553.5,-0.34,37,1.0,244,79.54,8.73,42.51
Australia,1997,660407.0,59.6383114431875,2.40028374314983,20818.3662193252,14.8046387519238,23.1,5.46969899434377,Oceania,17.2389167306666,118.87,3169.95,89.36,79.67,792488.4,1188732.6,28.34,0.24,401.3,-0.56,33,1.0,246,79.17,10.31,42.0
Australia,1998,662568.0,59.5215755698163,2.4258447600328,21181.9097468763,14.8447028064004,23.1,5.40271661010211,Oceania,17.2119964073259,119.26,3180.33,89.44,79.68,795081.6,1192622.4,28.38,0.3,420.7,-0.24,33,1.0,295,76.99,9.99,41.22
Australia,1999,664729.0,59.404839696445,2.45140577691576,21545.4532744273,14.8754769418111,23.1,5.49480203227166,Oceania,17.1850760839853,119.65,3190.7,89.44,79.65,797674.8,1196512.2,28.42,0.3,505.9,0.02,36,1.0,248,79.71,10.89,41.95
Australia,2000,666890.0,59.2881038230738,2.47696679379873,21908.9968019784,14.8928391421743,23.1,5.41192734730466,Oceania,17.1581557606446,120.04,3201.07,89.52,79.65,800268.0,1200402.0,28.46,0.29,521.7,-0.17,37,1.0,257,82.3,11.92,41.38
Australia,2001,644393.0,58.2585033128099,2.51605597282063,24949.4865121926,14.8518905835274,23.1,5.29698331202302,Oceania,17.1286333519909,115.99,3093.09,89.28,79.18,773271.6,1159907.4,28.48,0.39,413.8,-1.13,38,1.0,265,78.28,12.68,39.89
Australia,2002,621896.0,57.228902802546,2.55514515184254,27989.9762224069,14.7157897216536,23.1,4.88606352351415,Oceania,17.0991109433373,111.94,2985.1,89.12,78.75,746275.2,1119412.8,28.49,0.5,394.3,0.15,36,1.0,270,81.46,14.22,37.58
Australia,2003,599399.0,56.1993022922822,2.59423433086445,31030.4659326212,14.5902922181332,23.1,4.36806611402941,Oceania,17.0695885346836,107.89,2877.12,88.88,78.27,719278.8,1078918.2,28.51,0.69,423.6,-0.28,38,1.0,285,80.88,12.72,41.97
Australia,2004,576902.0,55.1697017820184,2.63332350988636,34070.9556428355,14.481232390588,23.1,4.1740689771512,Oceania,17.04006612603,103.84,2769.13,88.64,77.79,692282.4,1038423.6,28.52,0.62,457.8,-0.42,38,1.0,302,79.55,14.77,38.8
Australia,2005,554405.0,54.1401012717545,2.67241268890827,37111.4453530498,14.3809128778042,23.1,3.99927741536046,Oceania,17.0105437173763,99.79,2661.14,88.48,77.35,665286.0,997929.0,28.53,0.67,504.8,-0.75,42,1.0,264,79.3,16.58,37.43
Australia,2006,531908.0,53.1105007614907,2.71150186793017,40151.9350632641,14.2507455736477,23.1,3.81307078365328,Oceania,16.9810213087226,95.74,2553.16,88.24,76.87,638289.6,957434.4,28.53,0.67,436.5,-0.78,37,1.0,286,81.49,15.26,34.38
Australia,2007,509411.0,52.0809002512268,2.75059104695208,43192.4247734784,14.1031480425031,23.1,3.71192683817639,Oceania,16.951498900069,91.69,2445.17,87.91,76.34,611293.2,916939.8,28.54,0.53,488.4,-0.63,37,1.0,281,81.86,17.3,39.99
Australia,2008,486914.0,51.051299740963,2.78968022597399,46232.9144836927,13.9746183032334,23.1,3.60402643151623,Oceania,16.9219764914153,87.64,2337.19,87.67,75.86,584296.8,876445.2,28.54,0.67,572.6,0.09,37,1.0,292,79.88,18.44,32.96
Australia,2009,464417.0,50.0216992306991,2.8287694049959,49273.404193907,13.8721860898182,23.1,3.52855953993086,Oceania,16.8924540827617,83.6,2229.2,87.35,75.33,557300.4,835950.6,28.54,0.65,474.8,-0.53,34,1.0,307,83.06,18.23,33.7
Australia,2010,441920.0,48.9920987204353,2.86785858401781,52313.8939041213,13.7801399487857,23.1,3.52628341594719,Oceania,16.862931674108,79.55,2121.22,87.11,74.84,530304.0,795456.0,28.53,0.81,471.9,-0.98,34,1.0,318,81.61,19.41,32.99
Australia,2011,443028.0,48.2565637894901,2.91430938651185,53245.1873838589,13.6731053853577,23.1,3.08249791970705,Oceania,16.9553102586465,79.75,2126.53,87.03,74.58,531633.6,797450.4,28.59,0.59,325.3,-1.2,35,1.0,310,82.98,19.52,29.7
Australia,2012,444136.0,47.5210288585449,2.96076018900589,54176.4808635965,13.5548740863375,23.1,3.06391361624626,Oceania,17.047688843185,79.94,2131.85,86.95,74.32,532963.2,799444.8,28.65,0.64,236.2,-1.05,32,1.0,305,83.41,21.21,32.86
Australia,2013,445244.0,46.7854939275998,3.00721099149994,55107.7743433341,13.4259484239757,23.1,2.86527758750488,Oceania,17.1400674277235,80.14,2137.17,86.87,74.06,534292.8,801439.2,28.7,0.65,477.6,-0.11,33,1.0,320,83.83,19.51,32.22
Australia,2014,446352.0,46.0499589966546,3.05366179399398,56039.0678230717,13.2778710656644,23.1,2.79831970596916,Oceania,17.232446012262,80.34,2142.49,86.78,73.8,535622.4,803433.6,28.76,0.61,438.9,-0.23,32,1.0,295,81.75,21.41,28.98
Australia,2015,447460.0,45.3144240657095,3.10011259648803,56970.3613028094,13.1221357460639,23.1,2.63650803423428,Oceania,17.3248245968004,80.54,2147.81,86.7,73.54,536952.0,805428.0,28.81,0.86,405.1,-0.78,41,1.0,300,85.54,21.97,32.15
Australia,2016,447460.0,45.3144240657095,3.10011259648803,56970.3613028094,12.9833704750765,23.1,2.61998324165225,Oceania,17.4254877132405,80.54,2147.81,86.54,73.46,536952.0,805428.0,28.81,0.9,465.8,-0.91,37,1.0,317,82.02,23.65,28.75
Australia,2017,447460.0,45.3144240657095,3.10011259648803,56970.3613028094,12.87190733555,23.1,2.59605335120917,Oceania,17.4229136169693,80.54,2147.81,86.54,73.46,536952.0,805428.0,28.81,0.97,441.5,-1.94,43,1.0,336,84.19,22.06,30.05
Australia,2018,447460.0,45.3144240657095,3.10011259648803,56970.3613028094,12.7732319154075,23.1,2.61685053200616,Oceania,17.4213145571644,80.54,2147.81,86.54,73.46,536952.0,805428.0,28.81,0.87,536.5,-0.49,39,1.0,317,82.52,24.72,29.13
Australia,2019,447460.0,45.3144240657095,3.10011259648803,56970.3613028094,12.6980352111594,23.1,2.55829744516573,Oceania,17.4213145571644,80.54,2147.81,86.54,73.46,536952.0,805428.0,28.81,1.07,453.2,-1.01,44,1.0,322,83.18,24.66,31.91
Australia,2020,447460.0,45.3144240657095,3.10011259648803,56970.3613028094,12.7286529541015,23.1,2.7659977760499,Oceania,17.4213145571644,80.54,2147.81,86.54,73.46,536952.0,805428.0,28.81,0.84,386.6,-1.01,39,1.0,299,82.97,25.28,31.69
Austria,1990,5460.0,36.6444498303442,93.0422927775085,21596.068219998,35.889147884688,13.2,7.341819076292,Europe,45.7546049442559,0.98,26.21,30.06,37.0,6552.0,9828.0,33.38,0.45,778.6,-0.08,19,1.0,150,85.85,7.4,24.41
Austria,1991,5679.0,36.5430198739699,93.4466989820649,21885.1911448577,35.3990410854015,13.2,7.341819076292,Europe,45.8303078041687,1.02,27.26,30.22,37.1,6814.8,10222.2,33.5,0.65,681.9,-0.98,25,1.0,114,86.57,7.83,25.44
Austria,1992,5898.0,36.4415899175957,93.8511051866214,22174.3140697175,35.0500070653128,13.2,7.04320179962115,Europe,45.9060106640814,1.06,28.31,30.3,37.16,7077.6,10616.4,33.62,0.45,741.4,-0.05,21,1.0,80,84.6,7.96,25.43
Austria,1993,6117.0,36.3401599612215,94.2555113911779,22463.4369945772,34.719494048383,13.2,6.87126187079419,Europe,45.9817135239942,1.1,29.36,30.38,37.22,7340.4,11010.6,33.73,0.52,661.1,-0.36,24,1.0,127,84.31,9.47,27.85
Austria,1994,6336.0,36.2387300048473,94.6599175957343,22752.559919437,34.414526341994,13.2,6.67787235586439,Europe,46.0574163839069,1.14,30.41,30.46,37.27,7603.2,11404.8,33.84,0.59,647.3,-0.44,21,1.0,135,82.92,9.15,25.09
Austria,1995,6555.0,36.1373000484731,95.0643238002908,23041.6828442968,34.1370647403963,13.2,6.804719982329,Europe,46.1331192438197,1.18,31.46,30.54,37.32,7866.0,11799.0,33.95,0.53,705.9,-0.12,22,1.0,128,85.63,9.21,26.23
Austria,1996,6774.0,36.0358700920988,95.4687300048473,23330.8057691565,33.8890700378402,13.2,6.88553152328549,Europe,46.2088221037324,1.22,32.52,30.62,37.37,8128.8,12193.2,34.06,0.42,700.2,-0.15,23,1.0,121,85.24,10.0,25.98
Austria,1997,6993.0,35.9344401357246,95.8731362094037,23619.9286940163,33.6725030285764,13.2,6.37730201439815,Europe,46.2845249636452,1.26,33.57,30.62,37.38,8391.6,12587.4,34.16,0.52,737.5,-0.41,22,1.0,152,85.6,11.0,25.75
Austria,1998,7212.0,35.8330101793504,96.2775424139602,23909.051618876,33.4893245068554,13.2,6.00569793051428,Europe,46.3602278235579,1.3,34.62,30.7,37.43,8654.4,12981.6,34.26,0.42,677.6,-0.43,18,1.0,153,85.37,10.12,29.81
Austria,1999,7431.0,35.7315802229762,96.6819486185167,24198.1745437358,33.3414952669275,13.2,5.7603956755744,Europe,46.4359306834707,1.34,35.67,30.78,37.48,8917.2,13375.8,34.36,0.54,552.2,-0.9,21,1.0,153,86.43,10.79,24.97
Austria,2000,7650.0,35.630150266602,97.0863548230732,24487.2974685956,33.2309761030434,13.2,5.58664846743114,Europe,46.5116335433834,1.38,36.72,30.86,37.53,9180.0,13770.0,34.46,0.45,664.5,-0.45,20,1.0,137,84.93,13.05,25.83
Austria,2001,7398.0,35.4350460494425,97.5127217644207,26699.6816559383,33.1591838714282,13.2,5.36860127473515,Europe,46.5420019389239,1.33,35.51,30.7,37.35,8877.6,13316.4,34.4,0.7,762.6,-0.05,24,1.0,143,86.01,11.96,26.92
Austria,2002,7146.0,35.239941832283,97.9390887057683,28912.0658432811,33.1112542863542,13.2,5.31505201110399,Europe,46.5723703344644,1.29,34.3,30.54,37.16,8575.2,12862.8,34.33,0.57,675.4,-0.34,24,1.0,150,85.6,14.55,25.24
Austria,2003,6894.0,35.0448376151235,98.3654556471159,31124.4500306238,33.0736425044908,13.0,5.08424121002807,Europe,46.6027387300049,1.24,33.09,30.46,37.02,8272.8,12409.2,34.27,0.68,679.5,0.01,25,1.0,153,84.54,13.69,24.82
Austria,2004,6642.0,34.8497333979641,98.7918225884635,33336.8342179666,33.0441387127056,12.6,4.95024374261039,Europe,46.6331071255453,1.2,31.88,30.3,36.83,7970.4,11955.6,34.2,0.84,778.1,0.25,26,1.0,172,84.91,13.74,26.58
Austria,2005,6390.0,34.6546291808046,99.2181895298111,35549.2184053093,33.0202049345857,12.6,5.27458115399726,Europe,46.6634755210858,1.15,30.67,30.14,36.65,7668.0,11502.0,34.12,0.73,642.3,-0.75,22,1.0,160,86.89,16.63,27.37
Austria,2006,6138.0,34.4595249636451,99.6445564711586,37761.6025926521,32.9993031937186,12.0,5.2444799546813,Europe,46.6938439166263,1.1,29.46,29.98,36.46,7365.6,11048.4,34.05,0.87,575.8,-2.26,26,1.0,155,86.82,17.64,28.31
Austria,2007,5886.0,34.2644207464857,100.070923412506,39973.9867799949,32.9788955136916,15.2,5.52685273699683,Europe,46.7242123121667,1.06,28.25,29.81,36.26,7063.2,10594.8,33.96,0.96,686.4,-0.44,27,1.0,180,86.77,16.49,25.21
Austria,2008,5634.0,34.0693165293262,100.497290353853,42186.3709673376,32.9564439180922,14.5,5.45127496376168,Europe,46.7545807077072,1.01,27.04,29.65,36.06,6760.8,10141.2,33.88,0.71,660.6,-0.86,31,1.0,212,85.73,18.54,23.97
Austria,2009,5382.0,33.8742123121667,100.923657295201,44398.7551546804,32.9294104305076,14.7,5.56756801115264,Europe,46.7849491032477,0.97,25.83,29.49,35.87,6458.4,9687.6,33.78,0.83,622.1,-1.16,26,1.0,168,83.29,18.46,23.86
Austria,2010,5130.0,33.6791080950073,101.350024236549,46611.1393420232,32.8952570745253,14.5,5.42975286037806,Europe,46.8153174987882,0.92,24.62,29.25,35.63,6156.0,9234.0,33.68,0.81,685.4,-0.82,28,1.0,173,84.03,19.22,28.12
Austria,2011,5130.0,33.5318710615608,102.026938923897,46071.9570777899,32.8515744584944,14.4,4.93755491248696,Europe,46.8589190499273,0.92,24.62,29.25,35.58,6156.0,9234.0,33.72,0.84,738.7,-0.68,26,1.0,185,85.75,19.64,25.91
Austria,2012,5130.0,33.3846340281144,102.703853611245,45532.7748135567,32.7914090187721,14.4,4.67524532664432,Europe,46.9025206010664,0.92,24.62,29.25,35.54,6156.0,9234.0,33.76,0.69,698.6,-0.37,25,1.0,202,84.28,19.71,23.57
Austria,2013,5130.0,33.2373969946679,103.380768298594,44993.5925493234,32.7018691215753,14.1,4.57571152664977,Europe,46.9461221522055,0.92,24.62,29.25,35.5,6156.0,9234.0,33.79,0.71,723.9,-0.96,24,1.0,203,87.51,20.07,23.79
Austria,2014,5130.0,33.0901599612215,104.057682985942,44454.4102850902,32.5845672408219,13.9,4.83688756925379,Europe,46.9897237033446,0.92,24.62,29.17,35.41,6156.0,9234.0,33.83,0.92,844.5,-0.58,25,1.0,196,85.21,20.29,22.87
Austria,2015,5130.0,32.9429229277751,104.734597673291,43915.228020857,32.4423824462617,14.1,4.53100586483607,Europe,47.0333252544838,0.92,24.62,29.17,35.37,6156.0,9234.0,33.86,0.97,672.0,-0.77,26,1.0,195,85.88,20.13,24.88
Austria,2016,5130.0,32.6623007755695,105.399079011148,44875.4643946925,32.2781938076444,14.4,4.34816137863786,Europe,47.0769510421716,0.92,24.62,29.17,35.28,6156.0,9234.0,33.9,1.03,721.7,-0.56,26,1.0,236,88.37,20.55,25.87
Austria,2017,5130.0,32.381678623364,106.063560349006,45835.7007685281,32.0948803947198,14.3,3.92985296138965,Europe,47.1204556471159,0.92,24.62,29.09,35.16,6156.0,9234.0,33.93,1.1,658.6,-0.83,29,1.0,225,87.59,20.72,27.86
Austria,2018,5130.0,32.1010564711585,106.728041686863,46795.9371423637,31.8953212772377,13.3,3.69410892077711,Europe,47.1639602520601,0.92,24.62,29.09,35.07,6156.0,9234.0,33.97,1.06,631.7,-1.31,31,1.0,238,86.84,20.65,26.8
Austria,2019,5130.0,31.820434318953,107.392523024721,47756.1735161993,31.6823955249478,13.9,3.65613992670062,Europe,47.1037324285022,0.92,24.62,29.17,35.03,6156.0,9234.0,34.0,1.15,652.6,-1.37,31,1.0,226,86.76,22.61,24.57
Austria,2020,5130.0,31.5398121667475,108.057004362579,48716.4098900349,31.4589822075999,14.7,3.86383142689978,Europe,47.137905962191,0.92,24.62,29.09,34.91,6156.0,9234.0,34.04,1.15,661.1,-1.2,31,1.0,217,85.66,22.53,22.98
Azerbaijan,1990,950.0,57.3863567580655,97.434779976999,1238.27189274842,46.3039321899414,49.6,44.9207261022523,Asia,11.4548229328142,0.17,4.56,53.83,52.88,1140.0,1710.0,52.24,0.24,1228.6,-0.02,17,1.0,390,81.02,3.38,40.23
Azerbaijan,1991,4727.0,57.3863567580655,97.434779976999,1179.95442843156,46.7585334777832,49.6,44.9207261022523,Asia,11.4548229328142,0.85,22.69,66.4,61.21,5672.4,8508.6,56.27,0.52,1387.4,0.65,20,1.0,414,80.36,4.4,35.8
Azerbaijan,1992,8504.0,57.3863567580655,97.434779976999,1121.63696411471,47.0814514160156,49.6,48.01201256646,Asia,11.4548229328142,1.53,40.82,70.99,64.25,10204.8,15307.2,57.74,0.47,1141.7,-1.18,21,1.0,398,79.94,5.0,37.79
Azerbaijan,1993,12281.0,57.3863567580655,97.434779976999,1063.31949979786,47.3007965087891,49.6,45.3116043416892,Asia,11.5058701947919,2.21,58.95,73.89,66.17,14737.2,22105.8,58.67,0.37,1165.2,-0.48,19,1.0,368,80.87,5.36,40.67
Azerbaijan,1994,16058.0,57.3863567580655,97.434779976999,1005.00203548101,47.4988822937012,49.6,44.1226008659617,Asia,11.5569174567696,2.89,77.08,75.91,67.53,19269.6,28904.4,59.34,0.53,1193.0,-0.85,21,1.0,419,80.89,7.28,41.18
Azerbaijan,1995,19835.0,57.3863567580655,97.434779976999,946.684571164168,47.6883239746094,49.6,43.7211669849441,Asia,11.6079647187474,3.57,95.21,77.52,68.6,23802.0,35703.0,59.87,0.39,1229.3,-0.71,20,1.0,424,78.94,6.07,42.07
Azerbaijan,1996,23612.0,57.3863567580655,97.434779976999,888.367106847318,47.8783950805664,49.6,44.3773902180231,Asia,11.6590119807251,4.25,113.34,78.89,69.51,28334.4,42501.6,60.31,0.51,1218.3,-0.06,20,1.0,423,81.2,8.07,39.25
Azerbaijan,1997,27389.0,57.3863567580655,97.434779976999,830.049642530468,48.0729217529297,49.6,43.8591647777776,Asia,11.7100592427028,4.93,131.47,79.94,70.22,32866.8,49300.2,60.68,0.51,1299.4,0.09,19,1.0,388,80.0,6.68,42.1
Azerbaijan,1998,31166.0,57.3863567580655,97.434779976999,771.732178213617,48.5327949523926,49.6,42.9112553692415,Asia,11.7787994030713,5.61,149.6,80.9,70.87,37399.2,56098.8,61.01,0.33,1002.1,-0.79,20,1.0,418,80.2,8.04,38.77
Azerbaijan,1999,34943.0,57.3863567580655,97.434779976999,713.414713896767,49.001748848574,49.6,42.3139223789166,Asia,11.8852790036878,6.29,167.73,81.71,71.42,41931.6,62897.4,61.29,0.48,1004.9,-0.76,22,1.0,431,78.52,7.23,38.64
Azerbaijan,2000,38720.0,57.3863567580655,97.434779976999,655.097249579917,48.8679161071777,49.6,41.0095774443475,Asia,11.9510925488772,6.97,185.86,82.43,71.91,46464.0,69696.0,61.55,0.46,1155.7,-0.66,24,1.0,419,78.56,9.77,40.21
Azerbaijan,2001,43012.0,57.4147555383178,98.6455363966433,1173.94090145774,48.8415184020996,49.6,39.9542490900051,Asia,12.0060469226672,7.74,206.46,83.24,72.46,51614.4,77421.6,61.9,0.54,1282.6,-0.29,22,1.0,428,78.35,9.84,41.99
Azerbaijan,2002,47304.0,57.4431543185701,99.8562928162875,1692.78455333557,48.7855834960938,49.6,40.1851753217022,Asia,12.0588116391101,8.51,227.06,83.88,72.91,56764.8,85147.2,62.22,0.69,1069.1,-0.33,25,1.0,434,82.96,9.91,41.69
Azerbaijan,2003,51596.0,57.4715530988224,101.067049235931,2211.6282052134,48.2742004394531,49.6,38.2023923807663,Asia,12.1086289502976,9.29,247.66,84.53,73.35,61915.2,92872.8,62.52,0.59,953.2,-1.37,24,1.0,417,82.8,11.35,41.99
Azerbaijan,2004,55888.0,57.4999518790747,102.277805655576,2730.47185709123,47.7168006896973,49.6,39.5368921171508,Asia,12.1604630346429,10.06,268.26,85.09,73.74,67065.6,100598.4,62.81,0.61,1239.0,-0.14,23,1.0,440,78.03,10.93,41.09
Azerbaijan,2005,60180.0,57.528350659327,103.48856207522,3249.31550896905,47.4971466064453,49.6,39.3174470129369,Asia,12.21700096782,10.83,288.86,85.66,74.13,72216.0,108324.0,63.08,0.65,1212.3,-0.48,28,1.0,421,78.25,11.04,42.06
Azerbaijan,2006,64472.0,57.5567494395793,104.699318494864,3768.15916084688,47.3459854125977,49.6,39.5468870973488,Asia,12.2751890799521,11.6,309.47,86.14,74.46,77366.4,116049.6,63.34,0.69,1105.0,-1.42,28,1.0,438,79.45,10.06,40.31
Azerbaijan,2007,68764.0,57.5851482198315,105.910074914509,4287.00281272471,47.1718444824219,15.8,38.5491240620543,Asia,12.3311694441419,12.38,330.07,86.54,74.76,82516.8,123775.2,63.59,0.75,1112.9,-1.5,27,1.0,435,81.38,9.72,40.99
Azerbaijan,2008,73056.0,57.6135470000839,107.120831334153,4805.84646460254,46.936695098877,13.2,39.5932069811489,Asia,12.3862623597613,13.15,350.67,86.95,75.05,87667.2,131500.8,63.82,0.76,1113.7,-1.07,25,1.0,460,80.8,11.03,46.05
Azerbaijan,2009,77348.0,57.6419457803362,108.331587753797,5324.69011648037,46.8641874565426,10.9,38.1247907893081,Asia,12.441808477161,13.92,371.27,87.35,75.33,92817.6,139226.4,64.05,0.73,1199.6,-0.27,27,1.0,460,82.64,11.17,42.34
Azerbaijan,2010,81640.0,57.6703445605885,109.542344173442,5843.5337683582,46.7151632285131,9.1,38.2299818205873,Asia,12.4914658343012,14.7,391.87,87.75,75.6,97968.0,146952.0,64.27,0.75,1140.1,-0.56,28,1.0,462,79.67,12.34,40.73
Azerbaijan,2011,83260.0,57.6766262285368,110.980090695079,5774.92774394353,46.4914538106751,7.6,37.8827760060802,Asia,12.6009956689008,14.99,399.65,87.75,75.63,99912.0,149868.0,64.42,0.68,1229.5,-0.17,25,1.0,461,79.19,14.22,42.39
Azerbaijan,2012,84880.0,57.6829078964852,112.417837216717,5706.32171952886,46.1923557723792,6.0,37.6533372185107,Asia,12.7108265382661,15.28,407.42,87.83,75.7,101856.0,152784.0,64.56,0.8,961.4,-1.73,27,1.0,467,80.1,12.86,38.76
Azerbaijan,2013,86500.0,57.6891895644335,113.855583738355,5637.71569511419,45.8178912568682,6.0,37.1005480477893,Asia,12.8205035144388,15.57,415.2,87.83,75.72,103800.0,155700.0,64.71,0.7,1121.1,-0.34,26,1.0,494,79.82,13.72,40.31
Azerbaijan,2014,88120.0,57.6954712323819,115.293330259993,5569.10967069952,45.3680824073849,6.0,36.7534573432793,Asia,12.9297085757836,15.86,422.98,87.91,75.79,105744.0,158616.0,64.85,0.99,1099.3,-1.42,30,1.0,488,79.99,14.5,40.64
Azerbaijan,2015,89740.0,57.7017529003303,116.731076781631,5500.50364628486,44.8429513671724,6.0,36.3558524226085,Asia,13.0395340115892,16.15,430.75,87.91,75.82,107688.0,161532.0,64.99,0.89,1168.7,-0.75,27,1.0,457,80.15,14.9,39.7
Azerbaijan,2016,89740.0,57.7017529003303,116.731076781631,5500.50364628486,44.2425202794734,6.0,36.3368932341397,Asia,13.1544115156647,16.15,430.75,87.75,75.74,107688.0,161532.0,64.99,0.85,1146.2,-0.86,27,1.0,467,82.57,14.73,44.67
Azerbaijan,2017,89740.0,57.7017529003303,116.731076781631,5500.50364628486,43.5668112875309,6.0,36.3506388833822,Asia,13.2731460646972,16.15,430.75,87.67,75.7,107688.0,161532.0,64.99,0.89,1253.1,-0.59,29,1.0,475,80.17,16.54,42.08
Azerbaijan,2018,89740.0,57.7017529003303,116.731076781631,5500.50364628486,42.8158465345877,6.0,36.2613565467275,Asia,13.4139303602971,16.15,430.75,87.51,75.62,107688.0,161532.0,64.99,1.05,1040.5,-0.97,31,1.0,478,78.75,15.98,42.3
Azerbaijan,2019,89740.0,57.7017529003303,116.731076781631,5500.50364628486,41.8691808022221,6.0,35.9495205782749,Asia,13.5533670481767,16.15,430.75,87.35,75.54,107688.0,161532.0,64.99,1.01,1192.9,-1.04,31,1.0,473,79.68,16.48,40.92
Azerbaijan,2020,89740.0,57.7017529003303,116.731076781631,5500.50364628486,41.7065308238063,6.0,35.9329033223703,Asia,13.6941896764514,16.15,430.75,87.27,75.5,107688.0,161532.0,64.99,1.08,1233.9,-1.16,29,1.0,498,80.9,18.71,38.83
Bahrain,1990,0.0,14.4927536231884,746.082608695652,9342.53891401688,11.8524858328503,23.1,2.4266234270288,Other/Global,0.318840579710145,0.0,0.0,0.0,4.35,0.0,0.0,15.0,0.31,1048.5,0.25,20,25.33,305,78.17,7.29,45.87
Bahrain,1991,0.0,14.4378444580526,761.274629516227,9829.73339100862,11.5858317420942,23.1,2.4266234270288,Other/Global,0.340579710144928,0.0,0.0,0.0,4.33,0.0,0.0,15.0,0.33,861.5,-0.51,19,21.79,298,80.06,6.37,45.88
Bahrain,1992,0.0,14.3829352929169,776.466650336803,10316.9278680003,11.5622733779145,23.1,2.30901929334319,Other/Global,0.352112676056338,0.0,0.0,0.0,4.31,0.0,0.0,15.0,0.33,926.0,0.84,21,24.42,283,75.93,7.24,45.42
Bahrain,1993,0.0,14.3280261277811,791.658671157378,10804.1223449921,11.6036613775877,23.1,2.17892421450776,Other/Global,0.373239436619718,0.0,0.0,0.0,4.3,0.0,0.0,15.0,0.31,755.7,-0.53,24,22.03,279,77.43,6.52,49.7
Bahrain,1994,0.0,14.2731169626454,806.850691977954,11291.3168219838,11.6727468353425,23.1,2.09039146469552,Other/Global,0.394366197183099,0.0,0.0,0.0,4.28,0.0,0.0,15.0,0.41,708.6,-1.09,20,22.62,300,78.83,6.04,48.37
Bahrain,1995,0.0,14.2182077975097,822.042712798529,11778.5112989755,11.7605203375871,23.1,2.00265536983316,Other/Global,0.415492957746479,0.0,0.0,0.0,4.27,0.0,0.0,15.0,0.51,967.6,-0.5,21,23.73,326,78.93,8.71,46.07
Bahrain,1996,0.0,14.1632986323739,837.234733619105,12265.7057759673,11.8579724707296,23.1,1.92188607453277,Other/Global,0.436619718309859,0.0,0.0,0.0,4.25,0.0,0.0,15.0,0.43,899.6,-0.91,23,21.27,317,78.76,7.77,50.36
Bahrain,1997,0.0,14.1083894672382,852.426754439681,12752.900252959,11.956093821178,23.1,1.84720514860077,Other/Global,0.457746478873239,0.0,0.0,0.0,4.23,0.0,0.0,15.0,0.29,994.3,-0.23,19,19.62,322,82.47,9.52,51.12
Bahrain,1998,0.0,14.0534803021024,867.618775260256,13240.0947299508,12.0458749753405,23.1,1.76882993178221,Other/Global,0.47887323943662,0.0,0.0,0.0,4.22,0.0,0.0,15.0,0.38,790.1,-0.64,17,20.89,305,80.65,11.24,53.32
Bahrain,1999,0.0,13.9985711369667,882.810796080832,13727.2892069425,12.1183065196253,23.1,1.70228779885813,Other/Global,0.5,0.0,0.0,0.0,4.2,0.0,0.0,15.0,0.4,941.6,0.25,21,21.28,331,79.17,8.48,52.78
Bahrain,2000,0.0,13.943661971831,898.002816901408,14214.4836839343,12.1643790404403,23.1,1.63946796852956,Other/Global,0.52112676056338,0.0,0.0,0.0,4.18,0.0,0.0,15.0,0.32,1049.5,0.58,17,21.78,349,82.87,8.61,52.04
Bahrain,2001,0.0,13.7107130974825,969.428650696831,14974.9682265218,12.1602853849106,23.1,1.56760530602746,Other/Global,0.542253521126761,0.0,0.0,0.0,4.11,0.0,0.0,15.0,0.45,933.6,-0.18,19,19.09,332,80.51,10.19,57.69
Bahrain,2002,0.0,13.4777642231341,1040.85448449225,15735.4527691094,11.8572132404125,23.1,1.52277904328018,Other/Global,0.563380281690141,0.0,0.0,0.0,4.04,0.0,0.0,15.0,0.51,922.1,-0.43,21,19.25,303,80.6,12.07,58.83
Bahrain,2003,0.0,13.2448153487856,1112.28031828767,16495.9373116969,11.1674660305882,23.1,1.47274333523879,Other/Global,0.576388888888889,0.0,0.0,0.0,3.97,0.0,0.0,15.0,0.49,900.7,-0.31,19,20.35,347,80.0,12.91,64.97
Bahrain,2004,0.0,13.0118664744372,1183.7061520831,17256.4218542845,10.1430994020704,23.1,1.41180723693912,Other/Global,0.589041095890411,0.0,0.0,0.0,3.9,0.0,0.0,15.0,0.67,774.3,-1.11,24,20.8,341,80.36,13.06,69.3
Bahrain,2005,0.0,12.7789176000887,1255.13198587852,18016.9063968721,8.831834498579,23.1,1.35499245304235,Other/Global,0.601351351351351,0.0,0.0,0.0,3.83,0.0,0.0,15.0,0.74,1008.4,0.28,27,20.26,344,79.37,13.13,65.46
Bahrain,2006,0.0,12.5459687257403,1326.55781967394,18777.3909394596,7.2813924638339,23.1,1.29667569107727,Other/Global,0.621621621621622,0.0,0.0,0.0,3.76,0.0,0.0,15.0,0.81,851.1,-0.87,27,19.42,374,82.07,13.41,72.36
Bahrain,2007,0.0,12.3130198513918,1397.98365346937,19537.8754820472,5.53949444155499,23.1,1.23862774317124,Other/Global,0.633333333333333,0.0,0.0,0.0,3.69,0.0,0.0,15.0,0.81,940.4,-0.54,26,18.52,340,82.79,13.99,78.22
Bahrain,2008,0.0,12.0800709770434,1469.40948726479,20298.3600246347,3.6538615754624,23.1,1.18306639179617,Other/Global,0.644736842105263,0.0,0.0,0.0,3.62,0.0,0.0,15.0,0.6,775.0,-1.56,23,20.96,360,81.25,15.33,80.9
Bahrain,2009,0.0,11.8471221026949,1540.83532106021,21058.8445672223,1.6722150092757,23.1,1.14157265092454,Other/Global,0.664473684210526,0.0,0.0,0.0,3.55,0.0,0.0,15.0,0.61,805.6,-0.86,24,21.16,356,79.86,14.36,86.74
Bahrain,2010,0.0,11.6141732283465,1612.26115485564,21819.3291098099,0.0,23.1,1.0875672614817,Other/Global,0.68241469816273,0.0,0.0,0.0,3.48,0.0,0.0,15.0,0.7,1014.8,0.07,24,18.24,342,81.53,15.41,90.08
Bahrain,2011,0.0,11.430156063397,1642.07679020841,22202.2743107083,0.0,23.1,1.09038440193866,Other/Global,0.698826597131682,0.0,0.0,0.0,3.43,0.0,0.0,15.0,0.69,872.2,-0.96,24,18.23,355,82.85,14.89,90.81
Bahrain,2012,0.0,11.2461388984475,1671.89242556119,22585.2195116067,0.0,23.1,1.08573758053448,Other/Global,0.716883116883117,0.0,0.0,0.0,3.37,0.0,0.0,15.0,0.7,1016.3,-0.4,23,19.73,353,81.6,16.54,86.97
Bahrain,2013,0.0,11.062121733498,1701.70806091398,22968.1647125051,0.0,23.1,1.08211937243246,Other/Global,0.737662337662338,0.0,0.0,0.0,3.32,0.0,0.0,15.0,1.0,893.7,-0.58,29,18.63,360,81.03,16.7,91.4
Bahrain,2014,0.0,10.8781045685485,1731.52369626676,23351.1099134035,0.0,23.1,1.07817663941555,Other/Global,0.75745784695201,0.0,0.0,0.0,3.26,0.0,0.0,15.0,0.79,752.6,-1.57,27,18.96,359,79.42,19.19,94.38
Bahrain,2015,0.0,10.694087403599,1761.33933161954,23734.0551143019,0.0,23.1,1.07451685159139,Other/Global,0.77120822622108,0.0,0.0,0.0,3.21,0.0,0.0,15.0,0.9,971.4,-0.16,26,18.41,333,81.73,16.38,94.43
Bahrain,2016,0.0,10.6189641903951,1784.15528695168,23855.8129825358,0.0,23.1,1.04493207941484,Other/Global,0.79589216944801,0.0,0.0,0.0,3.19,0.0,0.0,15.0,0.96,852.8,-1.08,33,18.11,359,83.01,18.71,95.33
Bahrain,2017,0.0,10.5438409771912,1806.97124228382,23977.5708507698,0.0,23.1,1.02005540635245,Other/Global,0.82051282051282,0.0,0.0,0.0,3.16,0.0,0.0,15.0,1.0,955.9,-0.73,28,16.47,378,83.9,17.95,98.0
Bahrain,2018,0.0,10.4687177639873,1829.78719761596,24099.3287190038,0.0,23.1,0.993353468665851,Other/Global,0.848329048843188,0.0,0.0,0.0,3.14,0.0,0.0,15.0,0.96,902.0,-1.1,26,13.51,362,83.13,19.41,98.0
Bahrain,2019,0.0,10.3935945507834,1852.6031529481,24221.0865872378,0.0,23.1,0.963344658136244,Other/Global,0.871794871794872,0.0,0.0,0.0,3.12,0.0,0.0,15.0,1.06,776.6,-1.15,34,16.38,366,84.4,19.75,98.0
Bahrain,2020,0.0,10.3184713375796,1875.41910828025,24342.8444554718,0.0,23.1,0.952586068181199,Other/Global,0.89171974522293,0.0,0.0,0.0,3.1,0.0,0.0,15.0,0.93,913.1,0.04,27,16.82,377,85.39,19.32,97.59
Bangladesh,1990,18190.0,70.9917799800261,1169.25544288238,757.385280361508,80.1364911525946,49.6,69.9213188544107,Asia,14.7524775293847,3.27,87.31,74.13,70.88,21828.0,32742.0,80.89,0.28,1373.5,0.59,19,1.0,372,76.28,3.79,98.0
Bangladesh,1991,18190.0,70.9917799800261,1169.25544288238,757.385280361508,79.7333142130067,49.6,69.9213188544107,Asia,14.7524759929323,3.27,87.31,74.13,70.88,21828.0,32742.0,80.89,0.33,1237.3,-0.4,18,1.0,377,76.46,4.15,98.0
Bangladesh,1992,18190.0,70.9917799800261,1169.25544288238,757.385280361508,79.3516668578411,49.6,69.7101823077397,Asia,14.75247445648,3.27,87.31,74.13,70.88,21828.0,32742.0,80.89,0.43,1193.2,-0.03,21,1.0,391,76.07,5.46,98.0
Bangladesh,1993,18190.0,70.9917799800261,1169.25544288238,757.385280361508,78.997154732868,49.6,69.3954755143827,Asia,14.7524729200277,3.27,87.31,74.13,70.88,21828.0,32742.0,80.89,0.65,1283.8,-0.34,27,1.0,391,76.28,5.18,98.0
Bangladesh,1994,18190.0,70.9917799800261,1169.25544288238,757.385280361508,78.6616840898968,49.6,68.8756055871034,Asia,14.7524713835753,3.27,87.31,74.13,70.88,21828.0,32742.0,80.89,0.33,1214.7,0.2,20,1.0,386,78.16,5.95,97.99
Bangladesh,1995,18190.0,70.9917799800261,1169.25544288238,757.385280361508,78.338768449434,49.6,68.0180874441069,Asia,14.752469847123,3.27,87.31,74.13,70.88,21828.0,32742.0,80.89,0.52,1214.6,-0.13,21,1.0,400,75.76,5.52,98.0
Bangladesh,1996,18190.0,70.9917799800261,1169.25544288238,757.385280361508,78.0219213319862,49.6,66.9869681996093,Asia,14.7524690788968,3.27,87.31,74.13,70.88,21828.0,32742.0,80.89,0.32,1110.5,-1.44,18,1.0,388,76.99,7.3,98.0
Bangladesh,1997,18190.0,70.9917799800261,1169.25544288238,757.385280361508,77.7046562580599,49.6,67.299389087438,Asia,14.7524675424445,3.27,87.31,74.13,70.88,21828.0,32742.0,80.89,0.38,1216.5,-0.55,19,1.0,432,76.37,6.56,98.0
Bangladesh,1998,18190.0,70.9917799800261,1169.25544288238,757.385280361508,77.3804867481616,49.6,67.5157915878368,Asia,14.7524660059922,3.27,87.31,74.13,70.88,21828.0,32742.0,80.89,0.49,1280.7,0.16,23,1.0,425,76.93,7.32,98.0
Bangladesh,1999,18190.0,70.9917799800261,1169.25544288238,757.385280361508,77.042926322798,49.6,67.5690380756644,Asia,14.7524644695398,3.27,87.31,74.13,70.88,21828.0,32742.0,80.89,0.41,1130.9,-0.51,21,1.0,383,76.36,9.09,98.0
Bangladesh,2000,18190.0,70.9917799800261,1169.25544288238,757.385280361508,76.6854885024756,49.6,67.5956893034896,Asia,14.7524629330875,3.27,87.31,74.13,70.88,21828.0,32742.0,80.89,0.34,1311.8,-0.21,18,1.0,431,77.69,8.53,98.0
Bangladesh,2001,18190.0,70.9917799800261,1169.25544288238,757.385280361508,76.3000785231377,49.6,63.6637662866904,Asia,14.7278904509488,3.27,87.31,74.13,70.88,21828.0,32742.0,80.89,0.41,1190.5,-0.55,23,1.0,417,77.95,9.4,98.0
Bangladesh,2002,18190.0,70.9917799800261,1169.25544288238,757.385280361508,75.8867616452668,49.6,59.4219802137688,Asia,14.70331796881,3.27,87.31,74.13,70.88,21828.0,32742.0,80.89,0.59,1126.8,-1.29,22,1.0,417,77.15,8.41,98.0
Bangladesh,2003,18190.0,70.9917799800261,1169.25544288238,757.385280361508,75.4474442487375,49.6,54.813673700961,Asia,14.6787454866713,3.27,87.31,74.21,70.92,21828.0,32742.0,80.89,0.55,1277.6,-0.21,23,1.0,440,76.44,9.78,98.0
Bangladesh,2004,18190.0,70.9917799800261,1169.25544288238,757.385280361508,74.9905190113899,49.6,53.1750741116125,Asia,14.6541730045325,3.27,87.31,74.21,70.92,21828.0,32742.0,80.89,0.69,1174.9,0.03,25,1.0,431,77.65,10.28,98.0
Bangladesh,2005,18190.0,70.9917799800261,1169.25544288238,757.385280361508,74.5230459298491,49.6,51.359688830833,Asia,14.6296005223938,3.27,87.31,74.21,70.92,21828.0,32742.0,80.89,0.73,1258.6,-0.15,27,1.0,430,75.8,9.54,98.0
Bangladesh,2006,18190.0,70.9917799800261,1169.25544288238,757.385280361508,74.0520850007404,49.6,50.4857268527338,Asia,14.6050280402551,3.27,87.31,74.21,70.92,21828.0,32742.0,80.89,0.7,1174.5,0.01,26,1.0,420,77.22,10.74,98.0
Bangladesh,2007,18190.0,70.9917799800261,1169.25544288238,757.385280361508,73.584696220689,49.6,49.7149098023194,Asia,14.5804555581163,3.27,87.31,74.29,70.96,21828.0,32742.0,80.89,0.93,1193.0,-0.5,31,1.0,457,76.08,10.74,98.0
Bangladesh,2008,18190.0,70.9917799800261,1169.25544288238,757.385280361508,73.12793958632,49.6,48.9855434793339,Asia,14.5558830759776,3.27,87.31,74.29,70.96,21828.0,32742.0,80.89,0.79,1237.3,-0.2,27,1.0,462,76.96,11.67,98.0
Bangladesh,2009,18190.0,70.9917799800261,1169.25544288238,757.385280361508,72.6888750942588,49.6,48.327755652912,Asia,14.5313098256127,3.27,87.31,74.29,70.96,21828.0,32742.0,80.89,0.55,1221.1,0.22,21,1.0,453,75.55,10.78,98.0
Bangladesh,2010,18190.0,70.9917799800261,1169.25544288238,757.385280361508,72.2745627411304,49.6,47.5925482341612,Asia,14.5067373434739,3.27,87.31,74.29,70.96,21828.0,32742.0,80.89,0.7,1038.2,-0.99,26,1.0,436,78.12,11.37,98.0
Bangladesh,2011,18190.0,70.9917799800261,1169.25544288238,757.385280361508,71.8899837287573,49.6,46.7735957702428,Asia,14.4991441960513,3.27,87.31,74.38,71.0,21828.0,32742.0,80.89,0.62,1108.1,-0.86,23,1.0,462,75.19,11.48,98.0
Bangladesh,2012,18190.0,70.9917799800261,1169.25544288238,757.385280361508,71.5212027105424,49.6,45.9180677941619,Asia,14.4915510486287,3.27,87.31,74.38,71.0,21828.0,32742.0,80.89,0.75,1272.2,-0.05,24,1.0,470,76.55,12.05,98.0
Bangladesh,2013,18190.0,70.9917799800261,1169.25544288238,757.385280361508,71.1592963893237,49.6,45.0991832486723,Asia,14.4839579012061,3.27,87.31,74.38,71.0,21828.0,32742.0,80.89,0.66,1187.2,-0.13,26,1.0,464,74.93,12.85,98.0
Bangladesh,2014,18190.0,70.9917799800261,1169.25544288238,757.385280361508,70.8055557678987,49.6,44.4046216094801,Asia,14.4763647537835,3.27,87.31,74.38,71.0,21828.0,32742.0,80.89,0.77,1155.9,-0.91,25,1.0,481,78.1,14.14,98.0
Bangladesh,2015,18190.0,70.9917799800261,1169.25544288238,757.385280361508,70.4604900522108,49.6,43.542342342038,Asia,14.4687716063609,3.27,87.31,74.38,71.0,21828.0,32742.0,80.89,0.88,1089.1,-1.29,26,1.0,474,78.57,14.19,98.0
Bangladesh,2016,18190.0,70.9917799800261,1169.25544288238,757.385280361508,70.1246084482035,49.6,42.6647464152912,Asia,14.4687716063609,3.27,87.31,74.38,71.0,21828.0,32742.0,80.89,0.98,1111.4,-1.04,27,1.0,479,75.27,14.56,98.0
Bangladesh,2017,18190.0,70.9917799800261,1169.25544288238,757.385280361508,69.7984201618201,49.6,40.5973044110147,Asia,14.4687716063609,3.27,87.31,74.38,71.0,21828.0,32742.0,80.89,0.88,1036.1,-1.0,28,1.0,500,77.09,14.09,98.0
Bangladesh,2018,18190.0,70.9917799800261,1169.25544288238,757.385280361508,69.4824343990041,49.6,40.7657978851531,Asia,14.4687716063609,3.27,87.31,74.38,71.0,21828.0,32742.0,80.89,0.99,1189.7,-0.59,28,1.0,474,76.35,15.24,98.0
Bangladesh,2019,18190.0,70.9917799800261,1169.25544288238,757.385280361508,69.1771603656988,49.6,40.84013231722,Asia,14.4687716063609,3.27,87.31,74.38,71.0,21828.0,32742.0,80.89,0.99,1149.9,-1.39,30,1.0,462,77.32,16.64,98.0
Bangladesh,2020,18190.0,70.9917799800261,1169.25544288238,757.385280361508,68.8831072678476,49.6,42.5476764075219,Asia,14.4687716063609,3.27,87.31,74.38,71.0,21828.0,32742.0,80.89,0.97,1120.5,-0.47,26,1.0,486,78.59,16.25,98.0
Belarus,1990,5800.0,45.6105063890204,49.1974779144976,1706.64091882343,33.5730209350586,38.6,22.4241053499884,Other/Global,38.8246077426476,1.04,27.84,42.71,46.09,6960.0,10440.0,33.36,0.41,893.9,-0.54,20,1.0,195,83.51,5.4,30.04
Belarus,1991,5940.0,45.6105063890204,49.1974779144976,1663.60563035108,32.9937133789062,38.6,22.4241053499884,Other/Global,38.8246077426476,1.07,28.51,42.87,46.2,7128.0,10692.0,33.41,0.37,928.4,-0.28,23,1.0,186,82.13,4.73,27.05
Belarus,1992,6080.0,45.6105063890204,49.1974779144976,1620.57034187874,32.6791458129883,38.6,23.3916517700974,Other/Global,38.8246077426476,1.09,29.18,42.95,46.27,7296.0,10944.0,33.46,0.3,1066.7,0.04,19,1.0,220,82.22,5.12,29.8
Belarus,1993,6220.0,45.6105063890204,49.1974779144976,1577.5350534064,32.4820327758789,38.6,22.7638984369336,Other/Global,39.0744829761647,1.12,29.86,42.87,46.26,7464.0,11196.0,33.51,0.51,778.3,0.0,20,1.0,214,82.62,6.29,25.26
Belarus,1994,6360.0,45.6105063890204,49.1974779144976,1534.49976493405,32.2414016723633,38.6,22.2171377606525,Other/Global,39.3201825727777,1.14,30.53,42.79,46.25,7632.0,11448.0,33.56,0.62,992.0,-0.12,24,1.0,190,82.17,5.5,31.22
Belarus,1995,6500.0,45.6105063890204,49.1974779144976,1491.46447646171,31.9837265014648,38.6,22.5151400642777,Other/Global,39.5651359504703,1.17,31.2,42.79,46.28,7800.0,11700.0,33.6,0.52,977.1,-0.41,19,1.0,244,83.96,6.53,27.29
Belarus,1996,6640.0,45.6105063890204,49.1974779144976,1448.42918798937,31.7262573242188,38.6,22.0492576578846,Other/Global,39.8108984787088,1.2,31.87,42.71,46.27,7968.0,11952.0,33.65,0.29,836.9,-0.18,18,1.0,214,84.06,7.15,29.86
Belarus,1997,6780.0,45.6105063890204,49.1974779144976,1405.39389951702,31.3854064941406,32.1,21.0943633644896,Other/Global,40.0537329619679,1.22,32.54,42.63,46.25,8136.0,12204.0,33.69,0.35,915.4,0.0,21,1.0,219,84.56,7.06,32.85
Belarus,1998,6920.0,45.6105063890204,49.1974779144976,1362.35861104468,30.9765777587891,33.0,20.2715733523877,Other/Global,40.3019292113061,1.25,33.22,42.55,46.24,8304.0,12456.0,33.73,0.47,862.6,-0.56,19,1.0,246,82.54,7.07,30.02
Belarus,1999,7060.0,45.6105063890204,49.1974779144976,1319.32332257234,30.5192363214013,46.7,19.7279357503433,Other/Global,40.5437917519166,1.27,33.89,42.47,46.22,8472.0,12708.0,33.78,0.31,914.0,0.05,19,1.0,242,84.43,7.6,26.09
Belarus,2000,7200.0,45.6105063890204,49.1974779144976,1276.2880341,30.0827704565268,41.9,19.0047159850778,Other/Global,40.78423252879,1.3,34.56,42.39,46.21,8640.0,12960.0,33.82,0.43,1019.9,-0.19,23,1.0,255,85.07,7.39,30.14
Belarus,2001,6890.0,45.434824056,48.951826977687,1752.12711586721,29.6852798461914,28.9,18.3448719512563,Other/Global,40.9610340951667,1.24,33.07,42.06,45.94,8268.0,12402.0,33.7,0.5,947.6,-0.39,21,1.0,210,81.5,9.16,29.25
Belarus,2002,6580.0,45.2591417229796,48.7061760408764,2227.96619763443,29.1195297241211,30.5,17.6635487115189,Other/Global,41.1400736581061,1.18,31.58,41.66,45.62,7896.0,11844.0,33.58,0.43,939.9,-0.81,19,1.0,241,82.55,10.06,31.5
Belarus,2003,6270.0,45.0834593899592,48.4605251040658,2703.80527940164,28.6907577514648,27.1,16.8668263912989,Other/Global,41.3166950982616,1.13,30.1,41.34,45.35,7524.0,11286.0,33.46,0.57,864.8,-0.97,25,1.0,251,83.05,9.44,29.29
Belarus,2004,5960.0,44.9077770569388,48.2148741672553,3179.64436116886,28.2341461181641,17.8,15.9277284661475,Other/Global,41.49495845968,1.07,28.61,41.02,45.07,7152.0,10728.0,33.33,0.38,780.6,-0.16,18,1.0,272,84.21,12.49,31.63
Belarus,2005,5650.0,44.7320947239185,47.9692232304447,3655.48344293608,27.9689865112305,12.7,15.0506069901105,Other/Global,41.6672829371946,1.02,27.12,40.61,44.75,6780.0,10170.0,33.19,0.61,882.6,-0.05,22,1.0,244,84.88,10.14,30.15
Belarus,2006,5340.0,44.5564123908981,47.7235722936341,4131.32252470329,27.3886184692383,11.1,14.1864518215345,Other/Global,41.8286480305958,0.96,25.63,40.21,44.42,6408.0,9612.0,33.05,0.7,995.9,-0.22,23,1.0,255,81.23,10.61,30.91
Belarus,2007,5030.0,44.3807300578777,47.4779213568236,4607.16160647051,26.9086532592773,7.7,13.4175720967083,Other/Global,42.0052143656266,0.91,24.14,39.81,44.09,6036.0,9054.0,32.9,0.62,777.2,-0.41,22,1.0,265,82.55,12.27,28.85
Belarus,2008,4720.0,44.2050477248573,47.232270420013,5083.00068823772,26.4468307495117,6.1,12.6099540733395,Other/Global,42.1809543523474,0.85,22.66,39.4,43.75,5664.0,8496.0,32.74,0.84,815.0,-1.0,25,1.0,278,84.77,12.6,31.49
Belarus,2009,4410.0,44.0293653918369,46.9866194832024,5558.83977000494,25.8090353379429,5.4,12.2897384764064,Other/Global,42.3577363995702,0.79,21.17,39.0,43.41,5292.0,7938.0,32.58,0.57,909.6,-0.5,21,1.0,254,82.42,13.09,27.78
Belarus,2010,4100.0,43.8536830588166,46.7409685463919,6034.67885177216,25.4498596191406,5.2,11.6542020141626,Other/Global,42.5328483701491,0.74,19.68,38.52,43.03,4920.0,7380.0,32.4,0.62,820.7,-0.74,22,1.0,286,84.44,13.86,25.01
Belarus,2011,3980.0,43.531349722285,46.7150422749639,6021.15427153528,24.9402465820312,7.3,11.1834671138731,Other/Global,42.5346212606574,0.72,19.1,38.36,42.81,4776.0,7164.0,32.34,0.65,836.1,-0.77,24,1.0,268,84.26,12.64,26.29
Belarus,2012,3860.0,43.2090163857535,46.6891160035359,6007.6296912984,24.4718933105469,6.3,10.8306424885383,Other/Global,42.5403772320218,0.69,18.53,38.28,42.64,4632.0,6948.0,32.27,0.77,865.6,-0.8,25,1.0,286,84.58,14.06,28.53
Belarus,2013,3740.0,42.886683049222,46.6631897321079,5994.10511106152,24.05029296875,5.5,10.4990025276513,Other/Global,42.5419401896426,0.67,17.95,38.11,42.42,4488.0,6732.0,32.2,0.57,790.3,-0.48,20,1.0,281,84.68,13.02,28.63
Belarus,2014,3620.0,42.5643497126905,46.6372634606799,5980.58053082464,23.6594772338867,4.8,10.1937539545389,Other/Global,42.5317653086864,0.65,17.38,37.95,42.2,4344.0,6516.0,32.13,0.84,821.6,-0.89,28,1.0,292,83.3,15.37,28.21
Belarus,2015,3500.0,42.242016376159,46.611337189252,5967.05595058777,23.3736114501953,5.1,9.73828547459337,Other/Global,42.5341662643242,0.63,16.8,37.79,41.98,4200.0,6300.0,32.06,0.81,955.9,-0.25,30,1.0,294,83.57,15.69,30.14
Belarus,2016,3500.0,42.242016376159,46.611337189252,5967.05595058777,23.1541290283203,5.7,9.7382853989959,Other/Global,42.9069698701401,0.63,16.8,37.55,41.86,4200.0,6300.0,32.06,0.81,795.0,-0.69,26,1.0,314,83.47,16.11,28.08
Belarus,2017,3500.0,42.242016376159,46.611337189252,5967.05595058777,22.9791793823242,5.9,10.6964599733844,Other/Global,42.9784026641969,0.63,16.8,37.47,41.82,4200.0,6300.0,32.06,0.98,771.8,-1.09,26,1.0,295,84.16,15.61,28.36
Belarus,2018,3500.0,42.242016376159,46.611337189252,5967.05595058777,22.7867279052734,5.6,11.3147377559419,Other/Global,43.0515321706572,0.63,16.8,37.47,41.82,4200.0,6300.0,32.06,1.0,849.2,-1.26,29,1.0,297,81.33,16.86,29.66
Belarus,2019,3500.0,42.242016376159,46.611337189252,5967.05595058777,22.5449228147243,5.0,11.0571052693771,Other/Global,43.1261547557461,0.63,16.8,37.39,41.78,4200.0,6300.0,32.06,0.95,958.1,-0.97,26,1.0,321,84.47,16.55,24.35
Belarus,2020,3500.0,42.242016376159,46.611337189252,5967.05595058777,22.2109614209592,4.8,10.8923635023735,Other/Global,43.1944033894965,0.63,16.8,37.39,41.78,4200.0,6300.0,32.06,1.0,883.8,-0.81,29,1.0,330,85.96,17.9,29.15
Belgium,1990,1810.0,44.6938977351399,359.199090099891,44197.393671162,21.4445721009814,14.8,2.75909715579185,Europe,21.9991428477236,0.33,8.69,37.71,41.83,2172.0,3258.0,38.13,0.37,662.6,-0.47,20,1.0,108,83.51,10.88,47.42
Belgium,1991,1810.0,44.6938977351399,359.199090099891,44197.393671162,21.0796236586999,14.8,2.75909715579185,Europe,21.9991428477236,0.33,8.69,37.71,41.83,2172.0,3258.0,38.13,0.48,703.3,-0.35,19,1.0,128,83.13,11.25,46.23
Belgium,1992,1810.0,44.6938977351399,359.199090099891,44197.393671162,20.7185459822637,14.8,2.69597279832135,Europe,21.9991428477236,0.33,8.69,37.71,41.83,2172.0,3258.0,38.13,0.58,560.1,-0.94,25,1.0,108,83.36,12.23,45.42
Belgium,1993,1810.0,44.6938977351399,359.199090099891,44197.393671162,20.3614680368269,14.8,2.6443011195875,Europe,21.9991428477236,0.33,8.69,37.71,41.83,2172.0,3258.0,38.13,0.69,739.4,0.35,25,1.0,135,83.91,11.26,46.4
Belgium,1994,1810.0,44.6938977351399,359.199090099891,44197.393671162,20.0085187875436,14.8,2.88842796890359,Europe,21.9991428477236,0.33,8.69,37.71,41.83,2172.0,3258.0,38.13,0.48,730.5,-0.68,18,1.0,142,84.65,12.46,40.5
Belgium,1995,1810.0,44.6938977351399,359.199090099891,44197.393671162,19.6598271995679,14.8,2.67860406588624,Europe,21.9991428477236,0.33,8.69,37.71,41.83,2172.0,3258.0,38.13,0.74,667.0,-1.3,25,1.0,127,83.2,12.99,44.53
Belgium,1996,1810.0,44.6938977351399,359.199090099891,44197.393671162,19.3155222380539,14.8,2.74108076763714,Europe,21.9991428477236,0.33,8.69,37.71,41.83,2172.0,3258.0,38.13,0.39,780.3,0.06,18,1.0,151,83.08,12.34,42.19
Belgium,1997,1810.0,44.6938977351399,359.199090099891,44197.393671162,18.9757328681556,14.8,2.65652903590913,Europe,21.9991428477236,0.33,8.69,37.71,41.83,2172.0,3258.0,38.13,0.51,609.6,-0.82,30,1.0,134,81.63,13.87,45.56
Belgium,1998,1810.0,44.6938977351399,359.199090099891,44197.393671162,18.6405880550273,14.8,2.23778866249539,Europe,21.9991428477236,0.33,8.69,37.71,41.83,2172.0,3258.0,38.13,0.55,790.0,-0.05,19,1.0,142,83.33,14.57,42.78
Belgium,1999,1810.0,44.6938977351399,359.199090099891,44197.393671162,18.3102167638229,14.8,2.39301786280806,Europe,21.9991428477236,0.33,8.69,37.71,41.83,2172.0,3258.0,38.13,0.52,712.1,-0.2,23,1.0,151,81.83,15.22,46.49
Belgium,2000,1810.0,44.6938977351399,359.199090099891,44197.393671162,17.9847479596965,14.8,1.90788528866083,Europe,21.9991428477236,0.33,8.69,37.71,41.83,2172.0,3258.0,38.13,0.47,672.9,-0.08,21,1.0,134,82.62,13.73,43.96
Belgium,2001,1810.0,44.6938977351399,359.199090099891,44197.393671162,17.6643106078024,14.8,1.37963027106198,Europe,22.0735502587941,0.33,8.69,37.71,41.83,2172.0,3258.0,38.13,0.55,698.2,-0.9,22,1.0,132,84.33,16.12,42.22
Belgium,2002,1810.0,44.6938977351399,359.199090099891,44197.393671162,17.3490336732945,14.8,1.78977048663144,Europe,22.1479576698645,0.33,8.69,37.63,41.79,2172.0,3258.0,38.13,0.6,691.2,-0.68,20,1.0,160,84.5,14.03,42.9
Belgium,2003,1810.0,44.6938977351399,359.199090099891,44197.393671162,17.0390461213269,14.8,1.72109681018627,Europe,22.222365080935,0.33,8.69,37.63,41.79,2172.0,3258.0,38.13,0.66,797.4,-0.07,22,1.0,148,83.83,15.34,42.16
Belgium,2004,1810.0,44.6938977351399,359.199090099891,44197.393671162,16.7344769170539,14.8,2.21883262347715,Europe,22.2967724920054,0.33,8.69,37.55,41.75,2172.0,3258.0,38.13,0.84,613.6,-0.73,27,1.0,144,84.73,18.08,44.72
Belgium,2005,1810.0,44.6938977351399,359.199090099891,44197.393671162,16.4354550256293,14.8,2.03895043401508,Europe,22.3711799030759,0.33,8.69,37.55,41.75,2172.0,3258.0,38.13,0.85,638.8,-0.23,30,1.0,178,81.3,16.95,46.02
Belgium,2006,1810.0,44.6938977351399,359.199090099891,44197.393671162,16.1421094122074,14.8,1.95427335205645,Europe,22.4455873141463,0.33,8.69,37.47,41.71,2172.0,3258.0,38.13,0.8,782.7,-0.08,24,1.0,192,85.23,16.37,43.5
Belgium,2007,1810.0,44.6938977351399,359.199090099891,44197.393671162,15.8545690419423,14.8,1.85631569735295,Europe,22.5199947252168,0.33,8.69,37.47,41.71,2172.0,3258.0,38.13,0.93,652.1,-0.92,25,1.0,186,82.26,16.5,41.87
Belgium,2008,1810.0,44.6938977351399,359.199090099891,44197.393671162,15.572962879988,14.8,1.55281032870671,Europe,22.5944021362872,0.33,8.69,37.47,41.71,2172.0,3258.0,38.13,0.86,771.8,-0.72,26,1.0,159,83.64,16.96,44.76
Belgium,2009,1810.0,44.6938977351399,359.199090099891,44197.393671162,15.2974198914986,14.8,1.48703048213784,Europe,22.6688095473577,0.33,8.69,37.39,41.67,2172.0,3258.0,38.13,0.88,835.7,-0.42,28,1.0,183,82.48,17.59,44.72
Belgium,2010,1810.0,44.6938977351399,359.199090099891,44197.393671162,15.0280690416283,14.8,1.35197281736986,Europe,22.7432169584281,0.33,8.69,37.39,41.67,2172.0,3258.0,38.13,0.84,667.6,-0.96,25,1.0,179,83.65,19.51,43.79
Belgium,2011,1942.0,44.5112583654765,361.695447202716,43536.6758444839,14.7650392955311,14.8,1.30052438116673,Europe,22.7394586753701,0.35,9.32,37.71,41.87,2330.4,3495.6,38.42,0.71,754.3,-0.19,24,1.0,174,83.34,19.45,43.24
Belgium,2012,2074.0,44.3286189958131,364.191804305541,42875.958017806,14.5084596183612,14.8,1.17199854487166,Europe,22.735700392312,0.37,9.96,38.03,42.06,2488.8,3733.2,38.69,0.74,607.5,-0.82,25,1.0,192,84.73,20.15,47.38
Belgium,2013,2206.0,44.1459796261496,366.688161408367,42215.2401911279,14.2584589752725,14.8,1.35984073050109,Europe,22.7319421092539,0.4,10.59,38.36,42.25,2647.2,3970.8,38.95,0.88,760.1,-0.9,25,1.0,193,86.37,18.73,43.65
Belgium,2014,2338.0,43.9633402564863,369.184518511192,41554.52236445,14.0151663314193,14.8,1.21817074170938,Europe,22.7281838261959,0.42,11.22,38.68,42.43,2805.6,4208.4,39.2,0.92,715.7,-0.81,27,1.0,194,84.52,18.26,41.97
Belgium,2015,2470.0,43.7807008868229,371.680875614018,40893.804537772,13.7787106519556,14.8,1.17652617859345,Europe,22.7244255431378,0.44,11.86,38.92,42.56,2964.0,4446.0,39.44,0.94,737.5,-0.36,27,1.0,216,83.36,20.65,44.69
Belgium,2016,2470.0,43.7807008868229,371.680875614018,40893.804537772,13.5492209020355,14.8,1.25134460761102,Europe,22.7244255431378,0.44,11.86,38.92,42.56,2964.0,4446.0,39.44,1.02,648.1,-0.88,30,1.0,224,85.34,20.46,45.93
Belgium,2017,2470.0,43.7807008868229,371.680875614018,40893.804537772,13.3268260468131,14.8,1.17852530515845,Europe,22.7244255431378,0.44,11.86,38.92,42.56,2964.0,4446.0,39.44,1.18,566.8,-1.22,32,1.0,203,81.47,20.26,45.79
Belgium,2018,2470.0,43.7807008868229,371.680875614018,40893.804537772,13.1116550514425,14.8,0.862860776670702,Europe,22.6051880759519,0.44,11.86,39.0,42.6,2964.0,4446.0,39.44,1.07,740.0,-0.61,29,1.0,209,82.81,22.07,41.67
Belgium,2019,2470.0,43.7807008868229,371.680875614018,40893.804537772,12.9038368810778,14.1,1.08145129137307,Europe,22.604446776415,0.44,11.86,39.0,42.6,2964.0,4446.0,39.44,1.18,534.6,-1.01,29,1.0,211,83.23,22.69,47.31
Belgium,2020,2470.0,43.7807008868229,371.680875614018,40893.804537772,12.7035005008731,12.7,1.00750729784374,Europe,22.604446776415,0.44,11.86,39.0,42.6,2964.0,4446.0,39.44,1.11,674.3,-0.9,30,1.0,226,83.17,23.41,45.29
Belize,1990,7600.0,6.53222270933801,10.5567295046032,4726.50675459616,52.6428107491351,34.1,29.231383433775,North America,70.1459886014906,1.37,36.48,21.51,24.11,9120.0,13680.0,21.89,0.33,824.4,-0.13,18,1.0,189,91.93,4.38,5.65
Belize,1991,7600.0,6.53222270933801,10.5567295046032,4726.50675459616,52.7007622294671,34.1,29.231383433775,North America,69.5290223586146,1.37,36.48,21.92,24.32,9120.0,13680.0,21.89,0.51,764.4,-0.63,24,1.0,177,93.65,6.57,9.81
Belize,1992,7600.0,6.53222270933801,10.5567295046032,4726.50675459616,52.6842906038147,34.1,28.6716635052761,North America,68.9120561157387,1.37,36.48,22.4,24.56,9120.0,13680.0,21.89,0.54,905.0,0.16,22,1.0,189,92.81,6.28,6.02
Belize,1993,7600.0,6.53222270933801,10.5567295046032,4726.50675459616,52.6463333104926,34.1,28.1757847533632,North America,68.2950898728628,1.37,36.48,22.8,24.76,9120.0,13680.0,21.89,0.58,831.1,-0.93,23,1.0,172,92.65,5.85,5.65
Belize,1994,7600.0,6.53222270933801,10.5567295046032,4726.50675459616,52.5933378330158,34.1,27.440310544694,North America,67.6781236299868,1.37,36.48,23.29,25.0,9120.0,13680.0,21.89,0.63,696.8,-0.74,28,1.0,174,94.51,7.7,5.0
Belize,1995,7600.0,6.53222270933801,10.5567295046032,4726.50675459616,52.5316579185912,34.1,27.1533271687386,North America,67.0611573871109,1.37,36.48,23.69,25.2,9120.0,13680.0,21.89,0.52,751.3,-0.47,23,1.0,183,92.28,6.4,5.0
Belize,1996,7600.0,6.53222270933801,10.5567295046032,4726.50675459616,52.4676473144258,34.1,28.6816096301534,North America,66.444191144235,1.37,36.48,24.17,25.44,9120.0,13680.0,21.89,0.55,745.3,-0.87,21,1.0,201,94.05,6.99,5.0
Belize,1997,7600.0,6.53222270933801,10.5567295046032,4726.50675459616,52.4076597677265,34.1,29.9101137336431,North America,65.8272249013591,1.37,36.48,24.58,25.65,9120.0,13680.0,21.89,0.44,622.5,-1.06,22,1.0,217,92.49,8.59,5.0
Belize,1998,7600.0,6.53222270933801,10.5567295046032,4726.50675459616,52.3580490257003,34.1,25.0156908455124,North America,65.2102586584831,1.37,36.48,25.06,25.89,9120.0,13680.0,21.89,0.48,673.9,-0.39,21,1.0,200,92.51,7.76,7.76
Belize,1999,7600.0,6.53222270933801,10.5567295046032,4726.50675459616,52.3251688355542,34.1,27.4714868609784,North America,64.5932924156072,1.37,36.48,25.46,26.09,9120.0,13680.0,21.89,0.44,704.2,-0.44,21,1.0,213,91.9,8.95,5.36
Belize,2000,7600.0,6.53222270933801,10.5567295046032,4726.50675459616,52.3163152492623,34.1,25.9557684547596,North America,63.9763261727313,1.37,36.48,25.95,26.33,9120.0,13680.0,21.89,0.48,586.2,-0.9,24,1.0,222,91.07,8.61,8.96
Belize,2001,8152.0,6.56729504603244,10.9050241122314,4799.99681513554,52.3742006778549,34.1,24.5784282532612,North America,63.6786058746164,1.47,39.13,26.35,26.63,9782.4,14673.6,22.09,0.57,752.8,-0.35,22,1.0,245,92.01,9.54,5.61
Belize,2002,8704.0,6.60236738272687,11.2533187198596,4873.48687567493,52.5134990138446,34.1,23.2651509752215,North America,63.3808855765015,1.57,41.78,26.75,26.93,10444.8,15667.2,22.29,0.52,729.0,-0.46,19,1.0,227,90.67,9.99,5.15
Belize,2003,9256.0,6.6374397194213,11.6016133274879,4946.97693621431,52.7193754018596,34.1,21.9970459931989,North America,63.0831652783867,1.67,44.43,27.16,27.22,11107.2,16660.8,22.48,0.82,615.1,-0.73,26,1.0,231,93.1,9.42,5.0
Belize,2004,9808.0,6.67251205611573,11.9499079351161,5020.4669967537,52.9773344077051,34.1,20.7713267658772,North America,62.7854449802718,1.77,47.08,27.56,27.51,11769.6,17654.4,22.67,0.64,781.2,-0.37,24,1.0,224,92.4,10.74,8.62
Belize,2005,10360.0,6.70758439281017,12.2982025427444,5093.95705729308,53.2728805971863,34.1,19.5538574514958,North America,62.487724682157,1.86,49.73,27.96,27.79,12432.0,18648.0,22.85,0.68,806.0,-0.79,22,1.0,264,94.07,10.54,5.0
Belize,2006,10912.0,6.7426567295046,12.6464971503726,5167.44711783247,53.5915185361087,34.1,19.3358824713222,North America,62.1900043840421,1.96,52.38,28.36,28.06,13094.4,19641.6,23.03,0.89,766.9,-0.17,27,1.0,251,91.89,10.59,5.0
Belize,2007,11464.0,6.77772906619903,12.9947917580008,5240.93717837185,53.9187527902774,34.1,19.0794834677071,North America,61.8922840859272,2.06,55.03,28.69,28.3,13756.8,20635.2,23.2,0.87,722.7,-0.68,24,1.0,227,92.45,10.86,5.0
Belize,2008,12016.0,6.81280140289346,13.3430863656291,5314.42723891124,54.2400879254977,34.1,18.8964071636083,North America,61.5945637878124,2.16,57.68,29.09,28.57,14419.2,21628.8,23.36,0.84,795.9,-0.7,26,1.0,269,94.21,11.26,9.37
Belize,2009,12568.0,6.84787373958789,13.6913809732573,5387.91729945062,54.5410285075749,41.3,18.7526595744681,North America,61.2968434896975,2.26,60.33,29.41,28.8,15081.6,22622.4,23.53,0.81,802.9,-0.85,27,1.0,261,93.81,12.04,5.18
Belize,2010,13120.0,6.88294607628233,14.0396755808856,5461.40735999001,54.8085161806442,41.3,18.5927330497617,North America,60.9991231915826,2.36,62.98,29.81,29.07,15744.0,23616.0,23.68,0.73,773.0,-0.39,28,1.0,257,92.89,13.38,5.1
Belize,2011,12534.0,6.99693117053923,14.3560982025427,5600.05041645274,55.0582180868271,41.3,18.4184554650876,North America,60.4856641823762,2.26,60.16,30.06,29.17,15040.8,22561.2,23.69,0.65,682.5,-0.78,24,1.0,267,91.46,12.23,6.05
Belize,2012,11948.0,7.11091626479614,14.6725208241999,5738.69347291548,55.3096931964784,41.3,18.167988527149,North America,59.9722051731697,2.15,57.35,30.3,29.26,14337.6,21506.4,23.7,0.74,770.7,-0.05,25,1.0,278,93.38,13.79,5.0
Belize,2013,11362.0,7.22490135905304,14.988943445857,5877.33652937821,55.5619457636205,41.3,17.8958627803033,North America,59.4587461639632,2.05,54.54,30.54,29.35,13634.4,20451.6,23.7,0.71,844.3,-0.36,22,1.0,253,92.3,14.42,5.0
Belize,2014,10776.0,7.33888645330995,15.3053660675142,6015.97958584095,55.8149838241621,41.3,17.6706095124192,North America,58.9452871547567,1.94,51.72,30.7,29.4,12931.2,19396.8,23.69,0.9,701.0,-1.13,31,1.0,262,91.99,15.32,5.0
Belize,2015,10190.0,7.45287154756686,15.6217886891714,6154.62264230369,56.068815414012,41.3,18.0820198075045,North America,58.4318281455502,1.83,48.91,30.94,29.48,12228.0,18342.0,23.68,0.88,916.6,0.12,27,1.0,271,94.18,14.49,5.0
Belize,2016,10190.0,7.45287154756686,15.6217886891714,6154.62264230369,56.3234485690789,41.3,18.561761532416,North America,57.9430074528715,1.83,48.91,31.27,29.65,12228.0,18342.0,23.68,0.9,706.7,-0.59,28,1.0,256,94.35,15.43,5.0
Belize,2017,10190.0,7.45287154756686,15.6217886891714,6154.62264230369,56.5788913252713,41.3,17.4176185018736,North America,57.4537483559842,1.83,48.91,31.67,29.85,12228.0,18342.0,23.68,1.0,751.4,-0.74,31,1.0,289,91.52,14.76,5.45
Belize,2018,10190.0,7.45287154756686,15.6217886891714,6154.62264230369,56.835151718498,52.0,17.4213821008228,North America,56.9649276633056,1.83,48.91,31.99,30.01,12228.0,18342.0,23.68,1.1,695.0,-0.86,29,1.0,278,94.65,15.02,5.0
Belize,2019,10190.0,7.45287154756686,15.6217886891714,6154.62264230369,57.0922377846677,52.0,16.8604583830359,North America,56.4756685664182,1.83,48.91,32.39,30.21,12228.0,18342.0,23.68,1.04,766.6,-0.79,26,1.0,279,92.48,16.73,6.43
Belize,2020,10190.0,7.45287154756686,15.6217886891714,6154.62264230369,57.350157559689,52.0,17.7506545226594,North America,55.9864094695309,1.83,48.91,32.72,30.37,12228.0,18342.0,23.68,1.01,609.4,-1.21,27,1.0,279,93.53,18.48,7.0
Benin,1990,145670.0,28.3068109258602,64.0441557289819,487.424141384242,65.1821299255253,38.5,46.5716871845922,Africa,42.8800106420717,26.22,699.22,65.67,56.49,174804.0,262206.0,54.91,0.27,738.8,-0.07,20,1.0,323,89.57,5.1,20.07
Benin,1991,145670.0,28.3068109258602,64.0441557289819,487.424141384242,64.659244078219,38.5,46.5716871845922,Africa,42.2592231287691,26.22,699.22,66.4,56.86,174804.0,262206.0,54.91,0.34,695.1,-0.43,22,1.0,330,87.18,3.98,21.95
Benin,1992,145670.0,28.3068109258602,64.0441557289819,487.424141384242,64.2102381604931,38.5,46.5250630256694,Africa,41.6384356154665,26.22,699.22,67.12,57.22,174804.0,262206.0,54.91,0.34,793.3,-0.35,22,1.0,346,87.69,4.43,22.73
Benin,1993,145670.0,28.3068109258602,64.0441557289819,487.424141384242,63.818058771306,38.5,46.3803214246156,Africa,41.0176481021639,26.22,699.22,67.77,57.54,174804.0,262206.0,54.91,0.38,862.1,0.31,23,1.0,350,88.24,6.21,24.29
Benin,1994,145670.0,28.3068109258602,64.0441557289819,487.424141384242,63.4726745802943,38.5,46.3396751924998,Africa,40.3968605888613,26.22,699.22,68.49,57.9,174804.0,262206.0,54.91,0.45,834.2,-0.96,23,1.0,321,89.27,6.67,20.5
Benin,1995,145670.0,28.3068109258602,64.0441557289819,487.424141384242,63.1614863096319,38.5,45.89351717368,Africa,39.7760730755587,26.22,699.22,69.22,58.27,174804.0,262206.0,54.91,0.3,592.8,-0.32,22,1.0,348,87.4,6.52,18.45
Benin,1996,145670.0,28.3068109258602,64.0441557289819,487.424141384242,62.873224373963,38.5,45.8394159989478,Africa,39.1552855622561,26.22,699.22,69.94,58.63,174804.0,262206.0,54.91,0.28,945.9,-0.25,22,1.0,363,88.34,6.68,19.47
Benin,1997,145670.0,28.3068109258602,64.0441557289819,487.424141384242,62.5966191879323,38.5,45.5707966451896,Africa,38.5344980489535,26.22,699.22,70.67,58.99,174804.0,262206.0,54.91,0.31,806.1,-0.42,25,1.0,345,86.44,7.65,17.96
Benin,1998,145670.0,28.3068109258602,64.0441557289819,487.424141384242,62.320401166184,38.5,45.5055823927593,Africa,37.9137105356509,26.22,699.22,71.39,59.35,174804.0,262206.0,54.91,0.33,720.4,-0.54,24,1.0,349,85.6,6.79,22.23
Benin,1999,145670.0,28.3068109258602,64.0441557289819,487.424141384242,62.0333007233626,38.5,45.3171746434341,Africa,37.2929230223484,26.22,699.22,72.12,59.72,174804.0,262206.0,54.91,0.38,795.1,-0.36,24,1.0,349,86.56,8.82,14.84
Benin,2000,145670.0,28.3068109258602,64.0441557289819,487.424141384242,61.7240482741125,38.5,44.9428223284982,Africa,36.6721355090458,26.22,699.22,72.76,60.04,174804.0,262206.0,54.91,0.49,796.6,-0.1,23,1.0,367,86.56,8.66,19.27
Benin,2001,146712.0,28.5686661936856,66.3285340546293,536.00615273897,61.3813742330782,38.5,44.6691914686674,Africa,36.2287158566868,26.41,704.22,73.33,60.41,176054.4,264081.6,55.16,0.49,729.0,-0.95,22,1.0,367,88.48,8.12,21.58
Benin,2002,147754.0,28.8305214615111,68.6129123802766,584.588164093698,60.9964930127019,38.5,44.5181688872788,Africa,35.7852962043278,26.6,709.22,73.89,60.78,177304.8,265957.2,55.41,0.47,798.1,-0.3,26,1.0,380,87.15,9.08,19.68
Benin,2003,148796.0,29.0923767293366,70.897290705924,633.170175448427,60.5830303986956,38.5,44.3631633225567,Africa,35.3418765519688,26.78,714.22,74.46,61.15,178555.2,267832.8,55.65,0.56,733.5,-0.84,25,1.0,368,86.44,12.31,20.4
Benin,2004,149838.0,29.354231997162,73.1816690315714,681.752186803155,60.1474300921258,38.5,44.2555473232207,Africa,34.8984568996098,26.97,719.22,75.02,61.52,179805.6,269708.4,55.88,0.54,749.7,-0.51,30,1.0,392,86.05,9.69,24.05
Benin,2005,150880.0,29.6160872649875,75.4660473572188,730.334198157884,59.6902250993483,38.5,44.3614828523092,Africa,34.4550372472508,27.16,724.22,75.58,61.89,181056.0,271584.0,56.12,0.67,727.0,-0.8,28,1.0,385,86.54,10.76,20.43
Benin,2006,151922.0,29.877942532813,77.7504256828662,778.916209512612,59.2122205927551,38.5,44.232222060287,Africa,34.0116175948918,27.35,729.23,76.15,62.26,182306.4,273459.6,56.34,0.68,667.2,-0.96,26,1.0,397,88.08,11.36,22.04
Benin,2007,152964.0,30.1397978006384,80.0348040085136,827.49822086734,58.7142217447382,38.5,43.7983353609844,Africa,33.5681979425328,27.53,734.23,76.71,62.63,183556.8,275335.2,56.57,0.73,793.3,-0.77,27,1.0,374,85.85,11.24,25.09
Benin,2008,154006.0,30.4016530684639,82.319182334161,876.080232222069,58.1970337276895,38.5,43.5029768186884,Africa,33.1247782901738,27.72,739.23,77.28,63.0,184807.2,277210.8,56.78,0.62,828.3,-0.55,28,1.0,410,86.7,11.15,22.77
Benin,2009,155048.0,30.6635083362894,84.6035606598084,924.662243576797,57.661461714001,38.5,43.6331381931373,Africa,32.6813586378148,27.91,744.23,77.76,63.33,186057.6,279086.4,57.0,0.7,822.6,-0.4,28,1.0,382,86.33,11.28,28.6
Benin,2010,156090.0,30.9253636041149,86.8879389854558,973.244254931526,57.1083108760647,38.5,43.7419080863496,Africa,32.2379389854558,28.1,749.23,78.32,63.69,187308.0,280962.0,57.21,0.76,846.9,-0.17,30,1.0,386,87.14,12.11,26.26
Benin,2011,137556.0,31.9648793898545,89.6605480666902,979.079177704448,56.5383863862724,38.5,43.6262798420007,Africa,31.7945193330968,24.76,660.27,78.0,63.68,165067.2,247600.8,57.13,0.62,809.4,-0.64,27,1.0,391,88.67,12.51,26.99
Benin,2012,119022.0,33.0043951755941,92.4331571479246,984.914100477371,55.9524934170162,38.5,43.715648326975,Africa,31.3510996807378,21.42,571.31,77.6,63.61,142826.4,214239.6,56.99,0.67,743.1,-0.99,26,1.0,393,85.42,14.03,22.54
Benin,2013,100488.0,34.0439109613337,95.2057662291591,990.749023250294,55.3497116330681,38.5,43.319634936961,Africa,30.9076800283789,18.09,482.34,76.95,63.38,120585.6,180878.4,56.78,0.72,855.1,-0.21,24,1.0,433,86.32,14.67,25.74
Benin,2014,81954.0,35.0834267470733,97.9783753103935,996.583946023217,54.7119470764001,38.5,42.9123500546781,Africa,30.4642603760199,14.75,393.38,76.07,62.99,98344.8,147517.2,56.48,0.69,681.6,-0.96,24,1.0,416,85.66,15.22,26.0
Benin,2015,63420.0,36.122942532813,100.750984391628,1002.41886879614,54.0592596742337,38.5,43.1917046345585,Africa,30.0208407236609,11.42,304.42,74.86,62.37,76104.0,114156.0,56.03,0.81,720.3,-0.66,27,1.0,419,84.86,13.87,26.37
Benin,2016,61968.0,36.7611575026604,103.783066690315,1041.97394815249,53.3905440993336,38.5,43.3256529870326,Africa,29.5774210713019,11.15,297.45,75.1,62.66,74361.6,111542.4,56.18,0.87,715.4,-1.25,28,1.0,386,85.32,15.38,26.64
Benin,2017,60516.0,37.3993724725079,106.815148989003,1081.52902750884,52.7057225119609,38.5,42.9445886542896,Africa,29.1340014189429,10.89,290.48,75.42,62.98,72619.2,108928.8,56.32,0.93,879.1,-1.01,29,1.0,437,87.28,15.15,27.96
Benin,2018,59064.0,38.0375874423554,109.84723128769,1121.08410686519,52.0047170724037,38.5,42.3163727552176,Africa,28.6905817665839,10.63,283.51,75.75,63.3,70876.8,106315.2,56.45,0.9,868.3,-0.65,27,1.0,406,84.86,14.45,23.95
Benin,2019,57612.0,38.6758024122029,112.879313586378,1160.63918622154,51.2874499409752,38.5,41.9865160039013,Africa,28.2471621142249,10.37,276.54,76.07,63.62,69134.4,103701.6,56.58,0.98,832.1,-0.91,33,1.0,425,84.7,14.51,27.43
Benin,2020,56160.0,39.3140173820504,115.911395885066,1200.19426557789,50.5538432780104,38.5,43.3084882610158,Africa,27.8037424618659,10.11,269.57,76.31,63.9,67392.0,101088.0,56.71,1.01,879.0,-0.57,29,1.0,418,84.17,15.82,33.17
Bhutan,1990,0.0,9.71684181238362,12.6123536587976,488.327431477129,79.7973955586168,49.6,67.6612014069096,Asia,53.6506645549301,0.0,0.0,0.0,2.92,0.0,0.0,35.0,0.42,1129.7,-0.76,19,1.0,387,92.52,4.46,5.39
Bhutan,1991,19.0,10.1974189376779,12.8507740718123,516.687179470478,79.0256030730645,49.6,67.6612014069096,Asia,53.8631509106864,0.0,0.09,12.25,13.01,22.8,34.2,39.54,0.45,1227.9,-0.04,23,1.0,410,90.7,4.24,5.45
Bhutan,1992,38.0,10.6779960629722,13.089194484827,545.046927463826,78.260001474315,49.6,67.1446879683733,Asia,54.0756372664426,0.01,0.18,14.91,15.33,45.6,68.4,40.57,0.6,1190.0,-0.6,24,1.0,376,91.93,6.33,6.93
Bhutan,1993,57.0,11.1585731882665,13.3276148978417,573.406675457176,77.5010108907214,49.6,66.7071239391246,Asia,54.2881236221989,0.01,0.27,16.44,16.75,68.4,102.6,41.21,0.4,1267.7,-0.05,21,1.0,383,92.2,6.92,7.43
Bhutan,1994,76.0,11.6391503135608,13.5660353108564,601.766423450524,76.749051450637,49.6,66.3777415310786,Asia,63.9807035175879,0.01,0.36,13.86,15.96,91.2,136.8,41.67,0.55,1190.8,-0.42,21,1.0,400,90.52,5.96,5.0
Bhutan,1995,95.0,12.1197274388551,13.8044557238711,630.126171443874,76.0045432824149,49.6,65.9598996360677,Asia,64.2301507537688,0.02,0.46,14.5,16.71,114.0,171.0,42.04,0.48,1169.2,-0.43,26,1.0,425,93.34,7.72,8.24
Bhutan,1996,114.0,12.6003045641494,14.0428761368858,658.485919437223,75.2679065144082,49.6,65.5857923448279,Asia,64.4795979899498,0.02,0.55,14.91,17.29,136.8,205.2,42.35,0.62,1243.3,-0.36,25,1.0,398,93.17,7.22,9.36
Bhutan,1997,133.0,13.0808816894437,14.2812965499005,686.845667430571,74.5395612749701,49.6,65.292763976647,Asia,64.7290452261307,0.02,0.64,15.31,17.83,159.6,239.4,42.62,0.35,1270.1,0.11,21,1.0,397,93.88,5.69,9.74
Bhutan,1998,152.0,13.561458814738,14.5197169629152,715.205415423921,73.8199276924537,49.6,64.9606299212599,Asia,64.9784924623116,0.03,0.73,15.63,18.3,182.4,273.6,42.86,0.33,1146.5,-0.68,23,1.0,414,91.75,6.02,6.99
Bhutan,1999,171.0,14.0420359400323,14.7581373759299,743.56516341727,73.1094258952121,49.6,64.5991736045858,Asia,65.2279396984925,0.03,0.82,15.87,18.71,205.2,307.8,43.07,0.35,1195.1,0.12,18,1.0,415,91.44,8.3,12.25
Bhutan,2000,190.0,14.5226130653266,14.9965577889447,771.924911410619,72.4084760115985,49.6,64.264217764861,Asia,65.4773869346734,0.03,0.91,16.04,19.08,228.0,342.0,43.27,0.25,1115.3,-0.55,17,1.0,403,90.73,8.29,12.32
Bhutan,2001,205.0,14.4345724477253,15.3376344916201,938.290400836277,71.717498169966,49.6,63.9109838305975,Asia,65.7268592964824,0.04,0.98,16.2,19.23,246.0,369.0,43.43,0.43,1000.1,-1.4,21,1.0,416,90.92,8.08,12.11
Bhutan,2002,220.0,14.3465318301241,15.6787111942955,1104.65589026193,71.0369124986678,49.6,63.4945997928688,Asia,65.9763316582915,0.04,1.06,16.28,19.33,264.0,396.0,43.59,0.48,1216.0,-0.27,24,1.0,396,91.98,9.58,10.97
Bhutan,2003,235.0,14.2584912125229,16.0197878969709,1271.02137968759,70.3671391260571,49.6,63.1484271756128,Asia,66.2258040201005,0.04,1.13,16.36,19.43,282.0,423.0,43.74,0.62,1248.7,-0.59,22,1.0,429,90.91,11.38,8.66
Bhutan,2004,250.0,14.1704505949217,16.3608645996464,1437.38686911325,69.7085981804868,49.6,62.7467306994662,Asia,69.4103943122491,0.04,1.2,14.99,18.8,300.0,450.0,43.89,0.7,1220.9,-0.29,27,1.0,414,90.73,10.09,9.33
Bhutan,2005,265.0,14.0824099773205,16.7019413023218,1603.7523585389,69.0620082168387,49.6,62.2998040474454,Asia,69.6708817587953,0.05,1.27,14.99,18.84,318.0,477.0,44.03,0.87,1044.0,-0.55,30,1.0,473,91.6,10.1,12.13
Bhutan,2006,280.0,13.9943693597193,17.0430180049972,1770.11784796456,68.4335054135575,49.6,62.052446614268,Asia,69.9313692053415,0.05,1.34,14.99,18.89,336.0,504.0,44.16,0.83,1171.9,-0.99,27,1.0,448,90.2,10.28,5.0
Bhutan,2007,295.0,13.9063287421181,17.3840947076727,1936.48333739022,67.8261783350674,49.6,61.5150307812922,Asia,70.1918566518876,0.05,1.42,15.07,18.97,354.0,531.0,44.3,0.71,1022.5,-1.06,26,1.0,447,92.87,10.3,7.75
Bhutan,2008,310.0,13.8182881245169,17.7251714103481,2102.84882681588,67.23628045409,49.6,61.1416409398716,Asia,70.4523440984338,0.06,1.49,15.07,19.0,372.0,558.0,44.42,0.67,1309.5,-0.7,25,1.0,455,91.01,12.31,10.1
Bhutan,2009,325.0,13.7302475069157,18.0662481130235,2269.21431624154,66.6603195041183,49.6,60.4486757107932,Asia,70.7128315449799,0.06,1.56,14.99,19.0,390.0,585.0,44.54,0.75,1113.1,-0.75,24,1.0,443,91.94,11.72,8.69
Bhutan,2010,340.0,13.6422068893145,18.407324815699,2435.5798056672,66.0948032186448,49.6,59.642509056805,Asia,70.9733189915261,0.06,1.63,14.99,19.03,408.0,612.0,44.66,0.58,1300.4,-0.4,22,1.0,452,90.08,12.36,8.31
Bhutan,2011,358.0,13.671590104153,18.6118844610016,2539.27200835595,65.5362393311623,49.6,60.1482165139063,Asia,71.025211847732,0.06,1.72,15.15,19.18,429.6,644.4,44.78,0.82,1275.6,-0.59,29,1.0,465,90.98,12.53,12.39
Bhutan,2012,376.0,13.7009733189915,18.8164441063042,2642.9642110447,64.9811355751635,49.6,58.3528040984162,Asia,71.0771047039379,0.07,1.8,15.23,19.29,451.2,676.8,44.88,0.78,1127.9,-1.19,27,1.0,446,90.55,14.54,10.84
Bhutan,2013,394.0,13.73035653383,19.0210037516068,2746.65641373346,64.4259996841411,49.6,56.3443808376017,Asia,71.1289975601438,0.07,1.89,15.31,19.4,472.8,709.2,44.99,0.68,1109.3,-0.63,23,1.0,474,90.6,12.52,11.12
Bhutan,2014,412.0,13.7597397486685,19.2255633969094,2850.34861642221,63.8673393915878,49.6,56.6509554650629,Asia,71.1808904163497,0.07,1.98,15.39,19.51,494.4,741.6,45.09,0.64,1228.0,-0.12,22,1.0,499,89.65,14.6,7.68
Bhutan,2015,430.0,13.7891229635071,19.4301230422121,2954.04081911097,63.3016624309963,49.6,57.9856546922361,Asia,71.2327832725556,0.08,2.06,15.47,19.61,516.0,774.0,45.19,0.95,1132.4,-0.98,29,1.0,449,92.27,15.14,8.14
Bhutan,2016,2040.0,13.7397409507742,19.581885533927,3001.56646928743,62.7254765358593,49.6,56.5725497646088,Asia,71.2342701342282,0.37,9.79,19.42,23.55,2448.0,3672.0,47.83,0.9,1208.0,-0.95,27,1.0,483,91.6,14.24,10.04
Bhutan,2017,3650.0,13.6903589380413,19.7336480256418,3049.0921194639,62.1354455004984,49.6,55.4526881846681,Asia,71.2861786912752,0.66,17.52,20.87,25.01,4380.0,6570.0,48.83,1.07,1160.9,-0.51,30,1.0,466,89.32,15.7,10.09
Bhutan,2018,5260.0,13.6409769253084,19.8854105173568,3096.61776964037,61.5338107223025,49.6,54.0002842532406,Asia,71.3455689564761,0.95,25.25,21.76,25.9,6312.0,9468.0,49.47,0.89,1056.9,-1.41,30,1.0,492,90.78,15.47,12.92
Bhutan,2019,6870.0,13.5915949125755,20.0371730090716,3144.14341981684,60.9253176594854,49.6,51.125905985782,Asia,71.39486103828,1.24,32.98,22.4,26.55,8244.0,12366.0,49.95,0.98,1020.7,-2.03,28,1.0,490,90.79,16.64,9.95
Bhutan,2020,8480.0,13.5422128998427,20.1889355007866,3191.66906999331,60.3111160126561,49.6,49.9154096514562,Asia,71.4472994231778,1.53,40.7,22.88,27.04,10176.0,15264.0,50.34,1.03,1217.1,-0.63,30,1.0,517,91.54,15.6,12.52
Brazil,1990,6433770.0,28.1043390036539,17.8440685367797,2619.80141064047,25.1300993048402,30.3,16.1012149923694,South America,70.4580205643839,1158.08,30882.1,37.31,47.09,7720524.0,11580786.0,43.78,0.25,983.0,-3.0,120,1.0,479,87.25,5.11,67.31
Brazil,1991,6292712.0,28.0256552295127,18.1416833051372,2734.47605591625,24.5065498941115,30.3,16.1012149923694,South America,70.0056543680771,1132.69,30205.02,37.87,47.31,7551254.4,11326881.6,43.85,0.28,1000.6,-2.59,120,1.0,435,88.75,5.35,64.46
Brazil,1992,6151654.0,27.9469714553716,18.4392980734948,2849.15070119204,23.9089124759415,30.3,16.4236355246455,South America,69.5532881717703,1107.3,29527.94,38.36,47.51,7381984.8,11072977.2,43.91,0.43,1117.5,-2.73,120,1.0,472,88.62,6.12,62.27
Brazil,1993,6010596.0,27.8682876812305,18.7369128418523,2963.82534646783,23.3593597093043,30.3,16.2170470565781,South America,69.1009219754634,1081.91,28850.86,38.84,47.69,7212715.2,10819072.8,43.98,0.33,1172.6,-2.17,120,1.0,475,90.13,4.18,64.35
Brazil,1994,5869538.0,27.7896039070893,19.0345276102099,3078.49999174362,22.8289661088885,30.3,15.9111613415484,South America,68.6485557791566,1056.52,28173.78,39.4,47.92,7043445.6,10565168.4,44.04,0.42,1073.9,-2.34,120,1.0,486,84.83,5.91,60.91
Brazil,1995,5728480.0,27.7109201329482,19.3321423785674,3193.1746370194,22.2855000057546,30.3,15.7064322851078,South America,68.1961895828498,1031.13,27496.7,39.89,48.11,6874176.0,10311264.0,44.1,0.43,1085.3,-3.0,120,1.0,478,89.16,7.35,60.33
Brazil,1996,5587422.0,27.6322363588071,19.629757146925,3307.84928229519,21.6978584544602,30.3,14.7062823288017,South America,67.7438233865429,1005.74,26819.63,40.37,48.29,6704906.4,10057359.6,44.16,0.44,1169.5,-2.62,120,1.0,484,88.5,8.68,57.82
Brazil,1997,5446364.0,27.5535525846659,19.9273719152825,3422.52392757098,20.9991506120741,30.3,14.5539304301415,South America,67.2914571902361,980.35,26142.55,40.85,48.48,6535636.8,9803455.2,44.22,0.43,1037.9,-2.91,120,1.0,463,87.35,8.51,58.38
Brazil,1998,5305306.0,27.4748688105248,20.2249866836401,3537.19857284677,20.210931833914,30.3,13.8935523130269,South America,66.8390909939293,954.96,25465.47,41.34,48.67,6366367.2,9549550.8,44.27,0.26,1181.2,-1.81,120,1.0,488,87.27,8.39,58.47
Brazil,1999,5164248.0,27.3961850363837,20.5226014519976,3651.87321812256,19.4533938674784,30.3,14.3766741005344,South America,66.3867247976224,929.56,24788.39,41.9,48.89,6197097.6,9295646.4,44.32,0.23,1224.4,-2.3,120,1.0,482,87.5,7.79,55.39
Brazil,2000,5023190.0,27.3175012622426,20.8202162203552,3766.54786339835,18.8515634576194,30.3,14.2078357408572,South America,65.9343586013156,904.17,24111.31,42.39,49.07,6027828.0,9041742.0,44.37,0.48,1251.6,-2.39,120,1.0,499,87.92,9.1,53.68
Brazil,2001,4712441.0,27.3595046266275,21.0557189398597,4530.22147744545,18.4039549378043,30.3,14.1381346536881,South America,65.4616708980706,848.24,22619.72,42.79,49.21,5654929.2,8482393.8,44.33,0.45,1079.6,-2.62,120,1.0,491,86.96,9.83,52.95
Brazil,2002,4401692.0,27.4015079910124,21.2912216593643,5293.89509149256,18.0056508497327,30.3,14.2200104185234,South America,64.9889831948257,792.3,21128.12,43.19,49.33,5282030.4,7923045.6,44.29,0.43,1210.9,-2.48,120,1.0,502,85.68,11.28,51.45
Brazil,2003,4090943.0,27.4435113553973,21.5267243788689,6057.56870553966,17.6459664158329,30.3,14.3769496030055,South America,64.5162954915806,736.37,19636.53,43.51,49.41,4909131.6,7363697.4,44.23,0.68,1238.8,-2.37,120,1.0,508,86.97,9.64,48.21
Brazil,2004,3780194.0,27.4855147197822,21.7622270983735,6821.24231958677,17.3183175185441,30.3,14.8280199077045,South America,64.0436077883357,680.43,18144.93,43.92,49.53,4536232.8,6804349.2,44.17,0.63,1354.4,-2.45,119,1.0,512,87.26,10.54,49.72
Brazil,2005,3469445.0,27.5275180841671,21.9977298178781,7584.91593363387,17.0161200403055,30.3,14.3285033979698,South America,63.5709200850907,624.5,16653.34,44.24,49.59,4163334.0,6245001.0,44.09,0.77,1422.1,-1.21,113,1.0,495,88.25,12.95,43.84
Brazil,2006,3158696.0,27.569521448552,22.2332325373826,8348.58954768098,16.7327898635561,30.3,13.3626279719814,South America,63.0982323818457,568.57,15161.74,44.48,49.6,3790435.2,5685652.8,44.0,0.71,1540.7,-1.84,105,1.0,546,86.13,11.67,42.38
Brazil,2007,2847947.0,27.6115248129369,22.4687352568872,9112.26316172808,16.4617428707351,30.3,12.4684533242586,South America,62.6255446786007,512.63,13670.15,44.72,49.6,3417536.4,5126304.6,43.89,0.87,1418.6,-2.06,101,1.0,517,88.32,12.72,40.82
Brazil,2008,2537198.0,27.6535281773218,22.7042379763918,9875.93677577519,16.1963949442816,30.3,11.6716010643413,South America,62.1528569753558,456.7,12178.55,44.96,49.59,3044637.6,4566956.4,43.75,0.83,1455.7,-1.82,89,1.0,526,86.09,11.97,37.55
Brazil,2009,2226449.0,27.6955315417067,22.9397406958964,10639.6103898222,15.9301619666349,30.3,11.2787023091694,South America,61.6801692721108,400.76,10686.96,45.12,49.51,2671738.8,4007608.2,43.59,0.64,1624.8,-0.52,78,1.0,521,88.0,13.04,32.53
Brazil,2010,1915700.0,27.7375349060916,23.175243415401,11403.2840038694,15.656153963692,30.3,10.5153618588412,South America,61.2074815688658,344.83,9195.36,45.21,49.38,2298840.0,3448260.0,43.39,0.71,1593.8,-1.65,71,1.0,507,88.18,14.07,30.52
Brazil,2011,2058242.0,27.8237694032404,23.3660419184172,10909.8663208844,15.3774241400317,30.3,9.91359783747564,South America,61.023328156743,370.48,9879.56,45.69,49.74,2469890.4,3704835.6,43.57,0.68,1654.4,-0.43,74,1.0,539,87.34,13.81,31.09
Brazil,2012,2200784.0,27.9100039003893,23.5568404214334,10416.4486378993,15.1026125818688,30.3,9.84814738146128,South America,60.8391747446202,396.14,10563.76,46.09,50.05,2640940.8,3961411.2,43.74,0.74,1559.0,-1.17,78,1.0,535,87.53,14.57,31.79
Brazil,2013,2343326.0,27.9962383975382,23.7476389244496,9923.0309549144,14.8323414557274,30.3,10.026069695524,South America,60.6550213324974,421.8,11247.96,46.49,50.36,2811991.2,4217986.8,43.9,0.59,1426.2,-1.59,80,1.0,548,88.29,14.93,36.11
Brazil,2014,2485868.0,28.0824728946871,23.9384374274658,9429.6132719294,14.5668632101832,30.3,9.30650434255853,South America,60.4708679203746,447.46,11932.17,46.9,50.66,2983041.6,4474562.4,44.06,0.78,1395.0,-2.27,89,1.0,528,86.73,15.09,39.17
Brazil,2015,2628410.0,28.168707391836,24.1292359304821,8936.1955889444,14.3064302938119,30.3,9.33239155729419,South America,60.2867384370207,473.11,12616.37,47.3,50.96,3154092.0,4731138.0,44.21,0.88,1360.5,-2.0,94,1.0,536,87.78,14.74,39.26
Brazil,2016,2753938.0,28.2014610906254,24.2963857987542,8563.79528614693,14.0512951551892,30.3,9.79792938880965,South America,60.0710205859198,495.71,13218.9,47.7,51.23,3304725.6,4957088.4,44.34,0.72,1522.5,-1.72,93,1.0,549,86.98,16.33,40.2
Brazil,2017,2879466.0,28.2342147894148,24.4635356670263,8191.39498334946,13.8017102428909,30.3,9.19143068916888,South America,59.8329293359527,518.3,13821.44,48.11,51.5,3455359.2,5183038.8,44.46,0.83,1549.6,-1.12,97,1.0,549,89.25,16.13,37.71
Brazil,2018,3004994.0,28.2669684882043,24.6306855352985,7818.994680552,13.5579280054928,30.3,9.05694322318805,South America,59.7083800941358,540.9,14423.97,48.43,51.72,3605992.8,5408989.2,44.58,0.8,1587.3,-1.64,100,1.0,547,88.04,15.78,41.72
Brazil,2019,3130522.0,28.2997221869937,24.7978354035706,7446.59437775453,13.3202008915704,30.3,8.87727798547265,South America,59.5585860011916,563.49,15026.51,48.75,51.95,3756626.4,5634939.6,44.7,0.96,1491.8,-1.83,105,1.0,559,86.12,15.99,42.76
Brazil,2020,3256050.0,28.3324758857832,24.9649852718428,7074.19407495707,13.0887813496996,30.3,9.31407456340287,South America,59.4174780513368,586.09,15629.04,49.07,52.17,3907260.0,5860890.0,44.82,1.03,1502.3,-1.98,108,1.0,580,89.55,16.14,46.02
Bulgaria,1990,0.0,55.6720600198861,78.8058302449607,2366.52982128614,32.9611968994141,22.9,9.5049394717222,Other/Global,30.0732170297388,0.0,0.0,0.0,16.7,0.0,0.0,15.0,0.39,853.6,-0.76,19,1.0,211,81.73,5.82,38.02
Bulgaria,1991,0.0,55.1505016722408,78.3103796438579,2292.00304989651,32.9119720458984,22.9,9.5049394717222,Other/Global,30.1166048992136,0.0,0.0,0.0,16.55,0.0,0.0,15.0,0.35,807.5,-0.37,19,1.0,225,79.21,4.65,40.48
Bulgaria,1992,0.0,54.6289433245955,77.8149290427551,2217.47627850689,32.8493117799663,22.9,9.96223506164882,Other/Global,30.1599927686884,0.0,0.0,0.0,16.39,0.0,0.0,15.0,0.53,968.0,-0.04,21,1.0,208,78.96,4.86,36.92
Bulgaria,1993,0.0,54.1073849769502,77.3194784416523,2142.94950711727,32.5724716186523,22.9,10.5709344189084,Other/Global,30.2033806381632,0.0,0.0,0.0,16.23,0.0,0.0,15.0,0.33,933.4,0.21,19,1.0,215,79.45,5.17,37.23
Bulgaria,1994,0.0,53.5858266293049,76.8240278405495,2068.42273572765,32.2774887084961,22.9,11.1940301008444,Other/Global,30.2467685076381,0.0,0.0,0.0,16.08,0.0,0.0,15.0,0.31,908.6,-0.75,21,1.0,221,79.88,4.74,38.32
Bulgaria,1995,0.0,53.0642682816596,76.3285772394468,1993.89596433803,32.1664581298828,22.9,11.8643687335587,Other/Global,30.2901563771129,0.0,0.0,0.0,15.92,0.0,0.0,15.0,0.44,931.0,0.07,23,1.0,215,81.37,8.46,36.16
Bulgaria,1996,0.0,52.5427099340143,75.833126638344,1919.3691929484,32.3018035888672,22.9,12.4940101005155,Other/Global,30.3335442465877,0.0,0.0,0.0,15.76,0.0,0.0,15.0,0.45,925.9,0.48,19,1.0,228,81.41,7.14,32.29
Bulgaria,1997,0.0,52.021151586369,75.3376760372412,1844.84242155878,32.3405532836914,22.9,13.1728691965923,Other/Global,30.3769321160625,0.0,0.0,0.0,15.61,0.0,0.0,15.0,0.39,1002.7,-0.11,20,1.0,252,82.33,6.73,32.99
Bulgaria,1998,0.0,51.4995932387237,74.8422254361384,1770.31565016916,32.1345977783203,22.9,13.7411887183272,Other/Global,30.4203199855374,0.0,0.0,0.0,15.45,0.0,0.0,15.0,0.2,1003.6,0.75,20,1.0,258,81.2,7.53,39.97
Bulgaria,1999,0.0,50.9780348910784,74.3467748350356,1695.78887877954,31.9520034790039,22.9,13.4474692866611,Other/Global,30.4637078550122,0.0,0.0,0.0,15.29,0.0,0.0,15.0,0.36,943.5,-0.22,20,1.0,256,81.39,7.17,34.5
Bulgaria,2000,0.0,50.4564765434331,73.8513242339329,1621.26210738992,31.7368545532227,22.9,13.1963599374953,Other/Global,30.507095724487,0.0,0.0,0.0,15.14,0.0,0.0,15.0,0.29,967.7,-0.42,19,1.0,243,81.97,8.69,35.36
Bulgaria,2001,0.0,50.0644766414847,73.2786448319102,2144.53070216209,30.803288016436,22.9,9.69357018973418,Other/Global,30.834312573443,0.0,0.0,0.0,15.02,0.0,0.0,15.0,0.5,941.1,-0.35,20,1.0,231,83.28,8.88,31.57
Bulgaria,2002,0.0,49.6724767395364,72.7059654298876,2667.79929693427,30.5140838623047,22.9,10.7051412256435,Other/Global,31.6856617647059,0.0,0.0,0.0,14.9,0.0,0.0,15.0,0.54,863.1,-0.24,21,1.0,282,79.76,10.35,34.12
Bulgaria,2003,0.0,49.2804768375881,72.133286027865,3191.06789170645,30.2191543579102,22.9,11.1395064421979,Other/Global,32.0272133860439,0.0,0.0,0.0,14.78,0.0,0.0,15.0,0.5,960.5,-0.45,19,1.0,241,81.82,9.36,35.84
Bulgaria,2004,0.0,48.8884769356398,71.5606066258424,3714.33648647863,30.0806655883789,22.9,10.7452684558362,Other/Global,32.3630011033468,0.0,0.0,0.0,14.67,0.0,0.0,15.0,0.6,788.4,-1.03,22,1.0,276,83.81,10.67,29.17
Bulgaria,2005,0.0,48.4964770336915,70.9879272238198,4237.60508125081,29.9130401611328,22.9,8.93878107166521,Other/Global,32.7319587628866,0.0,0.0,0.0,14.55,0.0,0.0,15.0,0.61,984.3,-0.03,24,1.0,262,82.41,10.85,33.07
Bulgaria,2006,0.0,48.1044771317431,70.4152478217971,4760.87367602299,29.4924774169922,22.9,8.10797863880846,Other/Global,33.0682132007733,0.0,0.0,0.0,14.43,0.0,0.0,15.0,0.72,804.4,-0.89,27,1.0,244,82.07,10.61,32.79
Bulgaria,2007,0.0,47.7124772297948,69.8425684197745,5284.14227079517,29.3155822753906,22.9,7.5443481911112,Other/Global,33.407605192892,0.0,0.0,0.0,14.31,0.0,0.0,15.0,0.8,922.9,-0.39,29,1.0,241,81.54,12.04,32.77
Bulgaria,2008,0.0,47.3204773278465,69.2698890177519,5807.41086556735,29.097900390625,22.9,7.62550582689522,Other/Global,33.7409078353743,0.0,0.0,0.0,14.2,0.0,0.0,15.0,0.63,832.4,-0.66,26,1.0,288,83.7,12.15,36.09
Bulgaria,2009,0.0,46.9284774258982,68.6972096157293,6330.67946033953,28.6982650756836,22.9,6.88514584390212,Other/Global,34.0899042004421,0.0,0.0,0.0,14.08,0.0,0.0,15.0,0.72,944.3,-0.28,28,1.0,262,82.14,13.47,31.07
Bulgaria,2010,0.0,46.5364775239499,68.1245302137067,6853.94805511171,28.4850692749023,22.9,6.68930644350099,Other/Global,34.4233603537214,0.0,0.0,0.0,13.96,0.0,0.0,15.0,0.61,897.3,-0.63,23,1.0,255,82.23,13.45,30.39
Bulgaria,2011,0.0,46.4626013264554,67.3666562269712,6936.88933503711,27.3898346114468,22.9,6.47772354402073,Other/Global,34.6002210759027,0.0,0.0,0.0,13.94,0.0,0.0,15.0,0.58,772.4,-0.82,23,1.0,273,84.47,13.14,30.9
Bulgaria,2012,0.0,46.3887251289609,66.6087822402358,7019.83061496251,27.2315139770508,22.9,6.53568122900185,Other/Global,34.777081798084,0.0,0.0,0.0,13.92,0.0,0.0,15.0,0.65,933.7,-0.69,26,1.0,281,81.6,14.62,35.9
Bulgaria,2013,0.0,46.3148489314664,65.8509082535003,7102.77189488792,27.0367178427981,22.9,6.49108277075381,Other/Global,34.9539425202653,0.0,0.0,0.0,13.89,0.0,0.0,15.0,0.61,853.8,-0.26,22,1.0,290,84.83,14.54,31.4
Bulgaria,2014,0.0,46.2409727339719,65.0930342667649,7185.71317481332,26.9155120849609,22.9,7.26733061156468,Other/Global,35.1308032424466,0.0,0.0,0.0,13.87,0.0,0.0,15.0,0.7,970.5,-0.52,25,1.0,292,83.09,14.28,32.16
Bulgaria,2015,0.0,46.1670965364775,64.3351602800295,7268.65445473873,26.8969421386719,22.9,6.80641139967944,Other/Global,35.3076639646279,0.0,0.0,0.0,13.85,0.0,0.0,15.0,0.72,900.1,-0.24,26,1.0,280,82.94,15.85,26.33
Bulgaria,2016,0.0,46.231761238025,63.5364701547531,7966.96595887358,26.8249969482422,23.4,6.9006563820887,Other/Global,35.3813559322034,0.0,0.0,0.0,13.87,0.0,0.0,15.0,1.04,931.6,-0.8,30,1.0,295,83.23,16.27,31.14
Bulgaria,2017,0.0,46.2964259395725,62.7377800294768,8665.27746300843,26.6095428466797,22.0,7.19002440372406,Other/Global,35.5011053795136,0.0,0.0,0.0,13.89,0.0,0.0,15.0,0.95,823.4,-0.95,30,1.0,324,82.9,15.34,30.57
Bulgaria,2018,0.0,46.3610906411201,61.9390899042004,9363.58896714329,26.399787902832,22.6,6.71485377864172,Other/Global,35.6208548268239,0.0,0.0,0.0,13.91,0.0,0.0,15.0,0.93,852.9,-1.05,29,1.0,286,82.23,15.96,31.1
Bulgaria,2019,0.0,46.4257553426676,61.1403997789241,10061.9004712781,26.2837677001953,23.8,6.78847141688132,Other/Global,35.7406042741341,0.0,0.0,0.0,13.93,0.0,0.0,15.0,1.02,863.3,-1.24,32,1.0,312,83.26,17.13,30.27
Bulgaria,2020,0.0,46.4904200442152,60.3417096536478,10760.211975413,26.6760101318359,22.1,6.58384777502315,Other/Global,35.8603537214444,0.0,0.0,0.0,13.95,0.0,0.0,15.0,0.99,968.5,-1.09,28,1.0,293,82.24,17.23,28.33
Burkina Faso,1990,195830.0,36.3699316520468,33.4771783625731,338.593759055128,86.7653946530768,41.4,81.911889949471,Other/Global,28.2039473684211,35.25,939.98,70.51,61.71,234996.0,352494.0,38.45,0.25,1010.7,-0.15,20,1.0,198,85.87,4.29,24.42
Burkina Faso,1991,190784.0,36.830569371345,34.4882127192982,329.62523584179,86.4635685388228,41.4,81.911889949471,Other/Global,28.0211622807018,34.34,915.76,70.51,61.82,228940.8,343411.2,38.57,0.39,812.7,-0.7,24,1.0,224,88.02,4.29,28.27
Burkina Faso,1992,185738.0,37.2912070906432,35.4992470760234,320.656712628452,86.1562873000562,41.4,82.0061517059009,Other/Global,27.8383771929825,33.43,891.54,70.51,61.92,222885.6,334328.4,38.69,0.46,963.9,-0.09,28,1.0,180,85.92,5.45,25.79
Burkina Faso,1993,180692.0,37.7518448099415,36.5102814327485,311.688189415115,85.8339239959142,41.4,81.8923257852154,Other/Global,27.6555921052632,32.52,867.32,70.59,62.06,216830.4,325245.6,38.8,0.39,704.7,-0.66,22,1.0,246,84.79,5.86,22.24
Burkina Faso,1994,175646.0,38.2124825292397,37.5213157894737,302.719666201777,85.4868516855342,41.4,81.8969749621622,Other/Global,27.4728070175439,31.62,843.1,70.59,62.16,210775.2,316162.8,38.91,0.4,783.4,-0.84,23,1.0,198,85.2,4.92,23.77
Burkina Faso,1995,170600.0,38.673120248538,38.5323501461988,293.75114298844,85.1054434280535,41.4,81.0709421669958,Other/Global,27.2900219298246,30.71,818.88,70.59,62.27,204720.0,307080.0,39.01,0.42,802.8,-0.92,29,1.0,191,84.4,6.14,26.97
Burkina Faso,1996,165554.0,39.1337579678362,39.543384502924,284.782619775102,84.6808551971156,41.4,79.8099795362577,Other/Global,27.1072368421053,29.8,794.66,70.59,62.37,198664.8,297997.2,39.11,0.23,771.9,-1.04,21,1.0,225,84.45,6.37,24.58
Burkina Faso,1997,160508.0,39.5943956871344,40.5544188596491,275.814096561764,84.1858716134189,41.4,78.7592095893586,Other/Global,26.924451754386,28.89,770.44,70.59,62.46,192609.6,288914.4,39.2,0.27,754.1,-0.56,24,1.0,222,84.42,7.42,27.46
Burkina Faso,1998,155462.0,40.0550334064327,41.5654532163742,266.845573348427,83.5569062581884,41.4,77.7616789035262,Other/Global,26.7416666666667,27.98,746.22,70.59,62.56,186554.4,279831.6,39.28,0.48,914.4,0.08,26,1.0,222,85.01,8.04,29.78
Burkina Faso,1999,150416.0,40.5156711257309,42.5764875730994,257.877050135089,82.8165828836577,41.4,76.5207672098285,Other/Global,26.5588815789474,27.07,722.0,70.59,62.66,180499.2,270748.8,39.36,0.5,864.8,-0.14,24,1.0,245,85.41,8.54,28.51
Burkina Faso,2000,145370.0,40.9763088450292,43.5875219298246,248.908526921752,81.9996496670556,41.4,75.7585805102224,Other/Global,26.3760964912281,26.17,697.78,70.51,62.71,174444.0,261666.0,39.43,0.37,912.9,-0.04,22,1.0,225,86.74,8.04,25.89
Burkina Faso,2001,143779.0,41.4808062134502,45.1412324561403,286.513399452053,81.1408547856107,41.4,74.6718321692371,Other/Global,26.1933479532164,25.88,690.14,70.67,62.93,172534.8,258802.2,39.63,0.49,938.0,-0.07,23,1.0,251,84.86,9.15,28.57
Burkina Faso,2002,142188.0,41.9853035818713,46.6949429824561,324.118271982354,80.274946416552,41.4,73.6578071167102,Other/Global,26.0105994152047,25.59,682.5,70.75,63.11,170625.6,255938.4,39.81,0.53,904.2,0.1,22,1.0,258,82.64,7.91,30.08
Burkina Faso,2003,140597.0,42.4898009502923,48.2486535087719,361.723144512656,79.436672737108,41.4,72.2809663366224,Other/Global,25.827850877193,25.31,674.87,70.83,63.28,168716.4,253074.6,39.99,0.82,935.7,-0.44,28,1.0,229,82.29,10.56,27.51
Burkina Faso,2004,139006.0,42.9942983187134,49.8023640350877,399.328017042957,78.6607819245076,41.4,71.0656372830697,Other/Global,25.6451023391813,25.02,667.23,70.99,63.5,166807.2,250210.8,40.17,0.73,877.8,-0.46,28,1.0,268,83.62,9.32,27.17
Burkina Faso,2005,137415.0,43.4987956871345,51.3560745614035,436.932889573259,77.9820221559796,41.4,69.5898786781003,Other/Global,25.4623538011696,24.73,659.59,71.07,63.68,164898.0,247347.0,40.34,0.68,788.6,-1.01,27,1.0,268,84.78,9.19,29.52
Burkina Faso,2006,135824.0,44.0032930555555,52.9097850877193,474.53776210356,77.4471693091257,41.4,68.14328815905,Other/Global,25.2796052631579,24.45,651.96,71.15,63.85,162988.8,244483.2,40.5,0.64,968.3,-0.69,26,1.0,283,83.2,10.1,33.17
Burkina Faso,2007,134233.0,44.5077904239766,54.4634956140351,512.142634633861,77.0258239171807,41.4,67.0661116043412,Other/Global,25.0968567251462,24.16,644.32,71.23,64.03,161079.6,241619.4,40.66,0.6,836.8,-0.9,26,1.0,263,83.09,12.19,28.46
Burkina Faso,2008,132642.0,45.0122877923976,56.0172061403509,549.747507164163,76.6366252161443,41.4,66.27654066054,Other/Global,24.9141081871345,23.88,636.68,71.39,64.25,159170.4,238755.6,40.82,0.72,809.2,-0.88,27,1.0,254,84.28,11.93,29.93
Burkina Faso,2009,131051.0,45.5167851608187,57.5709166666667,587.352379694464,76.2547674398884,41.4,65.2660552377756,Other/Global,24.7313596491228,23.59,629.04,71.47,64.42,157261.2,235891.8,40.97,0.62,870.0,-0.58,28,1.0,289,83.04,13.24,28.79
Burkina Faso,2010,129460.0,46.0212825292398,59.1246271929825,624.957252224766,75.884907501842,41.4,63.7733147339776,Other/Global,24.5486111111111,23.3,621.41,71.56,64.6,155352.0,233028.0,41.11,0.54,811.4,-0.15,24,1.0,274,84.19,12.43,30.03
Burkina Faso,2011,129241.8,46.6756336988304,61.0259349415205,625.990751930275,75.5317023154343,41.4,62.3825218637511,Other/Global,24.3657894736842,23.26,620.36,71.72,64.88,155090.16,232635.24,41.32,0.59,851.1,-0.61,26,1.0,305,80.98,13.66,31.76
Burkina Faso,2012,129023.6,47.329984868421,62.9272426900585,627.024251635784,75.1998087940946,41.4,61.0767331771585,Other/Global,24.1829678362573,23.22,619.31,71.88,65.15,154828.32,232242.48,41.52,0.57,912.0,-0.06,24,1.0,291,83.19,12.67,32.22
Burkina Faso,2013,128805.4,47.9843360380117,64.8285504385965,628.057751341293,74.893883851252,41.4,59.8409350025008,Other/Global,24.0001461988304,23.18,618.27,72.04,65.43,154566.48,231849.72,41.71,0.82,912.4,-0.75,30,1.0,284,80.32,12.29,27.49
Burkina Faso,2014,128587.2,48.6386872076023,66.7298581871345,629.091251046802,74.6185844003357,41.4,58.722505632836,Other/Global,23.8173245614035,23.15,617.22,72.2,65.7,154304.64,231456.96,41.9,0.81,812.7,-1.03,26,1.0,274,82.61,14.01,33.02
Burkina Faso,2015,128369.0,49.293038377193,68.6311659356725,630.124750752312,74.378567354775,41.4,57.6106551982306,Other/Global,23.6345029239766,23.11,616.17,72.36,65.97,154042.8,231064.2,42.08,0.81,845.6,-1.23,27,1.0,290,83.21,14.15,37.5
Burkina Faso,2016,128277.2,49.8663222953216,70.6057295321637,669.147208358344,74.178489627999,41.4,56.1607711907331,Other/Global,23.4517543859649,23.09,615.73,72.52,66.23,153932.64,230898.96,42.28,1.0,970.6,-0.79,35,1.0,309,80.03,14.88,34.7
Burkina Faso,2017,128185.4,50.4396062134503,72.5802931286549,708.169665964377,74.0230081334368,41.4,54.5825993907749,Other/Global,23.2690058479532,23.07,615.29,72.68,66.48,153822.48,230733.72,42.46,0.95,924.3,-0.52,31,1.0,276,79.09,15.53,34.36
Burkina Faso,2018,128093.6,51.0128901315789,74.5548567251462,747.192123570409,73.9167797845178,41.4,53.0356069665737,Other/Global,23.0862573099415,23.06,614.85,72.93,66.77,153712.32,230568.48,42.65,0.92,1050.6,-0.23,32,1.0,296,82.72,15.57,34.16
Burkina Faso,2019,128001.8,51.5861740497076,76.5294203216374,786.214581176442,73.8812745598843,41.4,51.5701324352258,Other/Global,22.9035087719298,23.04,614.41,73.09,67.02,153602.16,230403.24,42.83,1.12,979.1,-0.35,35,1.0,281,82.09,15.56,33.89
Burkina Faso,2020,127910.0,52.1594579678363,78.5039839181287,825.237038782475,73.6421626371373,41.4,52.9487914827034,Other/Global,22.7207602339181,23.02,613.97,73.25,67.27,153492.0,230238.0,43.0,1.04,976.2,-0.52,37,1.0,293,80.09,15.98,36.39
Cameroon,1990,90550.0,19.398785724863,23.9720357089971,1086.71700937081,59.9112636726407,23.1,64.9966301333539,Other/Global,47.5978929999365,16.3,434.64,48.19,44.48,108660.0,162990.0,35.2,0.19,778.1,-0.66,23,1.0,195,89.89,5.05,14.42
Cameroon,1991,88665.0,19.3966702629518,24.7295424255886,1048.90188159632,59.229833786393,23.1,64.9966301333539,Other/Global,47.4069704469971,15.96,425.59,48.27,44.49,106398.0,159597.0,35.32,0.32,950.5,0.56,21,1.0,203,88.95,3.87,17.02
Cameroon,1992,86780.0,19.3945548010407,25.4870491421802,1011.08675382184,58.5604922888262,23.1,65.2820929528544,Other/Global,47.2160478940577,15.62,416.54,48.35,44.5,104136.0,156204.0,35.44,0.33,885.3,-0.34,21,1.0,216,89.39,4.85,12.08
Cameroon,1993,84895.0,19.3924393391296,26.2445558587717,973.271626047356,57.9041898029315,23.1,65.7046756705054,Other/Global,47.0251253411182,15.28,407.5,48.43,44.51,101874.0,152811.0,35.55,0.33,845.7,-0.1,19,1.0,225,89.28,7.47,16.18
Cameroon,1994,83010.0,19.3903238772185,27.0020625753633,935.456498272872,57.2618769516999,23.1,65.7259845095268,Other/Global,46.8342027881788,14.94,398.45,48.51,44.52,99612.0,149418.0,35.66,0.52,903.5,-0.52,28,1.0,238,88.01,5.78,16.12
Cameroon,1995,81125.0,19.3882084153074,27.7595692919549,897.641370498387,56.6345043581227,23.1,65.5432360470761,Other/Global,46.6432802352394,14.6,389.4,48.59,44.53,97350.0,146025.0,35.76,0.59,965.9,-0.04,30,1.0,245,90.68,7.08,12.82
Cameroon,1996,79240.0,19.3860929533963,28.5170760085464,859.826242723903,56.0230226451908,23.1,65.2752401439636,Other/Global,46.4523576822999,14.26,380.35,48.67,44.54,95088.0,142632.0,35.85,0.3,930.6,0.14,19,1.0,242,88.33,6.59,12.19
Cameroon,1997,77355.0,19.3839774914852,29.274582725138,822.011114949418,55.4283824358955,23.1,65.0121812062044,Other/Global,46.2614351293605,13.92,371.3,48.75,44.55,92826.0,139239.0,35.95,0.43,820.4,-0.55,24,1.0,223,89.72,7.12,10.8
Cameroon,1998,75470.0,19.3818620295741,30.0320894417295,784.195987174934,54.8515343532279,23.1,64.6978664204501,Other/Global,46.0705125764211,13.58,362.26,48.83,44.56,90564.0,135846.0,36.03,0.32,950.3,-0.79,21,1.0,235,90.39,5.92,13.76
Cameroon,1999,73585.0,19.379746567663,30.7895961583211,746.380859400449,54.2934290201791,23.1,64.3737608170752,Other/Global,45.8795900234816,13.25,353.21,48.83,44.53,88302.0,132453.0,36.12,0.33,840.2,-0.46,23,1.0,227,88.61,8.53,13.14
Cameroon,2000,71700.0,19.3776311057519,31.5471028749127,708.565731625965,53.7550170597401,23.1,64.071100876907,Other/Global,45.6886674705422,12.91,344.16,48.91,44.53,86040.0,129060.0,36.2,0.35,908.7,0.12,20,1.0,242,89.28,7.98,15.88
Cameroon,2001,70330.0,19.4918660489517,32.5530970362378,777.567860488415,53.2372490949022,23.1,63.7383781249377,Other/Global,45.541217659876,12.66,337.58,48.99,44.58,84396.0,126594.0,36.33,0.37,867.3,-0.25,21,1.0,240,88.97,7.17,14.56
Cameroon,2002,68960.0,19.6061009921516,33.5590911975629,846.569989350866,52.7410757486564,23.1,63.3383419431005,Other/Global,45.3937678492099,12.41,331.01,48.99,44.59,82752.0,124128.0,36.45,0.51,874.2,-0.36,24,1.0,229,91.62,8.06,9.99
Cameroon,2003,67590.0,19.7203359353514,34.565085358888,915.572118213316,52.2674476439939,23.1,62.6629682400137,Other/Global,45.2463180385437,12.17,324.43,49.07,44.64,81108.0,121662.0,36.57,0.51,953.2,-0.75,26,1.0,271,90.62,9.66,13.94
Cameroon,2004,66220.0,19.8345708785513,35.5710795202132,984.574247075767,51.8173154039058,23.1,61.7149965009457,Other/Global,45.0988682278776,11.92,317.86,49.07,44.65,79464.0,119196.0,36.69,0.67,808.8,-1.06,24,1.0,278,90.4,9.42,14.79
Cameroon,2005,64850.0,19.9488058217511,36.5770736815383,1053.57637593821,51.4162147605315,23.1,60.833763733448,Other/Global,44.9514184172114,11.67,311.28,49.15,44.69,77820.0,116730.0,36.8,0.69,1047.8,0.06,30,1.0,245,92.12,9.71,13.82
Cameroon,2006,63480.0,20.0630407649509,37.5830678428634,1122.57850480066,50.7955826587139,23.1,60.331092721811,Other/Global,44.8039686065452,11.43,304.7,49.15,44.7,76176.0,114264.0,36.9,0.7,746.7,-0.95,26,1.0,268,89.86,10.4,16.17
Cameroon,2007,62110.0,20.1772757081508,38.5890620041886,1191.58063366311,50.2972971406242,23.1,59.8273458140224,Other/Global,44.6565187958791,11.18,298.13,49.23,44.75,74532.0,111798.0,37.01,0.65,844.7,-0.34,26,1.0,252,89.0,8.63,13.37
Cameroon,2008,60740.0,20.2915106513507,39.5950561655137,1260.58276252556,49.9141674731331,23.1,58.254628213145,Other/Global,44.5090689852129,10.93,291.55,49.23,44.75,72888.0,109332.0,37.1,0.66,922.3,-0.5,28,1.0,266,87.65,10.24,16.69
Cameroon,2009,59370.0,20.4057455945505,40.6010503268388,1329.58489138801,49.5285868664322,23.1,56.6799769351855,Other/Global,44.3616191745468,10.69,284.98,49.32,44.8,71244.0,106866.0,37.2,0.74,939.6,-0.34,25,1.0,262,88.51,12.43,13.61
Cameroon,2010,58000.0,20.5199805377504,41.607044488164,1398.58702025047,49.1494924628638,23.1,55.0999936618645,Other/Global,44.2141693638806,10.44,278.4,49.32,44.81,69600.0,104400.0,37.29,0.7,885.0,-0.61,23,1.0,264,89.51,12.72,14.17
Cameroon,2011,82500.0,20.5411351568614,42.916662647289,1401.86963562151,48.7770156965875,23.1,53.2850352247583,Other/Global,44.0957034968585,14.85,396.0,51.01,46.11,99000.0,148500.0,38.18,0.57,885.5,-0.8,23,1.0,280,90.43,13.14,18.99
Cameroon,2012,107000.0,20.5622897759725,44.226280806414,1405.15225099255,48.4112880017139,23.1,51.4211486771749,Other/Global,43.9772376298365,19.26,513.6,52.3,47.09,128400.0,192600.0,38.89,0.66,920.0,-1.14,27,1.0,253,88.52,13.56,12.72
Cameroon,2013,131500.0,20.5834443950836,45.5358989655391,1408.4348663636,48.0524408122976,23.1,49.4791824443025,Other/Global,43.8587717628144,23.67,631.2,53.34,47.88,157800.0,236700.0,39.49,0.75,865.7,-0.59,28,1.0,276,91.2,13.8,15.8
Cameroon,2014,156000.0,20.6045990141947,46.8455171246641,1411.71748173464,47.7006055623291,23.1,47.61304242759,Other/Global,43.7403058957923,28.08,748.8,54.23,48.55,187200.0,280800.0,40.03,0.61,992.7,-0.13,27,1.0,348,87.45,14.98,16.57
Cameroon,2015,180500.0,20.6257536333058,48.1551352837892,1415.00009710569,47.3559136857258,23.1,46.6540418965841,Other/Global,43.6218400287703,32.49,866.4,54.96,49.11,216600.0,324900.0,40.51,0.86,945.5,-0.72,32,1.0,268,88.84,14.69,14.9
Cameroon,2016,168192.0,20.6612692348374,49.6135956506103,1443.12081900605,47.0184966163208,23.1,45.7044523170765,Other/Global,43.5033741617482,30.27,807.32,54.79,48.94,201830.4,302745.6,40.55,0.83,949.6,-0.98,32,1.0,289,89.77,14.63,17.08
Cameroon,2017,155884.0,20.6967848363689,51.0720560174314,1471.24154090641,46.6884857878496,23.1,44.8112563190088,Other/Global,43.3849082947262,28.06,748.24,54.55,48.74,187060.8,280591.2,40.57,0.99,804.0,-0.92,30,1.0,303,89.43,16.21,17.61
Cameroon,2018,143576.0,20.7323004379006,52.5305163842525,1499.36226280677,46.3660126339347,23.1,43.8919191923519,Other/Global,43.2664424277041,25.84,689.16,54.31,48.52,172291.2,258436.8,40.57,0.92,876.4,-0.89,35,1.0,299,89.84,15.79,16.7
Cameroon,2019,131268.0,20.7678160394322,53.9889767510736,1527.48298470713,46.0512085880669,23.1,43.045070011853,Other/Global,43.147976560682,23.63,630.09,53.99,48.26,157521.6,236282.4,40.56,0.86,860.2,-0.65,33,1.0,294,89.41,16.21,16.54
Cameroon,2020,118960.0,20.8033316409638,55.4474371178947,1555.60370660749,45.7442050835826,23.1,44.0319997350509,Other/Global,43.02951069366,21.41,571.01,53.67,47.99,142752.0,214128.0,40.51,0.86,805.3,-0.44,29,1.0,323,90.03,15.73,17.19
Canada,1990,54560.0,6.84874057368227,3.08860186557717,21525.8611387148,23.4435562922979,23.1,3.48927372973001,Other/Global,38.8455115614254,9.82,261.89,53.75,42.84,65472.0,98208.0,26.57,0.27,922.3,-0.78,20,1.0,206,92.45,7.75,5.0
Canada,1991,54189.0,6.84744673802839,3.12200281297717,21800.3752304815,23.4046158684837,23.1,3.48927372973001,Other/Global,38.8402585886707,9.75,260.11,53.75,42.84,65026.8,97540.2,26.59,0.36,850.5,-0.66,22,1.0,198,92.38,7.24,5.0
Canada,1992,53818.0,6.84615290237452,3.15540376037717,22074.8893222482,23.2647167571936,23.1,3.45132948650857,Other/Global,38.835005615916,9.69,258.33,53.67,42.79,64581.6,96872.4,26.61,0.33,946.0,-0.17,18,1.0,224,91.75,7.36,5.59
Canada,1993,53447.0,6.84485906672065,3.18880470777718,22349.4034140149,23.0034313744088,23.1,3.48252594303928,Other/Global,38.8297526431612,9.62,256.55,53.67,42.78,64136.4,96204.6,26.64,0.49,808.0,-0.26,24,1.0,206,95.35,7.62,5.0
Canada,1994,53076.0,6.84356523106678,3.22220565517718,22623.9175057817,22.6828714579057,23.1,3.34804287205232,Other/Global,38.8244996704065,9.55,254.76,53.67,42.77,63691.2,95536.8,26.66,0.32,1031.2,-0.31,24,1.0,205,92.64,9.24,5.0
Canada,1995,52705.0,6.84227139541291,3.25560660257719,22898.4315975484,22.3643517412502,23.1,3.15348942774917,Other/Global,38.8192466976518,9.49,252.98,53.59,42.72,63246.0,94869.0,26.68,0.43,822.0,-0.02,20,1.0,230,93.26,10.93,5.0
Canada,1996,52334.0,6.84097755975903,3.28900754997719,23172.9456893151,22.1075366070305,23.1,3.11228743147143,Other/Global,38.8139937248971,9.42,251.2,53.59,42.71,62800.8,94201.2,26.71,0.32,911.3,-0.18,20,1.0,205,92.49,10.6,6.0
Canada,1997,51963.0,6.83968372410516,3.32240849737719,23447.4597810819,21.9096601209129,23.1,3.00730843831424,Other/Global,38.8087407521424,9.35,249.42,53.51,42.66,62355.6,93533.4,26.73,0.34,957.1,-0.11,19,1.0,255,94.65,11.37,7.31
Canada,1998,51592.0,6.83838988845129,3.3558094447772,23721.9738728486,21.7306176918179,23.1,2.99099950239732,Other/Global,38.8034877793876,9.29,247.64,53.51,42.65,61910.4,92865.6,26.75,0.37,848.2,-0.53,22,1.0,254,92.73,10.41,5.88
Canada,1999,51221.0,6.83709605279742,3.3892103921772,23996.4879646153,21.5560690670642,23.1,2.80597833894464,Other/Global,38.7982348066329,9.22,245.86,53.51,42.64,61465.2,92197.8,26.77,0.3,962.1,-0.16,21,1.0,243,93.13,11.76,6.19
Canada,2000,50850.0,6.83580221714355,3.42261133957721,24271.0020563821,21.3707004491053,23.1,2.51550471790509,Other/Global,38.7929818338782,9.15,244.08,53.42,42.59,61020.0,91530.0,26.79,0.36,795.6,-0.32,20,1.0,230,91.69,13.57,6.5
Canada,2001,50584.0,6.8022628739436,3.45964372673745,26599.9685108379,21.1585235050264,23.1,2.16014051934169,Other/Global,38.7876307080739,9.11,242.8,53.42,42.57,60700.8,91051.2,26.82,0.52,1010.1,-0.37,26,1.0,226,94.86,13.31,5.0
Canada,2002,50318.0,6.76872353074365,3.49667611389769,28928.9349652938,20.9009765197766,23.1,2.11688465570581,Other/Global,38.7822795822695,9.06,241.53,53.42,42.55,60381.6,90572.4,26.84,0.46,895.1,-0.28,22,1.0,207,93.02,13.1,5.0
Canada,2003,50052.0,6.73518418754371,3.53370850105793,31257.9014197496,20.608619325761,23.1,2.10705453257448,Other/Global,38.7769284564652,9.01,240.25,53.34,42.5,60062.4,90093.6,26.87,0.64,846.3,-0.81,26,1.0,273,94.92,12.77,5.63
Canada,2004,49786.0,6.70164484434376,3.57074088821817,33586.8678742055,20.3076936651685,23.1,2.0231663293645,Other/Global,38.7715773306609,8.96,238.97,53.34,42.48,59743.2,89614.8,26.89,0.55,870.1,-0.77,22,1.0,238,92.05,13.81,6.71
Canada,2005,49520.0,6.66810550114382,3.60777327537842,35915.8343286613,20.0239384117035,23.1,2.12204852376445,Other/Global,38.7662262048566,8.91,237.7,53.34,42.46,59424.0,89136.0,26.92,0.74,958.8,0.38,28,1.0,262,92.25,16.11,5.0
Canada,2006,49254.0,6.63456615794387,3.64480566253866,38244.8007831172,19.780933900721,23.1,2.081789147884,Other/Global,38.7608750790522,8.87,236.42,53.34,42.44,59104.8,88657.2,26.94,0.84,847.3,-0.72,27,1.0,263,92.16,16.49,5.97
Canada,2007,48988.0,6.60102681474392,3.6818380496989,40573.767237573,19.5574384863218,23.1,1.95752994034861,Other/Global,38.7555239532479,8.82,235.14,53.26,42.39,58785.6,88178.4,26.97,0.53,834.2,-0.46,24,1.0,238,92.46,18.48,5.09
Canada,2008,48722.0,6.56748747154398,3.71887043685914,42902.7336920289,19.3371055083396,23.1,1.91459519630089,Other/Global,38.7501728274436,8.77,233.87,53.26,42.37,58466.4,87699.6,26.99,0.64,876.4,-0.25,25,1.0,258,93.61,17.83,5.0
Canada,2009,48456.0,6.53394812834403,3.75590282401938,45231.7001464847,19.1408161106079,23.1,1.90144591433657,Other/Global,38.7448217016393,8.72,232.59,53.26,42.35,58147.2,87220.8,27.02,0.73,800.0,-1.34,26,1.0,253,90.36,17.32,5.0
Canada,2010,48190.0,6.50040878514409,3.79293521117963,47560.6666009406,18.9879107747063,23.1,1.77842499729028,Other/Global,38.7394705758349,8.67,231.31,53.26,42.34,57828.0,86742.0,27.04,0.64,1039.9,0.48,28,1.0,286,92.77,19.05,5.0
Canada,2011,49680.0,6.49382806931836,3.83082666059902,46767.3721016603,18.8968574565787,23.1,1.76816741353585,Other/Global,38.7348640747569,8.94,238.46,53.34,42.41,59616.0,89424.0,27.1,0.67,848.7,-1.46,23,1.0,290,91.89,19.53,5.0
Canada,2012,51170.0,6.48724735349263,3.86871811001841,45974.0776023801,18.8486516751209,23.1,1.72459713492878,Other/Global,38.7302575736789,9.21,245.62,53.51,42.53,61404.0,92106.0,27.17,0.61,960.4,-0.52,25,1.0,277,91.76,19.45,10.52
Canada,2013,52660.0,6.4806666376669,3.9066095594378,45180.7831030998,18.816560042542,23.1,1.80262100437915,Other/Global,38.7256510726009,9.48,252.77,53.67,42.65,63192.0,94788.0,27.23,0.7,910.4,-0.66,24,1.0,272,93.39,20.01,5.0
Canada,2014,54150.0,6.47408592184117,3.94450100885719,44387.4886038196,18.788816838444,23.1,1.72755587442517,Other/Global,38.7210445715229,9.75,259.92,53.83,42.76,64980.0,97470.0,27.29,0.73,814.7,-0.69,24,1.0,291,93.19,20.58,5.0
Canada,2015,55640.0,6.46750520601544,3.98239245827659,43594.1941045394,18.7534329723301,23.1,1.64394121632256,Other/Global,38.7164380704449,10.02,267.07,53.99,42.87,66768.0,100152.0,27.35,0.91,892.8,-0.69,30,1.0,308,93.87,18.92,5.08
Canada,2016,54616.0,6.44815120923441,4.03423823752815,43582.9231434123,18.6976988906297,23.1,1.94789240379432,Other/Global,38.7120133755838,9.83,262.16,53.91,42.81,65539.2,98308.8,27.37,0.9,956.2,-0.58,28,1.0,272,93.3,20.38,5.0
Canada,2017,53592.0,6.42879721245338,4.08608401677971,43571.6521822852,18.5981054167774,23.1,1.51620180760819,Other/Global,38.7078876013737,9.65,257.24,53.75,42.7,64310.4,96465.6,27.39,0.97,878.5,-0.85,27,1.0,330,93.06,22.31,5.53
Canada,2018,52568.0,6.40944321567236,4.13792979603127,43560.3812211581,18.4499658353347,23.1,1.51886551919167,Other/Global,38.7037629425392,9.46,252.33,53.67,42.63,63081.6,94622.4,27.4,0.95,989.1,-0.76,28,1.0,298,92.18,22.96,5.0
Canada,2019,51544.0,6.39008921889133,4.18977557528282,43549.110260031,18.2636327952059,23.1,1.53796177745857,Other/Global,38.6996371683291,9.28,247.41,53.59,42.55,61852.8,92779.2,27.42,0.96,975.5,-0.97,28,1.0,303,91.74,21.03,5.0
Canada,2020,50520.0,6.37073522211031,4.24162135453439,43537.839298904,18.0490111289434,23.1,1.55065027703378,Other/Global,38.6955125094946,9.09,242.5,53.51,42.48,60624.0,90936.0,27.43,0.96,967.5,-0.33,28,1.0,333,93.58,21.41,5.0
Cayman Islands,1990,20.0,11.25,108.329166666667,76837.6710064442,0.0,23.1,18.5778506151342,Other/Global,54.7083333333333,0.0,0.1,11.12,12.82,24.0,36.0,22.86,0.3,863.2,-0.15,19,1.0,203,91.33,16.64,13.92
Cayman Islands,1991,20.0,11.25,114.027083333333,76837.6710064442,0.0,23.1,18.5778506151342,Other/Global,54.625,0.0,0.1,11.12,12.82,24.0,36.0,22.96,0.31,813.6,-0.06,20,1.0,206,92.12,18.03,8.82
Cayman Islands,1992,20.0,11.25,119.725,76837.6710064442,0.0,23.1,18.5778506151342,Other/Global,54.5416666666667,0.0,0.1,11.12,12.82,24.0,36.0,23.06,0.42,850.9,-0.74,24,1.0,197,91.63,16.96,13.63
Cayman Islands,1993,20.0,11.25,125.422916666666,76837.6710064442,0.0,23.1,18.5778506151342,Other/Global,54.4583333333333,0.0,0.1,11.2,12.86,24.0,36.0,23.15,0.6,915.7,-0.22,22,1.0,206,89.19,17.25,12.53
Cayman Islands,1994,20.0,11.25,131.120833333333,76837.6710064442,0.0,23.1,18.5778506151342,Other/Global,54.375,0.0,0.1,11.2,12.86,24.0,36.0,23.24,0.52,943.7,-0.36,26,1.0,207,92.22,16.98,13.62
Cayman Islands,1995,20.0,11.25,136.81875,76837.6710064442,0.0,23.1,18.5778506151342,Other/Global,54.2916666666667,0.0,0.1,11.2,12.86,24.0,36.0,23.33,0.41,726.3,-0.55,17,1.0,195,90.89,18.74,13.54
Cayman Islands,1996,20.0,11.25,142.516666666666,76837.6710064442,0.0,23.1,18.5778506151342,Other/Global,54.2083333333333,0.0,0.1,11.2,12.86,24.0,36.0,23.42,0.51,899.3,-0.1,22,1.0,193,92.67,18.06,13.84
Cayman Islands,1997,20.0,11.25,148.214583333333,76837.6710064442,0.0,23.1,18.5778506151342,Other/Global,54.125,0.0,0.1,11.28,12.9,24.0,36.0,23.5,0.36,912.6,-0.18,23,1.0,225,89.41,19.94,14.12
Cayman Islands,1998,20.0,11.25,153.912499999999,76837.6710064442,0.0,23.1,18.5778506151342,Other/Global,54.0416666666667,0.0,0.1,11.28,12.9,24.0,36.0,23.58,0.21,877.8,-0.34,16,1.0,211,93.92,19.35,16.65
Cayman Islands,1999,20.0,11.25,159.610416666666,76837.6710064442,0.0,23.1,18.5778506151342,Other/Global,53.9583333333333,0.0,0.1,11.28,12.9,24.0,36.0,23.66,0.29,1003.3,0.4,17,1.0,245,90.92,19.65,14.8
Cayman Islands,2000,20.0,11.25,165.308333333333,76837.6710064442,0.0,23.1,18.5778506151342,Other/Global,53.875,0.0,0.1,11.28,12.9,24.0,36.0,23.73,0.24,933.7,0.11,17,1.0,235,92.2,19.17,17.05
Cayman Islands,2001,18.0,11.25,171.318749999999,76837.6710064442,0.0,23.1,18.5778506151342,Other/Global,53.7875,0.0,0.09,10.96,12.61,21.6,32.4,23.52,0.41,1004.8,-0.18,23,1.0,218,90.78,19.58,14.44
Cayman Islands,2002,16.0,11.25,177.329166666666,76837.6710064442,0.0,23.1,18.5778506151342,Other/Global,53.7,0.0,0.08,10.56,12.27,19.2,28.8,23.27,0.51,882.7,-0.86,22,1.0,269,90.95,20.09,17.85
Cayman Islands,2003,14.0,11.25,183.339583333333,76837.6710064442,0.0,23.1,18.5778506151342,Other/Global,53.6125,0.0,0.07,10.15,11.9,16.8,25.2,22.97,0.71,975.0,-0.4,23,1.0,243,92.46,20.89,15.44
Cayman Islands,2004,12.0,11.25,189.349999999999,76837.6710064442,0.0,23.1,18.5778506151342,Other/Global,53.525,0.0,0.06,9.59,11.44,14.4,21.6,22.61,0.67,1030.8,0.35,27,1.0,260,91.4,22.23,15.77
Cayman Islands,2005,10.0,11.25,195.360416666666,76837.6710064442,0.0,23.1,18.5778506151342,Other/Global,53.4375,0.0,0.05,9.02,10.94,12.0,18.0,22.17,0.68,1004.9,0.15,24,1.0,281,91.48,22.38,12.97
Cayman Islands,2006,8.0,11.25,201.370833333333,76837.6710064442,0.0,23.1,18.5778506151342,Other/Global,53.35,0.0,0.04,8.3,10.33,9.6,14.4,21.62,0.79,812.6,-1.26,24,1.0,259,92.66,21.73,15.01
Cayman Islands,2007,6.0,11.25,207.381249999999,76837.6710064442,0.0,23.1,18.5778506151342,Other/Global,53.2625,0.0,0.03,7.33,9.52,7.2,10.8,20.91,0.55,879.7,-0.86,22,1.0,263,91.86,20.81,15.72
Cayman Islands,2008,4.0,11.25,213.391666666666,76837.6710064442,0.0,23.1,18.5778506151342,Other/Global,53.175,0.0,0.02,6.04,8.45,4.8,7.2,19.92,0.73,872.4,-0.29,26,1.0,288,92.18,22.29,13.8
Cayman Islands,2009,2.0,11.25,219.402083333333,76837.6710064442,0.0,23.1,18.5778506151342,Other/Global,53.0875,0.0,0.01,4.19,6.87,2.4,3.6,18.38,0.74,939.1,-0.8,27,1.0,266,90.89,23.37,15.99
Cayman Islands,2010,0.0,11.25,225.4125,76837.6710064442,0.0,23.1,18.5778506151342,Other/Global,53.0,0.0,0.0,0.0,3.38,0.0,0.0,15.0,0.54,954.9,-0.1,24,1.0,290,92.44,23.81,19.39
Cayman Islands,2011,0.0,11.25,231.698333333333,76745.9787807151,0.0,23.1,18.5778506151342,Other/Global,53.0,0.0,0.0,0.0,3.38,0.0,0.0,15.0,0.74,832.9,-1.0,23,1.0,276,91.77,25.46,19.93
Cayman Islands,2012,0.0,11.25,237.984166666666,76654.286554986,0.0,23.1,18.5778506151342,Other/Global,53.0,0.0,0.0,0.0,3.38,0.0,0.0,15.0,0.68,905.4,-0.04,23,1.0,283,92.15,25.5,15.28
Cayman Islands,2013,0.0,11.25,244.27,76562.5943292569,0.0,23.1,18.5778506151342,Other/Global,53.0,0.0,0.0,0.0,3.38,0.0,0.0,15.0,0.66,738.4,-1.3,28,1.0,287,92.07,25.36,22.29
Cayman Islands,2014,0.0,11.25,250.555833333333,76470.9021035278,0.0,23.1,18.5778506151342,Other/Global,53.0,0.0,0.0,0.0,3.38,0.0,0.0,15.0,0.79,1015.4,0.1,26,1.0,282,92.99,24.57,20.96
Cayman Islands,2015,0.0,11.25,256.841666666667,76379.2098777987,0.0,23.1,18.5778506151342,Other/Global,53.0,0.0,0.0,0.0,3.38,0.0,0.0,15.0,1.0,859.0,-0.88,29,1.0,283,92.24,25.68,23.75
Cayman Islands,2016,0.0,11.25,262.71,77571.1274510194,0.0,23.1,18.5778506151342,Other/Global,53.0,0.0,0.0,0.0,3.38,0.0,0.0,15.0,0.9,904.5,-0.63,26,1.0,285,90.25,26.43,22.1
Cayman Islands,2017,0.0,11.25,268.578333333333,78763.0450242401,0.0,23.1,18.5778506151342,Other/Global,53.0,0.0,0.0,0.0,3.38,0.0,0.0,15.0,0.96,875.2,-1.44,27,1.0,279,90.92,27.63,23.96
Cayman Islands,2018,0.0,11.25,274.446666666666,79954.9625974608,0.0,23.1,18.5778506151342,Other/Global,53.375,0.0,0.0,0.0,3.38,0.0,0.0,15.0,0.95,991.7,-1.12,27,1.0,295,91.91,26.34,21.31
Cayman Islands,2019,0.0,11.25,280.314999999999,81146.8801706815,0.0,23.1,18.5778506151342,Other/Global,53.0,0.0,0.0,0.0,3.38,0.0,0.0,15.0,0.93,673.0,-1.57,29,1.0,301,92.12,28.4,19.21
Cayman Islands,2020,0.0,11.25,286.183333333333,82338.7977439023,0.0,23.1,18.5778506151342,Other/Global,53.0,0.0,0.0,0.0,3.38,0.0,0.0,15.0,1.06,898.7,-0.78,32,1.0,315,90.05,28.73,21.58
Central African Republic,1990,34990.0,7.95447847442936,4.6099553757745,501.656200636394,62.7991991057858,23.1,63.6908127540949,Other/Global,37.2451764101576,6.3,167.95,52.94,42.2,41988.0,62982.0,27.26,0.2,887.3,-0.54,25,1.0,202,91.27,4.17,5.0
Central African Republic,1991,34990.0,7.95703377315484,4.76429516196346,475.405993945361,62.7317706721202,23.1,63.6908127540949,Other/Global,37.1970207711323,6.3,167.95,52.94,42.21,41988.0,62982.0,27.37,0.35,859.5,-0.74,20,1.0,223,93.77,5.99,5.0
Central African Republic,1992,34990.0,7.95958907188032,4.91863494815242,449.155787254329,62.6719358647755,23.1,64.9407001804265,Other/Global,37.148865132107,6.3,167.95,53.02,42.25,41988.0,62982.0,27.47,0.36,1033.9,0.33,20,1.0,226,94.82,3.81,5.19
Central African Republic,1993,34990.0,7.9621443706058,5.07297473434138,422.905580563297,62.6182937176675,23.1,65.3358943707797,Other/Global,37.1007094930816,6.3,167.95,53.02,42.25,41988.0,62982.0,27.56,0.47,824.8,-0.46,21,1.0,234,90.47,7.44,7.22
Central African Republic,1994,34990.0,7.96469966933128,5.22731452053035,396.655373872264,62.5694432647119,23.1,65.0953429537162,Other/Global,37.0525538540563,6.3,167.95,53.1,42.29,41988.0,62982.0,27.66,0.48,957.5,-0.23,21,1.0,215,92.77,7.13,5.72
Central African Republic,1995,34990.0,7.96725496805676,5.38165430671931,370.405167181232,62.5239835398246,23.1,64.7148024641606,Other/Global,37.004398215031,6.3,167.95,53.1,42.29,41988.0,62982.0,27.75,0.52,924.3,-0.1,26,1.0,214,92.52,6.3,5.0
Central African Republic,1996,34990.0,7.96981026678224,5.53599409290827,344.1549604902,62.4805135769213,23.1,65.6891302662156,Other/Global,36.9562425760056,6.3,167.95,53.18,42.33,41988.0,62982.0,27.84,0.38,996.7,-0.33,19,1.0,204,93.67,6.49,5.0
Central African Republic,1997,34990.0,7.97236556550772,5.69033387909724,317.904753799167,62.4376324099178,23.1,65.4637694959151,Other/Global,36.9080869369803,6.3,167.95,53.18,42.33,41988.0,62982.0,27.93,0.37,842.4,-0.59,22,1.0,248,93.05,7.18,5.0
Central African Republic,1998,34990.0,7.9749208642332,5.8446736652862,291.654547108135,62.3939390727298,23.1,65.2830912607207,Other/Global,36.859931297955,6.3,167.95,53.26,42.37,41988.0,62982.0,28.01,0.29,837.2,0.05,22,1.0,214,93.45,6.98,5.0
Central African Republic,1999,34990.0,7.97747616295868,5.99901345147516,265.404340417103,62.3480325992731,23.1,64.8975752568535,Other/Global,36.8117756589297,6.3,167.95,53.26,42.37,41988.0,62982.0,28.1,0.33,983.5,0.03,19,1.0,222,89.72,7.78,5.0
Central African Republic,2000,34990.0,7.98003146168416,6.15335323766413,239.154133726071,62.2985120234636,23.1,65.5943614397578,Other/Global,36.7636200199043,6.3,167.95,53.34,42.41,41988.0,62982.0,28.18,0.42,929.8,-0.2,21,1.0,242,92.45,8.99,5.0
Central African Republic,2001,34990.0,7.97171658801245,6.25922806510642,262.926099048536,62.2439763792169,23.1,65.4342146157866,Other/Global,36.715464380879,6.3,167.95,53.34,42.41,41988.0,62982.0,28.24,0.5,772.2,-0.13,20,1.0,238,91.37,8.15,5.34
Central African Republic,2002,34990.0,7.96340171434074,6.36510289254871,286.698064371002,62.1830247004489,23.1,65.2809873265759,Other/Global,36.6673087418537,6.3,167.95,53.42,42.45,41988.0,62982.0,28.3,0.43,852.7,-0.92,23,1.0,267,91.4,9.86,5.0
Central African Republic,2003,34990.0,7.95508684066903,6.47097771999101,310.470029693468,62.1136828068076,23.1,66.4715168158205,Other/Global,36.6191531028283,6.3,167.95,53.42,42.44,41988.0,62982.0,28.35,0.65,926.7,-0.19,22,1.0,238,90.99,9.29,5.0
Central African Republic,2004,34990.0,7.94677196699733,6.5768525474333,334.241995015933,62.0373110607938,23.1,65.9831956479473,Other/Global,36.570997463803,6.3,167.95,53.51,42.49,41988.0,62982.0,28.4,0.75,962.8,0.11,26,1.0,253,92.74,10.74,5.69
Central African Republic,2005,34990.0,7.93845709332562,6.6827273748756,358.013960338399,61.9551489573134,23.1,66.1426916024208,Other/Global,36.5228418247777,6.3,167.95,53.51,42.48,41988.0,62982.0,28.46,0.73,841.5,-0.88,26,1.0,228,92.87,11.34,5.0
Central African Republic,2006,34990.0,7.93014221965391,6.78860220231789,381.785925660865,61.865566318877,23.1,65.8438802793231,Other/Global,36.4746861857524,6.3,167.95,53.59,42.52,41988.0,62982.0,28.51,0.87,662.7,-1.23,29,1.0,278,93.22,9.84,7.51
Central African Republic,2007,34990.0,7.92182734598221,6.89447702976018,405.55789098333,61.7656660563921,23.1,65.5378116081288,Other/Global,36.426530546727,6.3,167.95,53.59,42.52,41988.0,62982.0,28.56,0.66,937.7,-0.7,24,1.0,238,91.99,9.33,5.0
Central African Republic,2008,34990.0,7.9135124723105,7.00035185720248,429.329856305796,61.6525510807662,23.1,65.5902616266313,Other/Global,36.3783749077017,6.3,167.95,53.67,42.56,41988.0,62982.0,28.62,0.61,798.2,-1.03,23,1.0,304,94.13,11.54,5.0
Central African Republic,2009,34990.0,7.90519759863879,7.10622668464477,453.101821628262,61.523324302907,23.1,64.4233005227795,Other/Global,36.3302192686764,6.3,167.95,53.67,42.55,41988.0,62982.0,28.67,0.54,734.4,-0.87,24,1.0,268,91.36,11.99,5.0
Central African Republic,2010,34990.0,7.89688272496709,7.21210151208707,476.873786950728,61.3755036895797,23.1,63.6504048551414,Other/Global,36.282063629651,6.3,167.95,53.75,42.59,41988.0,62982.0,28.72,0.78,669.2,-1.15,23,1.0,269,90.76,11.19,5.72
Central African Republic,2011,37296.0,7.89620854602073,7.25586696202125,454.763600348206,61.1969330534993,23.1,63.3051265150031,Other/Global,36.2339079906257,6.71,179.02,54.07,42.83,44755.2,67132.8,28.82,0.7,960.6,-0.02,25,1.0,277,92.74,13.88,5.7
Central African Republic,2012,39602.0,7.89553436707438,7.29963241195544,432.653413745685,60.9698303961483,23.1,62.6506024096386,Other/Global,36.1857523516004,7.13,190.09,54.47,43.11,47522.4,71283.6,28.92,0.65,905.5,-0.03,25,1.0,265,91.65,12.64,5.0
Central African Republic,2013,41908.0,7.89486018812802,7.34339786188962,410.543227143163,60.6957036517223,23.1,65.6313104854073,Other/Global,36.137596712575,7.54,201.16,54.79,43.34,50289.6,75434.4,29.02,0.71,876.9,-0.67,29,1.0,294,93.11,13.81,5.39
Central African Republic,2014,44214.0,7.89418600918167,7.38716331182381,388.433040540642,60.3773478131262,23.1,65.5782260099785,Other/Global,36.0894410735497,7.96,212.23,55.12,43.57,53056.8,79585.2,29.11,0.65,1005.8,0.19,25,1.0,282,91.69,13.09,6.2
Central African Republic,2015,46520.0,7.89351183023532,7.430928761758,366.322853938121,60.0175578732649,23.1,64.9199143238182,Other/Global,36.0412854345244,8.37,223.3,55.36,43.76,55824.0,83736.0,29.2,1.01,945.4,-0.76,29,1.0,287,91.78,12.86,6.66
Central African Republic,2016,46520.0,8.10854281036309,7.55847956595717,385.634097409299,59.6191288250434,23.1,64.5362704614863,Other/Global,35.9931297954991,8.37,223.3,55.44,43.86,55824.0,83736.0,29.26,0.89,1023.7,-0.03,27,1.0,314,91.63,15.37,5.36
Central African Republic,2017,46520.0,8.32357379049086,7.68603037015634,404.945340880477,59.1848556613666,23.1,64.1499025108055,Other/Global,35.9449741564737,8.37,223.3,55.44,43.93,55824.0,83736.0,29.32,0.95,783.0,-1.09,27,1.0,272,91.49,14.08,5.0
Central African Republic,2018,46520.0,8.53860477061863,7.81358117435551,424.256584351654,58.7175333751394,23.1,63.9355114938651,Other/Global,35.8968185174484,8.37,223.3,55.52,44.03,55824.0,83736.0,29.38,1.04,891.7,-0.73,28,1.0,299,92.31,15.83,5.0
Central African Republic,2019,46520.0,8.7536357507464,7.94113197855468,443.567827822833,58.2199569592668,23.1,63.620639457259,Other/Global,35.8486628784231,8.37,223.3,55.52,44.1,55824.0,83736.0,29.43,1.04,765.1,-1.15,30,1.0,304,92.55,14.92,6.52
Central African Republic,2020,46520.0,8.96866673087418,8.06868278275386,462.879071294011,57.6949214066537,23.1,65.4185169635447,Other/Global,35.8005072393977,8.37,223.3,55.6,44.2,55824.0,83736.0,29.49,1.01,876.1,-1.37,29,1.0,311,91.33,15.79,7.58
Chad,1990,38030.0,38.3576874205845,4.75129685514612,290.599045262191,78.7989395354515,42.3,83.6088158949757,Other/Global,5.34466327827192,6.85,182.54,80.42,65.17,45636.0,68454.0,27.46,0.21,875.5,-0.59,18,1.0,195,83.46,4.42,23.84
Chad,1991,42484.0,38.3838945362134,4.95215930749681,277.851307104308,78.7083546078995,42.3,83.6088158949757,Other/Global,5.31472363405337,7.65,203.92,81.31,65.77,50980.8,76471.2,27.72,0.38,945.0,-0.12,24,1.0,202,85.45,4.9,22.82
Chad,1992,46938.0,38.4101016518424,5.15302175984751,265.103568946426,78.6390645856301,42.3,83.4642472624996,Other/Global,5.28478398983482,8.45,225.3,82.11,66.3,56325.6,84488.4,27.97,0.55,898.0,-0.95,22,1.0,238,85.31,4.79,22.52
Chad,1993,51392.0,38.4363087674714,5.35388421219821,252.355830788544,78.5898800179941,42.3,83.3534246882569,Other/Global,5.25484434561626,9.25,246.68,82.84,66.79,61670.4,92505.6,28.2,0.54,943.7,-0.04,23,1.0,222,85.7,6.25,25.33
Chad,1994,55846.0,38.4625158831003,5.55474666454891,239.608092630662,78.5492938368952,42.3,82.9487963750774,Other/Global,5.22490470139771,10.05,268.06,83.48,67.22,67015.2,100522.8,28.42,0.58,949.6,-0.04,23,1.0,206,83.58,6.81,21.32
Chad,1995,60300.0,38.4887229987293,5.75560911689961,226.86035447278,78.5101527985749,42.3,82.645551338384,Other/Global,5.19496505717916,10.85,289.44,84.13,67.65,72360.0,108540.0,28.64,0.4,1065.2,0.33,22,1.0,231,83.84,7.41,22.88
Chad,1996,64754.0,38.5149301143583,5.95647156925031,214.112616314897,78.4730642617562,42.3,82.3194801380424,Other/Global,5.16502541296061,11.66,310.82,84.69,68.03,77704.8,116557.2,28.85,0.34,867.0,-0.72,19,1.0,225,85.81,6.45,26.77
Chad,1997,69208.0,38.5411372299872,6.15733402160101,201.364878157015,78.4381280161619,42.3,81.9354690165009,Other/Global,5.13508576874206,12.46,332.2,85.17,68.37,83049.6,124574.4,29.04,0.38,816.4,-0.17,20,1.0,239,85.89,6.3,26.29
Chad,1998,73662.0,38.5673443456162,6.35819647395171,188.617139999133,78.4054438515145,42.3,81.5088050964696,Other/Global,5.10514612452351,13.26,353.58,85.74,68.74,88394.4,132591.6,29.24,0.37,910.8,0.35,20,1.0,229,84.32,7.74,24.41
Chad,1999,78116.0,38.5935514612452,6.55905892630241,175.869401841251,78.3751115575369,42.3,81.1358639869361,Other/Global,5.07520648030496,14.06,374.96,86.14,69.02,93739.2,140608.8,29.42,0.46,826.4,-0.57,21,1.0,223,83.66,8.24,23.1
Chad,2000,82570.0,38.6197585768742,6.75992137865311,163.121663683369,78.3472309239516,42.3,80.7644629550879,Other/Global,5.0452668360864,14.86,396.34,86.62,69.34,99084.0,148626.0,29.6,0.26,1008.6,0.31,20,1.0,214,83.95,8.63,23.62
Chad,2001,87135.0,38.6678049555273,7.06173856416772,260.989566583444,78.3219017404812,42.3,80.2636293873464,Other/Global,4.97990787801779,15.68,418.25,87.11,69.67,104562.0,156843.0,29.83,0.56,866.9,-0.5,28,1.0,259,83.62,9.95,24.38
Chad,2002,91700.0,38.7158513341804,7.36355574968233,358.857469483519,78.2992237968485,42.3,79.7652081314206,Other/Global,4.91454891994917,16.51,440.16,87.51,69.95,110040.0,165060.0,30.06,0.49,843.7,-0.42,26,1.0,256,85.73,9.2,28.5
Chad,2003,96265.0,38.7638977128335,7.66537293519694,456.725372383594,78.2792968827761,42.3,79.2958960863764,Other/Global,4.84918996188056,17.33,462.07,87.99,70.26,115518.0,173277.0,30.27,0.54,850.7,-0.63,24,1.0,255,85.61,11.19,26.41
Chad,2004,100830.0,38.8119440914866,7.96719012071156,554.593275283669,78.2622207879866,42.3,78.8904936259549,Other/Global,4.78383100381194,18.15,483.98,88.4,70.54,120996.0,181494.0,30.49,0.56,945.4,-0.31,25,1.0,262,84.84,10.61,26.23
Chad,2005,105395.0,38.8599904701397,8.26900730622617,652.461178183744,78.2480953022027,42.3,78.3146997658926,Other/Global,4.71847204574333,18.97,505.9,88.8,70.81,126474.0,189711.0,30.69,0.56,874.7,-0.26,26,1.0,275,83.92,11.03,24.21
Chad,2006,109960.0,38.9080368487928,8.57082449174078,750.329081083819,78.2370202151471,42.3,77.9252386361592,Other/Global,4.65311308767471,19.79,527.81,89.2,71.08,131952.0,197928.0,30.89,0.79,835.5,-0.14,27,1.0,234,83.67,10.76,23.61
Chad,2007,114525.0,38.9560832274459,8.8726416772554,848.196983983894,78.2290953165424,42.3,77.4348981514325,Other/Global,4.5877541296061,20.61,549.72,89.52,71.31,137430.0,206145.0,31.08,0.73,1019.5,-0.61,28,1.0,264,83.97,10.84,24.28
Chad,2008,119090.0,39.004129606099,9.17445886277001,946.064886883969,78.2244203961113,42.3,76.9652871098128,Other/Global,4.52239517153748,21.44,571.63,89.93,71.58,142908.0,214362.0,31.27,0.6,817.2,-0.79,28,1.0,240,83.63,10.99,26.75
Chad,2009,123655.0,39.0521759847521,9.47627604828462,1043.93278978404,78.2215603431245,42.3,76.1808337379752,Other/Global,4.45703621346887,22.26,593.54,90.25,71.8,148386.0,222579.0,31.46,0.58,888.0,-0.86,29,1.0,264,84.96,12.02,28.08
Chad,2010,128220.0,39.1002223634053,9.77809323379924,1141.80069268412,78.1527621808905,42.3,75.6915628115218,Other/Global,4.39167725540025,23.08,615.46,90.57,72.02,153864.0,230796.0,31.64,0.63,936.8,0.1,25,1.0,279,85.59,12.97,23.2
Chad,2011,128218.0,39.2593710292248,10.1489709339263,1112.23870026946,78.0441263202362,42.3,75.2205040772452,Other/Global,4.29002541296061,23.08,615.45,90.73,72.15,153861.6,230792.4,31.79,0.78,754.1,-1.29,30,1.0,272,85.59,12.49,20.43
Chad,2012,128216.0,39.4185196950444,10.5198486340533,1082.67670785481,77.8938095851822,42.3,74.5245145979661,Other/Global,4.18837357052097,23.08,615.44,90.81,72.24,153859.2,230788.8,31.95,0.63,923.0,-0.86,27,1.0,307,83.53,12.73,24.64
Chad,2013,128214.0,39.577668360864,10.8907263341804,1053.11471544016,77.7024070147609,42.3,73.6629058434116,Other/Global,4.08672172808132,23.08,615.43,90.89,72.32,153856.8,230785.2,32.09,0.57,800.2,-0.6,27,1.0,280,83.84,12.57,27.37
Chad,2014,128212.0,39.7368170266836,11.2616040343075,1023.55272302551,77.4705486513991,42.3,72.9998492657774,Other/Global,3.98506988564168,23.08,615.42,90.98,72.42,153854.4,230781.6,32.24,0.72,950.4,0.12,27,1.0,276,83.85,14.18,24.23
Chad,2015,128210.0,39.8959656925032,11.6324817344346,993.990730610869,77.1988741171026,42.3,72.3825875848713,Other/Global,3.88341804320203,23.08,615.41,91.06,72.5,153852.0,230778.0,32.38,0.79,807.6,-0.74,31,1.0,292,85.7,13.29,26.39
Chad,2016,128210.0,39.9120076238882,12.0417984434562,968.582147466777,76.8880265292821,42.3,71.8520905673775,Other/Global,3.78732528589581,23.08,615.41,91.22,72.59,153852.0,230778.0,32.53,0.67,940.0,-0.34,25,1.0,279,82.87,14.84,23.26
Chad,2017,128210.0,39.9280495552732,12.4511151524778,943.173564322685,76.538650528895,42.3,71.127658802366,Other/Global,3.69361499364676,23.08,615.41,91.3,72.63,153852.0,230778.0,32.67,0.94,973.1,-0.39,32,1.0,285,84.46,15.13,24.95
Chad,2018,128210.0,39.9440914866582,12.8604318614994,917.764981178593,76.1513915075025,42.3,70.3853027436331,Other/Global,3.60149301143583,23.08,615.41,91.38,72.68,153852.0,230778.0,32.82,0.97,953.5,-0.17,33,1.0,316,83.41,15.17,23.99
Chad,2019,128210.0,39.9601334180432,13.269748570521,892.356398034501,75.7268952613367,42.3,70.2043893743242,Other/Global,3.51175349428208,23.08,615.41,91.46,72.72,153852.0,230778.0,32.96,1.06,904.7,-1.09,31,1.0,320,84.23,16.62,25.3
Chad,2020,128210.0,39.9761753494282,13.6790652795426,866.947814890409,75.2658078204584,42.3,71.6689583086822,Other/Global,3.42519059720457,23.08,615.41,91.54,72.77,153852.0,230778.0,33.1,1.14,866.1,-1.06,32,1.0,311,85.29,17.3,26.04
Chile,1990,10110.0,21.3830742994249,18.0720883566545,2487.76829657299,16.8088026800889,38.6,16.7225908828621,Other/Global,20.5049009323069,1.82,48.53,59.07,47.71,12132.0,18198.0,30.21,0.36,852.7,-0.58,21,1.0,213,88.72,3.19,15.19
Chile,1991,10520.0,21.2769591624839,18.3500130458407,2744.29071268201,16.6732134841568,38.6,16.7225908828621,Other/Global,20.5816978959883,1.89,50.5,59.31,47.85,12624.0,18936.0,30.33,0.32,1016.4,-0.22,17,1.0,239,88.23,4.1,12.92
Chile,1992,10930.0,21.1708440255429,18.6279377350269,3000.81312879104,16.5040648679117,32.8,15.8316631298229,Other/Global,20.6584948596698,1.97,52.46,59.47,47.95,13116.0,19674.0,30.46,0.31,842.7,-0.54,20,1.0,210,90.05,6.18,11.44
Chile,1993,11340.0,21.0647288886019,18.9058624242131,3257.33554490006,16.2658115045212,32.8,14.4872204176795,Other/Global,20.7352918233512,2.04,54.43,59.63,48.05,13608.0,20412.0,30.57,0.64,815.7,-0.46,24,1.0,201,89.34,7.48,10.63
Chile,1994,11750.0,20.9586137516609,19.1837871133993,3513.85796100909,15.9508594166221,27.7,14.1575535625321,Other/Global,20.8120887870327,2.12,56.4,59.79,48.14,14100.0,21150.0,30.69,0.45,951.8,-0.02,22,1.0,226,89.79,5.46,15.79
Chile,1995,12160.0,20.8524986147199,19.4617118025854,3770.38037711812,15.5832731102614,27.7,13.704046525374,Other/Global,20.8888857507142,2.19,58.37,59.95,48.23,14592.0,21888.0,30.8,0.44,834.8,-0.38,23,1.0,234,89.55,7.3,11.95
Chile,1996,12570.0,20.746383477779,19.7396364917716,4026.90279322714,15.1851405983728,23.2,13.4255127415624,Other/Global,20.9656827143956,2.26,60.34,60.11,48.32,15084.0,22626.0,30.92,0.41,822.5,-0.54,22,1.0,239,87.81,5.99,14.56
Chile,1997,12980.0,20.640268340838,20.0175611809578,4283.42520933617,14.7785498938903,23.2,12.5861355168131,Other/Global,21.0424796780771,2.34,62.3,60.27,48.41,15576.0,23364.0,31.03,0.4,783.0,-0.55,20,1.0,245,90.86,6.32,10.3
Chile,1998,13390.0,20.534153203897,20.2954858701441,4539.94762544519,14.3855890097479,21.6,12.5767355482361,Other/Global,21.1192766417585,2.41,64.27,60.44,48.5,16068.0,24102.0,31.14,0.36,859.8,-0.66,22,1.0,247,89.08,9.88,16.58
Chile,1999,13800.0,20.428038066956,20.5734105593303,4796.47004155422,14.0283459588794,21.6,12.6009631988572,Other/Global,21.19607360544,2.48,66.24,60.52,48.55,16560.0,24840.0,31.24,0.32,891.7,-0.38,22,1.0,243,90.35,8.95,18.96
Chile,2000,14210.0,20.3219229300151,20.8513352485165,5052.99245766325,13.7289087542187,36.0,12.6078068236973,Other/Global,21.2728705691214,2.56,68.21,60.68,48.63,17052.0,25578.0,31.35,0.35,917.7,-0.16,21,1.0,248,88.95,7.83,14.0
Chile,2001,13916.0,20.2692585927707,21.0769918443321,5810.98025913884,13.5093654086998,36.0,11.8519540898375,Other/Global,21.3950172958259,2.5,66.8,60.44,48.47,16699.2,25048.8,31.35,0.44,974.4,-0.02,20,1.0,248,90.06,9.38,12.74
Chile,2002,13622.0,20.2165942555263,21.3026484401478,6568.96806061444,13.3885884909718,36.0,11.7672644382758,Other/Global,21.5171640225303,2.45,65.39,60.19,48.3,16346.4,24519.6,31.36,0.46,940.5,-0.14,19,1.0,222,90.61,9.42,16.17
Chile,2003,13328.0,20.1639299182819,21.5283050359634,7326.95586209003,13.3207026966754,35.4,11.8496125473016,Other/Global,21.6393107492347,2.4,63.97,59.95,48.14,15993.6,23990.4,31.37,0.52,883.1,-0.51,20,1.0,223,90.47,10.2,12.28
Chile,2004,13034.0,20.1112655810375,21.7539616317791,8084.94366356562,13.2663245509888,35.4,11.3887226278515,Other/Global,21.7614574759392,2.35,62.56,59.71,47.98,15640.8,23461.2,31.37,0.65,882.6,-0.69,22,1.0,237,89.55,10.78,13.35
Chile,2005,12740.0,20.0586012437931,21.9796182275947,8842.93146504122,13.2231755515113,35.4,10.9538898157057,Other/Global,21.8836042026436,2.29,61.15,59.47,47.81,15288.0,22932.0,31.37,0.67,939.3,0.54,23,1.0,268,89.03,11.7,7.7
Chile,2006,12446.0,20.0059369065487,22.2052748234104,9600.91926651682,13.1874876609149,28.7,10.5564482345306,Other/Global,22.005750929348,2.24,59.74,59.23,47.65,14935.2,22402.8,31.37,0.84,1000.3,-0.07,26,1.0,253,87.76,12.38,13.05
Chile,2007,12152.0,19.9532725693043,22.430931419226,10358.9070679924,13.1554928418715,28.7,10.1455417538985,Other/Global,22.1278976560525,2.19,58.33,58.98,47.47,14582.4,21873.6,31.37,0.51,908.6,-0.26,22,1.0,265,87.98,11.96,15.5
Chile,2008,11858.0,19.9006082320599,22.6565880150417,11116.894869468,13.1234230570531,28.7,9.73416251195751,Other/Global,22.2500443827569,2.13,56.92,58.74,47.31,14229.6,21344.4,31.37,0.79,861.0,-0.83,28,1.0,290,90.81,12.42,12.24
Chile,2009,11564.0,19.8479438948155,22.8822446108573,11874.8826709436,13.0875102691317,24.8,9.5318972357913,Other/Global,22.3721911094613,2.08,55.51,58.5,47.14,13876.8,20815.2,31.37,0.78,819.2,-1.03,27,1.0,286,88.5,13.82,12.25
Chile,2010,11270.0,19.7952795575712,23.107901206673,12632.8704724192,13.0439864407791,24.8,9.19077771292268,Other/Global,22.4943378361658,2.03,54.1,58.26,46.97,13524.0,20286.0,31.36,0.49,783.0,-0.82,21,1.0,241,90.47,13.47,12.24
Chile,2011,10896.0,19.349261187876,23.3529906449734,12793.0804376759,12.9890835346674,21.7,8.85227622590013,Other/Global,22.7285765777398,1.96,52.3,57.86,46.59,13075.2,19612.8,31.35,0.62,952.0,-0.23,24,1.0,288,90.71,13.87,16.78
Chile,2012,10522.0,18.9032428181809,23.5980800832738,12953.2904029328,12.9175056264304,21.7,8.49483056373808,Other/Global,22.9628153193138,1.89,50.51,57.45,46.21,12626.4,18939.6,31.33,0.62,945.0,-0.91,23,1.0,282,90.27,14.89,13.06
Chile,2013,10148.0,18.4572244484857,23.8431695215742,13113.5003681896,12.8172222345779,13.9,7.7117287101238,Other/Global,23.1970540608878,1.83,48.71,57.13,45.87,12177.6,18266.4,31.31,0.58,945.0,-0.78,21,1.0,274,90.31,15.23,12.42
Chile,2014,9774.0,18.0112060787906,24.0882589598746,13273.7103334464,12.6866298502022,13.9,7.51091993941879,Other/Global,23.4897141198213,1.76,46.92,56.65,45.45,11728.8,17593.2,31.28,0.68,888.5,-0.77,23,1.0,283,88.55,15.26,11.27
Chile,2015,9400.0,17.5651877090955,24.333348398175,13433.9202987032,12.5346679657613,11.2,7.45055621763203,Other/Global,23.7245368895995,1.69,45.12,56.24,45.06,11280.0,16920.0,31.26,0.72,1011.4,-0.14,23,1.0,286,88.44,16.86,13.88
Chile,2016,9726.0,17.032675956404,24.6820257654159,13370.0993330715,12.3693709421819,11.2,7.51260626996306,Other/Global,23.8708420449261,1.75,46.68,56.33,44.99,11671.2,17506.8,31.37,1.02,860.1,-1.02,29,1.0,275,89.4,16.78,9.92
Chile,2017,10052.0,16.5001642037126,25.0307031326568,13306.2783674399,12.1999704242719,8.5,7.41522665150279,Other/Global,24.0364518962995,1.81,48.25,56.41,44.91,12062.4,18093.6,31.49,1.02,975.2,-0.12,30,1.0,302,92.31,18.37,13.74
Chile,2018,10378.0,15.9676524510211,25.3793804998977,13242.4574018082,12.0379506246992,8.5,7.25607207765418,Other/Global,24.2020617476728,1.87,49.81,56.49,44.83,12453.6,18680.4,31.6,1.09,895.7,-1.33,34,1.0,334,92.11,16.93,10.69
Chile,2019,10704.0,15.4351406983297,25.7280578671386,13178.6364361766,11.8726314376462,8.5,7.03079649547351,Other/Global,24.3497974857398,1.93,51.38,56.57,44.75,12844.8,19267.2,31.72,1.06,850.0,-1.24,31,1.0,320,90.64,18.06,12.97
Chile,2020,11030.0,14.9026289456383,26.0767352343796,13114.815470545,11.7046509561625,10.7,7.18474393125985,Other/Global,24.5152454733888,1.99,52.94,56.65,44.67,13236.0,19854.0,31.83,0.9,946.1,-0.11,26,1.0,278,92.28,19.03,9.59
China,1990,327540.0,53.8645647484888,120.915506084734,318.50335359039,73.8042984008789,49.8,59.6400851916364,Other/Global,16.7380065507416,58.96,1572.19,85.17,74.95,393048.0,589572.0,48.69,0.23,893.5,-0.17,25,1.0,208,79.86,3.83,42.46
China,1991,326062.0,54.0475665948126,122.273203576539,383.572969600979,73.0597534179688,49.8,59.6400851916364,Other/Global,16.9495471466993,58.69,1565.1,84.93,74.87,391274.4,586911.6,48.77,0.38,889.4,-0.07,28,1.0,212,80.49,4.65,42.07
China,1992,324584.0,54.2305684411364,123.630901068345,448.642585611569,72.5401306152344,49.8,58.5001088483213,Other/Global,17.161087742657,58.43,1558.0,84.69,74.8,389500.8,584251.2,48.85,0.3,867.6,0.27,27,1.0,196,82.8,6.31,41.03
China,1993,323106.0,54.4135702874602,124.98859856015,513.712201622159,72.0099239349365,49.8,56.400437403951,Other/Global,17.3726283386148,58.16,1550.91,84.45,74.73,387727.2,581590.8,48.93,0.49,858.2,-0.74,27,1.0,196,83.37,6.26,44.06
China,1994,321628.0,54.596572133784,126.346296051956,578.781817632748,71.4901962280273,49.8,54.2999028550458,Other/Global,17.5841689345725,57.89,1543.81,84.21,74.66,385953.6,578930.4,49.01,0.43,1052.5,0.13,29,1.0,231,81.73,6.09,44.08
China,1995,320150.0,54.7795739801079,127.703993543761,643.851433643338,70.9596195220947,49.8,52.2001077716619,Other/Global,17.7957284858504,57.63,1536.72,83.96,74.59,384180.0,576270.0,49.09,0.41,956.3,-0.22,28,1.0,223,78.85,5.39,40.36
China,1996,318672.0,54.9625758264317,129.061691035567,708.921049653928,69.5201358795166,49.8,50.5003585804529,Other/Global,18.0072884878193,57.36,1529.63,83.72,74.51,382406.4,573609.6,49.17,0.47,919.6,-0.9,29,1.0,218,82.33,5.85,40.39
China,1997,317194.0,55.1455776727555,130.419388527372,773.990665664517,68.0900459289551,49.8,49.9004535957066,Other/Global,18.2188295344277,57.09,1522.53,83.48,74.44,380632.8,570949.2,49.25,0.42,870.9,-0.53,28,1.0,237,80.34,6.91,41.5
China,1998,315716.0,55.3285795190793,131.777086019178,839.060281675107,66.6498336791992,49.8,49.7996750368504,Other/Global,18.430370581036,56.83,1515.44,83.24,74.37,378859.2,568288.8,49.32,0.34,942.7,0.13,27,1.0,263,81.48,7.02,41.56
China,1999,314238.0,55.5115813654031,133.134783510983,904.129897685697,65.2202949523926,49.8,50.099443386659,Other/Global,18.6419116276444,56.56,1508.34,83.0,74.3,377085.6,565628.4,49.4,0.46,903.7,-0.19,31,1.0,239,80.69,7.43,44.4
China,2000,312760.0,55.694583211727,134.492481002789,969.199513696287,63.5679765337701,49.8,50.0395612662259,Other/Global,18.8534727562839,56.3,1501.25,82.76,74.23,375312.0,562968.0,49.47,0.31,864.6,-0.18,27,1.0,243,81.73,6.98,43.2
China,2001,314481.0,55.7434721986836,135.29200724301,1335.20411403673,62.3402557373047,49.8,50.0000075818034,Other/Global,19.1049681205612,56.61,1509.51,82.51,74.13,377377.2,566065.8,49.54,0.49,838.0,-0.71,28,1.0,242,80.57,7.8,40.77
China,2002,316202.0,55.7923611856402,136.091533483231,1701.20871437718,60.9102172851562,49.8,49.9999932729708,Other/Global,19.3564538990231,56.92,1517.77,82.27,74.03,379442.4,569163.6,49.6,0.55,855.6,-0.78,31,1.0,240,83.78,8.61,40.95
China,2003,317923.0,55.8412501725968,136.891059723452,2067.21331471763,59.4697685241699,49.8,49.0994891398691,Other/Global,19.6079386867747,57.23,1526.03,82.11,73.97,381507.6,572261.4,49.67,0.55,608.2,-1.03,30,1.0,261,81.65,9.84,42.96
China,2004,319644.0,55.8901391595534,137.690585963673,2433.21791505808,58.2399864196777,49.8,46.9002521281439,Other/Global,19.8594228667065,57.54,1534.29,81.87,73.87,383572.8,575359.2,49.73,0.67,878.5,-0.76,30,1.0,250,78.97,9.91,44.55
China,2005,321365.0,55.93902814651,138.490112203894,2799.22251539852,57.0100021362305,30.2,44.8001963078147,Other/Global,20.1109081284255,57.85,1542.55,81.63,73.77,385638.0,578457.0,49.8,0.59,822.4,-0.64,29,1.0,264,78.45,10.67,46.03
China,2006,323086.0,55.9879171334666,139.289638444115,3165.22711573897,55.6569900512695,30.2,42.6004881144556,Other/Global,20.3623927769671,58.16,1550.81,81.39,73.68,387703.2,581554.8,49.86,0.79,988.6,-0.29,35,1.0,282,78.45,11.07,43.32
China,2007,324807.0,56.0368061204232,140.089164684336,3531.23171607942,54.1107559204102,30.2,40.8000442662963,Other/Global,20.6138778860824,58.47,1559.07,81.14,73.57,389768.4,584652.6,49.93,0.71,862.6,-0.25,33,1.0,274,81.15,10.13,42.81
China,2008,326528.0,56.0856951073798,140.888690924557,3897.23631641987,53.0104942321777,30.2,39.6000709393206,Other/Global,20.8653616938384,58.78,1567.33,80.98,73.51,391833.6,587750.4,49.99,0.67,765.7,-0.69,31,1.0,248,81.58,12.78,42.7
China,2009,328249.0,56.1345840943364,141.688217164778,4263.24091676032,51.6582946777344,30.2,38.0998847578432,Other/Global,21.1168450517356,59.08,1575.6,80.74,73.41,393898.8,590848.2,50.06,0.76,856.6,-1.14,35,1.0,250,77.28,12.95,41.77
China,2010,329970.0,56.1834730812931,142.487743405,4629.24551710077,50.7659729371959,17.2,36.7006103588109,Other/Global,21.3683288541342,59.39,1583.86,80.5,73.32,395964.0,593946.0,50.12,0.6,776.7,-1.25,35,1.0,292,81.87,12.83,43.15
China,2011,330750.0,56.1034045783589,143.385784575996,5338.4629838354,48.1699714660645,12.7,34.7997907041488,Other/Global,21.574627370433,59.54,1587.6,80.34,73.21,396900.0,595350.0,50.18,0.53,898.2,-0.26,28,1.0,276,80.84,12.86,42.34
China,2012,331530.0,56.0233360754247,144.283825746992,6047.68045057003,46.8996887207031,10.2,33.600592285725,Other/Global,21.7809258867318,59.68,1591.34,80.1,73.07,397836.0,596754.0,50.24,0.53,883.5,-0.5,31,1.0,285,82.38,14.86,42.5
China,2013,332310.0,55.9432675724906,145.181866917988,6756.89791730466,45.5099983215332,8.5,31.4002857020434,Other/Global,21.9872244030306,59.82,1595.09,79.94,72.97,398772.0,598158.0,50.31,0.74,936.7,-0.61,32,1.0,272,79.3,13.44,44.51
China,2014,333090.0,55.8631990695564,146.079908088984,7466.11538403929,44.2497444152832,7.2,29.5004728042914,Other/Global,22.1935229193294,59.96,1598.83,79.69,72.83,399708.0,599562.0,50.37,0.64,796.8,-0.55,32,1.0,297,80.83,15.52,40.44
China,2015,333870.0,55.7831305666223,146.977949259981,8175.33285077393,42.6702156066895,5.7,28.3004717268993,Other/Global,22.3998214356282,60.1,1602.58,79.53,72.73,400644.0,600966.0,50.43,0.95,862.7,-0.83,35,1.0,320,80.84,14.53,39.49
China,2016,321896.0,55.7170318275257,147.643467968615,8665.75904041152,41.1600761413574,4.5,27.4221249065299,Other/Global,22.6305120997506,57.94,1545.1,79.05,72.42,386275.2,579412.8,50.37,0.72,752.2,-1.05,30,1.0,297,79.59,16.73,41.32
China,2017,309922.0,55.6509330884291,148.30898667725,9156.18523004911,39.7597312927246,3.1,26.6835826166189,Other/Global,22.8306567492632,55.79,1487.63,78.65,72.15,371906.4,557859.6,50.3,1.08,918.9,-0.57,37,1.0,308,79.01,16.51,44.71
China,2018,297948.0,55.5848343493325,148.974505385884,9646.61141968671,38.4998016357422,1.7,25.7514953274594,Other/Global,23.0309079153534,53.63,1430.15,78.16,71.84,357537.6,536306.4,50.23,1.0,905.8,-0.89,37,1.0,320,81.67,17.3,43.73
China,2019,285974.0,55.5187356102359,149.640024094519,10137.0376093243,37.2900848388672,0.6,24.7219896643701,Other/Global,23.2311590814436,51.48,1372.68,77.68,71.52,343168.8,514753.2,50.15,0.99,905.3,-0.3,33,1.0,330,80.85,17.21,44.82
China,2020,274000.0,55.4526368711394,150.305542803154,10627.4637989619,36.4765769733742,0.0,23.5998596785258,Other/Global,23.4313037309562,49.32,1315.2,77.28,71.25,328800.0,493200.0,50.07,0.95,867.2,-1.11,32,1.0,299,81.06,17.85,39.54
Colombia,1990,260120.0,40.6336187471834,29.2384578639027,1474.8455285342,30.5092428156463,41.0,19.9402464715792,Other/Global,58.5472194682289,46.82,1248.58,41.66,48.93,312144.0,468216.0,38.2,0.3,902.0,-0.04,23,1.0,210,85.93,4.75,28.82
Colombia,1991,247974.0,40.6134294727354,29.8378147814331,1582.86172672074,30.0423965362639,41.0,19.9402464715792,Other/Global,58.3468913925192,44.64,1190.28,41.66,48.86,297568.8,446353.2,38.22,0.34,998.6,0.49,25,1.0,226,84.25,4.3,24.84
Colombia,1992,235828.0,40.5932401982874,30.4371716989635,1690.87792490729,29.5809793965094,41.0,19.8514055906666,Other/Global,58.1465633168094,42.45,1131.97,41.74,48.83,282993.6,424490.4,38.25,0.49,848.9,-0.98,25,1.0,234,84.68,6.39,25.48
Colombia,1993,223682.0,40.5730509238395,31.0365286164939,1798.89412309384,29.1266524930571,41.0,19.5778880515422,Other/Global,57.9462352410996,40.26,1073.67,41.74,48.76,268418.4,402627.6,38.26,0.44,884.2,-0.51,25,1.0,208,84.73,5.7,24.98
Colombia,1994,211536.0,40.5528616493915,31.6358855340243,1906.91032128039,28.6650955273804,41.0,19.2673602223689,Other/Global,57.7459071653898,38.08,1015.37,41.74,48.68,253843.2,380764.8,38.26,0.46,787.7,-0.4,28,1.0,208,84.77,6.38,25.24
Colombia,1995,199390.0,40.5326723749436,32.2352424515547,2014.92651946694,28.1762878140715,41.0,19.0416208701347,Other/Global,57.54557908968,35.89,957.07,41.74,48.6,239268.0,358902.0,38.26,0.41,806.6,-0.29,25,1.0,219,82.63,5.43,32.71
Colombia,1996,187244.0,40.5124831004957,32.8345993690851,2122.94271765348,27.6673787174189,41.0,19.0474855571189,Other/Global,57.3452510139703,33.7,898.77,41.74,48.51,224692.8,337039.2,38.25,0.41,885.4,-0.43,27,1.0,220,84.3,6.96,28.42
Colombia,1997,175098.0,40.4922938260477,33.4339562866155,2230.95891584003,27.1493639616577,41.0,18.8786587833129,Other/Global,57.1449229382605,31.52,840.47,41.66,48.38,210117.6,315176.4,38.23,0.41,967.3,-0.32,25,1.0,224,85.72,7.81,23.58
Colombia,1998,162952.0,40.4721045515998,34.0333132041459,2338.97511402658,26.6332392710232,41.0,19.0676846396622,Other/Global,56.9445948625507,29.33,782.17,41.66,48.28,195542.4,293313.6,38.19,0.23,859.9,-0.03,24,1.0,238,84.18,9.27,24.06
Colombia,1999,150806.0,40.4519152771518,34.6326701216763,2446.99131221313,26.1300003697507,41.0,19.6297752137424,Other/Global,56.7442667868409,27.15,723.87,41.58,48.14,180967.2,271450.8,38.14,0.26,863.0,0.02,23,1.0,227,83.77,8.24,27.3
Colombia,2000,138660.0,40.4317260027039,35.2320270392068,2555.00751039968,25.6506429820753,41.0,19.8551338444509,Other/Global,56.5439387111311,24.96,665.57,41.5,47.98,166392.0,249588.0,38.08,0.45,850.8,-0.87,28,1.0,262,85.5,8.41,27.4
Colombia,2001,135111.0,40.2193780982424,35.7446349707074,2939.33634383073,25.2061628322324,41.0,19.9166008162037,Other/Global,56.3701928796755,24.32,648.53,41.5,47.89,162133.2,243199.8,38.11,0.46,841.0,-0.93,23,1.0,236,84.41,8.59,25.66
Colombia,2002,131562.0,40.0070301937809,36.2572429022081,3323.66517726178,24.807555644457,41.0,19.1861958968501,Other/Global,56.1964470482199,23.68,631.5,41.58,47.83,157874.4,236811.6,38.14,0.49,907.8,-0.3,26,1.0,237,83.69,9.05,30.18
Colombia,2003,128013.0,39.7946822893194,36.7698508337088,3707.99401069283,24.4658171429846,41.0,19.7551217413225,Other/Global,56.0227012167643,23.04,614.46,41.66,47.77,153615.6,230423.4,38.17,0.58,764.9,-0.73,25,1.0,232,83.47,11.42,24.9
Colombia,2004,124464.0,39.582334384858,37.2824587652095,4092.32284412388,24.1919430520504,41.0,18.9835261001383,Other/Global,55.8489553853087,22.4,597.43,41.74,47.71,149356.8,224035.2,38.19,0.67,987.5,-0.33,27,1.0,272,84.49,9.58,28.41
Colombia,2005,120915.0,39.3699864803965,37.7950666967101,4476.65167755494,23.995061098622,41.0,19.396178134368,Other/Global,55.6752095538531,21.76,580.39,41.82,47.65,145098.0,217647.0,38.21,0.65,832.3,-0.54,26,1.0,237,83.81,10.54,28.04
Colombia,2006,117366.0,39.157638575935,38.3076746282108,4860.98051098599,23.8380808081836,41.0,18.5860674461379,Other/Global,55.5014637223975,21.13,563.36,41.82,47.55,140839.2,211258.8,38.23,0.66,943.7,-0.6,25,1.0,267,85.74,12.45,31.1
Colombia,2007,113817.0,38.9452906714736,38.8202825597115,5245.30934441704,23.6855961224151,41.0,17.5276723303217,Other/Global,55.3277178909419,20.49,546.32,41.9,47.49,136580.4,204870.6,38.25,0.74,784.7,-1.61,33,1.0,274,83.8,12.67,31.05
Colombia,2008,110268.0,38.7329427670121,39.3328904912122,5629.63817784809,23.5403238189953,41.0,17.1974866480924,Other/Global,55.1539720594863,19.85,529.29,41.98,47.42,132321.6,198482.4,38.26,0.63,940.3,-0.5,25,1.0,223,85.1,14.04,27.42
Colombia,2009,106719.0,38.5205948625506,39.8454984227129,6013.96701127914,23.4035854163208,41.0,17.8499761934109,Other/Global,54.9802262280306,19.21,512.25,41.98,47.32,128062.8,192094.2,38.27,0.71,940.9,-0.41,25,1.0,251,85.32,13.48,25.98
Colombia,2010,103170.0,38.3082469580892,40.3581063542136,6398.2958447102,23.2767024327881,41.0,17.5076310660453,Other/Global,54.806480396575,18.57,495.22,42.06,47.25,123804.0,185706.0,38.28,0.52,918.4,-0.44,26,1.0,268,85.63,13.26,26.49
Colombia,2011,119310.0,38.7194952681387,40.7533512392969,6368.33965683718,23.160996386794,41.0,17.0134199316647,Other/Global,54.6851410545291,21.48,572.69,42.71,47.88,143172.0,214758.0,38.63,0.73,806.1,-1.24,28,1.0,306,86.65,13.93,27.39
Colombia,2012,135450.0,39.1307435781883,41.1485961243803,6338.38346896416,23.057788796735,41.0,16.6076637300636,Other/Global,54.5638017124831,24.38,650.16,43.27,48.45,162540.0,243810.0,38.94,0.69,903.7,-1.08,26,1.0,275,83.04,13.0,22.83
Colombia,2013,151590.0,39.5419918882379,41.5438410094637,6308.42728109115,22.9684011810078,38.7,16.0476525581668,Other/Global,54.4424623704371,27.29,727.63,43.76,48.96,181908.0,272862.0,39.23,0.71,787.2,-1.1,26,1.0,277,85.29,14.11,23.94
Colombia,2014,167730.0,39.9532401982875,41.9390858945471,6278.47109321813,22.8941550580091,37.0,15.4842412833454,Other/Global,54.3211230283912,30.19,805.1,44.32,49.49,201276.0,301914.0,39.49,0.82,859.7,-0.52,30,1.0,276,85.21,13.79,29.28
Colombia,2015,183870.0,40.3644885083371,42.3343307796305,6248.51490534512,22.8363719461354,36.8,15.3875001230881,Other/Global,54.1997836863452,33.1,882.58,44.72,49.93,220644.0,330966.0,39.74,0.95,960.3,-0.18,34,1.0,280,83.06,16.08,30.45
Colombia,2016,173780.0,40.2609363857593,42.9940977016674,6066.74934699198,22.7963733637834,36.8,15.3821230426391,Other/Global,54.0419017575485,31.28,834.14,44.72,49.83,208536.0,312804.0,39.72,0.97,942.9,-0.28,30,1.0,285,84.7,14.12,30.58
Colombia,2017,163690.0,40.1573842631816,43.6538646237043,5884.98378863884,22.7754808293497,35.9,15.9879816403274,Other/Global,53.8438666065795,29.46,785.71,44.64,49.68,196428.0,294642.0,39.69,0.8,881.6,-0.95,28,1.0,288,83.91,15.45,27.08
Colombia,2018,153600.0,40.0538321406038,44.3136315457413,5703.2182302857,22.7195183401916,35.5,16.0283372646524,Other/Global,53.6642451554754,27.65,737.28,44.56,49.53,184320.0,276480.0,39.65,0.88,803.6,-1.37,32,1.0,291,86.12,15.16,28.05
Colombia,2019,143510.0,39.9502800180261,44.9733984677782,5521.45267193256,22.5404471481623,36.5,15.1829622104953,Other/Global,53.4846327174403,25.83,688.85,44.48,49.37,172212.0,258318.0,39.6,0.95,934.4,-0.5,33,1.0,294,83.78,17.16,26.38
Colombia,2020,133420.0,39.8467278954484,45.6331653898152,5339.68711357943,22.3617466462955,43.1,15.8122822919019,Other/Global,53.3050112663362,24.02,640.42,44.4,49.21,160104.0,240156.0,39.54,1.0,885.5,-0.66,34,1.0,303,84.23,16.84,30.87
Comoros,1990,440.0,61.257388500806,238.901665771091,903.20430581841,71.6518380098361,23.1,57.9838499609273,Other/Global,24.7501343363783,0.08,2.11,36.91,44.6,528.0,792.0,34.15,0.31,714.3,-0.75,22,1.0,218,78.68,4.61,47.93
Comoros,1991,451.0,62.0096722192369,243.817517463729,876.214778514193,71.5330596927072,23.1,57.9838499609273,Other/Global,24.514777001612,0.08,2.16,37.15,44.98,541.2,811.8,34.33,0.28,962.6,-0.62,19,1.0,190,77.94,4.07,47.84
Comoros,1992,462.0,62.7619559376679,248.733369156367,849.225251209976,71.5343332142577,23.1,57.3583404724024,Other/Global,24.2794196668458,0.08,2.22,37.47,45.39,554.4,831.6,34.5,0.41,898.0,-0.59,17,1.0,201,76.9,6.53,49.78
Comoros,1993,473.0,63.5142396560988,253.649220849005,822.23572390576,71.5596685921888,23.1,57.1917325766266,Other/Global,24.0440623320795,0.09,2.27,37.71,45.77,567.6,851.4,34.67,0.38,996.1,0.01,19,1.0,206,77.57,5.02,50.01
Comoros,1994,484.0,64.2665233745298,258.565072541644,795.246196601543,71.6005104851083,23.1,57.8239051094891,Other/Global,23.8087049973133,0.09,2.32,37.95,46.14,580.8,871.2,34.84,0.4,812.3,-0.47,20,1.0,218,78.56,5.82,51.35
Comoros,1995,495.0,65.0188070929607,263.480924234282,768.256669297327,71.6531580023628,23.1,57.6254448746529,Other/Global,23.573347662547,0.09,2.38,38.2,46.52,594.0,891.0,35.0,0.33,645.8,-0.88,21,1.0,210,78.53,6.51,53.99
Comoros,1996,506.0,65.7710908113917,268.39677592692,741.26714199311,71.713910253299,23.1,57.8498868614896,Other/Global,23.3379903277808,0.09,2.43,38.44,46.9,607.2,910.8,35.17,0.34,922.3,-0.15,17,1.0,256,78.98,7.32,53.14
Comoros,1997,517.0,66.5233745298226,273.312627619559,714.277614688893,71.7790663472636,23.1,57.5512746698883,Other/Global,23.1026329930145,0.09,2.48,38.76,47.31,620.4,930.6,35.33,0.28,923.3,-0.05,19,1.0,237,79.08,7.04,52.4
Comoros,1998,528.0,67.2756582482535,278.228479312197,687.288087384677,71.8449253936033,23.1,57.5177383797403,Other/Global,22.8672756582483,0.1,2.53,39.0,47.68,633.6,950.4,35.49,0.29,764.7,-0.66,19,1.0,246,78.11,8.79,52.97
Comoros,1999,539.0,68.0279419666845,283.144331004835,660.29856008046,71.9077865016647,23.1,57.4114984155727,Other/Global,22.631918323482,0.1,2.59,39.24,48.05,646.8,970.2,35.65,0.45,821.7,-0.42,21,1.0,239,78.4,8.06,53.91
Comoros,2000,550.0,68.7802256851155,288.060182697474,633.309032776244,71.9639487807945,23.1,56.4771092419174,Other/Global,22.3965609887157,0.1,2.64,39.48,48.43,660.0,990.0,35.8,0.32,1120.4,0.57,23,1.0,260,77.88,9.73,51.79
Comoros,2001,550.0,69.0488984416979,294.441483073615,708.635553783149,72.0097113403395,23.1,56.3105290367051,Other/Global,22.1612036539495,0.1,2.64,39.56,48.55,660.0,990.0,35.92,0.65,875.5,-0.58,26,1.0,225,75.87,8.05,57.96
Comoros,2002,550.0,69.3175711982804,300.822783449757,783.962074790055,72.0413732896463,23.1,56.1143511154872,Other/Global,21.9258463191832,0.1,2.64,39.73,48.71,660.0,990.0,36.03,0.55,958.4,-0.33,20,1.0,237,77.58,9.6,57.87
Comoros,2003,550.0,69.5862439548629,307.204083825899,859.28859579696,72.0551135390382,23.1,55.8937743736035,Other/Global,21.690488984417,0.1,2.64,39.81,48.83,660.0,990.0,36.14,0.59,847.9,-0.62,23,1.0,237,77.07,8.98,60.23
Comoros,2004,550.0,69.8549167114454,313.585384202041,934.615116803866,72.0403699770876,23.1,55.6409411348601,Other/Global,21.4551316496507,0.1,2.64,39.97,48.99,660.0,990.0,36.25,0.58,732.7,-0.88,25,1.0,250,76.31,9.84,58.36
Comoros,2005,550.0,70.1235894680279,319.966684578183,1009.94163781077,71.983104791632,23.1,54.1584074414013,Other/Global,21.2197743148845,0.1,2.64,40.05,49.11,660.0,990.0,36.36,0.75,886.3,-0.57,27,1.0,280,76.93,9.29,55.06
Comoros,2006,550.0,70.3922622246104,326.347984954325,1085.26815881767,71.8856784026969,23.1,52.5823577759513,Other/Global,20.9844169801182,0.1,2.64,40.21,49.27,660.0,990.0,36.46,0.67,878.7,-0.49,27,1.0,293,77.28,11.84,58.86
Comoros,2007,550.0,70.6609349811929,332.729285330467,1160.59467982458,71.7506678551051,23.1,50.9513035063752,Other/Global,20.749059645352,0.1,2.64,40.29,49.4,660.0,990.0,36.57,0.73,867.9,-0.29,24,1.0,278,76.54,12.23,59.41
Comoros,2008,550.0,70.9296077377754,339.110585706609,1235.92120083148,71.5806501936798,23.1,49.0501028855817,Other/Global,20.5137023105857,0.1,2.64,40.45,49.56,660.0,990.0,36.67,0.91,890.8,-0.68,28,1.0,265,77.91,12.51,61.0
Comoros,2009,550.0,71.1982804943579,345.491886082751,1311.24772183839,71.3782024632437,23.1,47.3423225204752,Other/Global,20.2783449758195,0.1,2.64,40.53,49.68,660.0,990.0,36.77,0.67,921.1,-0.66,27,1.0,287,77.06,12.69,63.59
Comoros,2010,550.0,71.4669532509404,351.873186458893,1386.5742428453,71.1459017086199,23.1,45.4983516691718,Other/Global,20.0429876410532,0.1,2.64,40.69,49.84,660.0,990.0,36.87,0.75,887.9,-0.38,23,1.0,296,77.63,14.5,58.01
Comoros,2011,528.0,71.4669532509404,359.594411606662,1375.13349074821,70.8863249746314,23.1,43.5660121498112,Other/Global,19.8076303062869,0.1,2.53,40.53,49.71,633.6,950.4,36.85,0.59,798.8,-1.22,21,1.0,295,78.09,12.86,62.0
Comoros,2012,506.0,71.4669532509404,367.315636754433,1363.69273865112,70.602049306101,23.1,41.753151568455,Other/Global,19.5722729715207,0.09,2.43,40.37,49.57,607.2,910.8,36.81,0.65,938.8,-0.72,22,1.0,279,76.11,14.41,60.91
Comoros,2013,484.0,71.4669532509404,375.036861902203,1352.25198655403,70.2956517478518,23.1,39.8170476287516,Other/Global,19.3369156367544,0.09,2.32,40.21,49.43,580.8,871.2,36.77,0.83,744.0,-1.08,26,1.0,283,76.05,13.43,66.77
Comoros,2014,462.0,71.4669532509404,382.758087049973,1340.81123445694,69.9697093447068,23.1,38.0059110923457,Other/Global,19.1015583019882,0.08,2.22,40.05,49.3,554.4,831.6,36.72,0.69,735.9,-0.94,25,1.0,278,77.97,14.31,63.79
Comoros,2015,440.0,71.4669532509404,390.479312197743,1329.37048235986,69.6267991414888,23.1,37.8024454022098,Other/Global,18.8662009672219,0.08,2.11,39.81,49.11,528.0,792.0,36.65,0.96,959.1,-0.94,27,1.0,288,75.66,14.86,61.88
Comoros,2016,352.0,71.4669532509404,398.591187533584,1367.3657170003,69.2694981830208,23.1,37.1193190691863,Other/Global,18.6297689414293,0.06,1.69,38.44,48.14,422.4,633.6,35.97,0.94,940.5,-0.73,27,1.0,283,76.47,13.13,65.53
Comoros,2017,264.0,71.4669532509404,406.703062869425,1405.36095164074,68.9003440310707,23.1,36.1806383870388,Other/Global,18.3933369156368,0.05,1.27,36.66,46.89,316.8,475.2,35.05,0.9,895.4,-0.92,27,1.0,297,76.0,14.88,62.73
Comoros,2018,176.0,71.4669532509404,414.814938205266,1443.35618628118,68.5926354804161,23.1,35.2376768603776,Other/Global,18.1622783449758,0.03,0.84,34.17,45.13,211.2,316.8,33.69,1.04,788.3,-1.35,31,1.0,301,75.39,15.18,64.98
Comoros,2019,88.0,71.4669532509404,422.926813541107,1481.35142092162,68.2712415931757,23.1,34.5633633534748,Other/Global,17.9258463191832,0.02,0.42,29.65,41.99,105.6,158.4,31.28,1.08,843.4,-0.77,32,1.0,292,77.18,15.72,63.26
Comoros,2020,0.0,71.4669532509404,431.038688876948,1519.34665556206,67.9361927805119,23.1,35.6951406568731,Other/Global,17.6894142933906,0.0,0.0,0.0,21.44,0.0,0.0,15.0,1.04,879.0,-0.69,28,1.0,349,76.26,15.55,64.58
Congo,1990,12000.0,30.7974729136164,6.97089311859444,1175.66709098428,39.0452192448637,23.1,18.5778506151342,Other/Global,28.6435234422283,2.16,57.6,53.99,48.22,14400.0,21600.0,27.21,0.14,770.9,-0.55,19,1.0,208,85.64,4.81,21.46
Congo,1991,12000.0,30.8040922401171,7.19659882869693,1160.53054099503,39.0452192448637,23.1,18.5778506151342,Other/Global,28.6435234422283,2.16,57.6,53.99,48.22,14400.0,21600.0,27.31,0.28,839.4,-0.59,17,1.0,227,87.86,5.34,18.2
Congo,1992,12000.0,30.8107115666178,7.42230453879941,1145.39399100578,39.0452192448637,23.1,18.5778506151342,Other/Global,28.6435234422283,2.16,57.6,53.99,48.22,14400.0,21600.0,27.4,0.38,950.7,-0.54,18,1.0,229,85.16,4.63,12.88
Congo,1993,12000.0,30.8173308931185,7.6480102489019,1130.25744101653,39.0452192448637,23.1,18.5778506151342,Other/Global,28.6435234422283,2.16,57.6,53.99,48.22,14400.0,21600.0,27.5,0.43,1012.7,0.46,22,1.0,243,86.57,5.84,17.45
Congo,1994,12000.0,30.8239502196193,7.87371595900439,1115.12089102729,39.0452192448637,23.1,18.5778506151342,Other/Global,28.6435234422283,2.16,57.6,53.99,48.22,14400.0,21600.0,27.59,0.5,865.0,-0.34,22,1.0,204,87.81,5.99,21.94
Congo,1995,12000.0,30.83056954612,8.09942166910688,1099.98434103804,39.0452192448637,23.1,18.5778506151342,Other/Global,28.6435234422283,2.16,57.6,53.99,48.23,14400.0,21600.0,27.68,0.45,959.1,-0.38,22,1.0,213,87.84,7.53,22.16
Congo,1996,12000.0,30.8371888726207,8.32512737920937,1084.84779104879,39.0452192448637,23.1,18.5778506151342,Other/Global,28.6435234422283,2.16,57.6,53.99,48.23,14400.0,21600.0,27.76,0.31,745.4,-0.55,20,1.0,197,87.25,7.41,17.58
Congo,1997,12000.0,30.8438081991215,8.55083308931186,1069.71124105955,39.0452192448637,23.1,18.5778506151342,Other/Global,28.6435234422283,2.16,57.6,53.99,48.23,14400.0,21600.0,27.85,0.42,951.3,-0.19,23,1.0,204,85.68,6.71,15.84
Congo,1998,12000.0,30.8504275256222,8.77653879941435,1054.5746910703,39.0452192448637,23.1,18.5778506151342,Other/Global,28.6435234422283,2.16,57.6,53.99,48.23,14400.0,21600.0,27.93,0.42,834.2,-0.64,18,1.0,217,86.93,8.48,18.1
Congo,1999,12000.0,30.8570468521229,9.00224450951684,1039.43814108105,39.0452192448637,23.1,18.5778506151342,Other/Global,28.6435234422283,2.16,57.6,53.99,48.23,14400.0,21600.0,28.02,0.42,923.1,-0.13,24,1.0,233,87.16,8.03,20.99
Congo,2000,12000.0,30.8636661786237,9.22795021961933,1024.30159109181,39.0452192448637,23.1,18.5778506151342,Other/Global,28.6435234422283,2.16,57.6,53.99,48.24,14400.0,21600.0,28.1,0.48,878.7,-0.68,22,1.0,237,86.2,8.5,18.63
Congo,2001,12834.0,30.8740503660321,9.61182869692533,1216.52723005033,39.0452192448637,23.1,18.5778506151342,Other/Global,28.6435234422283,2.31,61.6,54.39,48.53,15400.8,23101.2,28.33,0.51,1004.1,-0.16,23,1.0,290,87.18,8.12,15.12
Congo,2002,13668.0,30.8844345534406,9.99570717423134,1408.75286900886,39.0452192448637,23.1,18.5778506151342,Other/Global,28.6435234422283,2.46,65.61,54.79,48.81,16401.6,24602.4,28.55,0.54,828.4,-0.63,20,1.0,253,84.96,9.43,20.27
Congo,2003,14502.0,30.8948187408491,10.3795856515373,1600.97850796739,39.0452192448637,23.1,18.5778506151342,Other/Global,28.6435234422283,2.61,69.61,55.12,49.05,17402.4,26103.6,28.76,0.57,948.5,-0.44,21,1.0,264,84.62,10.44,21.23
Congo,2004,15336.0,30.9052029282576,10.7634641288433,1793.20414692591,39.0452192448637,23.1,18.5778506151342,Other/Global,28.6435234422283,2.76,73.61,55.44,49.29,18403.2,27604.8,28.97,0.51,875.8,-0.29,22,1.0,255,85.95,9.9,22.36
Congo,2005,16170.0,30.9155871156661,11.1473426061493,1985.42978588444,39.0452192448637,23.1,18.5778506151342,Other/Global,28.6435234422283,2.91,77.62,55.76,49.52,19404.0,29106.0,29.17,0.73,885.4,-0.07,28,1.0,237,87.55,11.76,15.1
Congo,2006,17004.0,30.9259713030746,11.5312210834553,2177.65542484297,39.0452192448637,23.1,18.5778506151342,Other/Global,28.6435234422283,3.06,81.62,56.0,49.71,20404.8,30607.2,29.36,0.74,883.3,-0.87,28,1.0,264,87.75,11.63,21.55
Congo,2007,17838.0,30.9363554904831,11.9150995607613,2369.88106380149,39.0452192448637,23.1,18.5778506151342,Other/Global,28.6435234422283,3.21,85.62,56.33,49.93,21405.6,32108.4,29.55,0.75,830.2,-1.33,24,1.0,239,85.18,10.65,19.66
Congo,2008,18672.0,30.9467396778916,12.2989780380673,2562.10670276002,39.0452192448637,23.1,18.5778506151342,Other/Global,28.6435234422283,3.36,89.63,56.57,50.12,22406.4,33609.6,29.73,0.61,896.6,-1.1,28,1.0,264,88.47,11.93,18.0
Congo,2009,19506.0,30.9571238653001,12.6828565153733,2754.33234171855,39.0452192448637,23.1,18.5778506151342,Other/Global,28.6435234422283,3.51,93.63,56.81,50.29,23407.2,35110.8,29.91,0.59,892.6,-0.54,21,1.0,280,86.82,11.03,16.06
Congo,2010,20340.0,30.9675080527086,13.0667349926794,2946.55798067708,39.0452192448637,23.1,18.5778506151342,Other/Global,28.6435234422283,3.66,97.63,57.05,50.47,24408.0,36612.0,30.09,0.74,916.9,-0.73,24,1.0,265,84.85,11.77,15.68
Congo,2011,21452.0,30.9956351390921,13.4387941434846,2845.11676334905,39.0452192448637,23.1,18.5778506151342,Other/Global,28.6435234422283,3.86,102.97,57.37,50.71,25742.4,38613.6,30.28,0.64,904.2,-0.44,25,1.0,280,87.07,11.51,17.89
Congo,2012,22564.0,31.0237622254758,13.8108532942899,2743.67554602103,39.0452192448637,23.1,18.5778506151342,Other/Global,28.6435234422283,4.06,108.31,57.61,50.9,27076.8,40615.2,30.46,0.71,961.1,-0.32,25,1.0,272,88.22,11.99,17.84
Congo,2013,23676.0,31.0518893118593,14.1829124450951,2642.234328693,39.0452192448637,23.1,18.5778506151342,Other/Global,28.6435234422283,4.26,113.64,57.94,51.14,28411.2,42616.8,30.64,0.69,971.0,-0.8,29,1.0,268,86.11,13.4,19.31
Congo,2014,24788.0,31.080016398243,14.5549715959004,2540.79311136498,39.0452192448637,23.1,18.5778506151342,Other/Global,28.6435234422283,4.46,118.98,58.18,51.32,29745.6,44618.4,30.81,0.75,813.0,-1.43,25,1.0,295,87.85,13.85,22.52
Congo,2015,25900.0,31.1081434846266,14.9270307467057,2439.35189403696,39.0452192448637,23.1,18.5778506151342,Other/Global,28.6435234422283,4.66,124.32,58.42,51.51,31080.0,46620.0,30.98,0.89,966.4,-0.4,26,1.0,307,88.4,14.55,19.46
Congo,2016,20720.0,31.1194284040995,15.3107554904831,2350.19884961576,39.0452192448637,23.1,18.5778506151342,Other/Global,28.6435234422283,3.73,99.46,57.13,50.58,24864.0,37296.0,30.73,0.84,802.6,-0.96,25,1.0,310,86.72,14.02,16.51
Congo,2017,15540.0,31.1307133235724,15.6944802342606,2261.04580519457,39.0452192448637,23.1,18.5778506151342,Other/Global,28.6435234422283,2.8,74.59,55.52,49.41,18648.0,27972.0,30.37,0.95,945.2,-0.74,31,1.0,295,85.77,15.77,17.54
Congo,2018,10360.0,31.1419982430453,16.078204978038,2171.89276077338,39.0452192448637,23.1,18.5778506151342,Other/Global,28.6435234422283,1.86,49.73,53.18,47.73,12432.0,18648.0,29.81,0.95,948.3,-1.1,26,1.0,269,88.07,15.29,20.24
Congo,2019,5180.0,31.1532831625182,16.4619297218155,2082.73971635219,39.0452192448637,23.1,18.5778506151342,Other/Global,28.6435234422283,0.93,24.86,49.15,44.83,6216.0,9324.0,28.78,0.97,746.5,-1.15,26,1.0,307,88.06,16.08,18.05
Congo,2020,0.0,31.1645680819912,16.845654465593,1993.586671931,39.0452192448637,23.1,18.5778506151342,Other/Global,28.6435234422283,0.0,0.0,0.0,9.35,0.0,0.0,15.0,0.97,907.4,-0.37,26,1.0,328,85.15,13.62,19.31
Costa Rica,1990,9290.0,43.0591461026244,61.1379945162554,1829.6687089559,51.4201793134683,27.1,21.3071799192385,Other/Global,56.9408538973756,1.67,44.59,31.67,40.41,11148.0,16722.0,35.44,0.29,861.4,-0.28,19,1.0,184,83.56,4.78,31.27
Costa Rica,1991,8792.0,42.3568350959655,62.736179005092,2027.97722634523,50.4938745119561,31.9,21.3071799192385,Other/Global,56.8425773599687,1.58,42.2,31.59,40.09,10550.4,15825.6,35.45,0.3,838.2,-0.7,20,1.0,234,84.73,5.81,29.92
Costa Rica,1992,8294.0,41.6545240893067,64.3343634939287,2226.28574373456,49.5222123917838,29.4,20.0572962315692,Other/Global,56.7443008225617,1.49,39.81,31.43,39.72,9952.8,14929.2,35.44,0.5,1007.1,-0.03,21,1.0,180,84.97,3.77,27.17
Costa Rica,1993,7796.0,40.9522130826478,65.9325479827653,2424.5942611239,48.5121751983376,23.2,18.7677366834391,Other/Global,56.6460242851547,1.4,37.42,31.35,39.39,9355.2,14032.8,35.43,0.36,846.8,-0.88,20,1.0,220,83.86,6.03,25.96
Costa Rica,1994,7298.0,40.249902075989,67.530732471602,2622.90277851323,47.470745177004,20.0,17.6079551252667,Other/Global,56.5477477477477,1.31,35.03,31.18,39.01,8757.6,13136.4,35.4,0.43,834.6,-0.24,22,1.0,230,83.24,5.78,31.52
Costa Rica,1995,6800.0,39.5475910693302,69.1289169604387,2821.21129590257,46.4049045731692,20.4,17.7560744177626,Other/Global,56.4494712103408,1.22,32.64,30.94,38.59,8160.0,12240.0,35.36,0.4,905.2,-0.28,20,1.0,243,86.45,8.06,25.84
Costa Rica,1996,6302.0,38.8452800626713,70.7271014492753,3019.5198132919,45.3216356322195,21.5,17.4648177414436,Other/Global,56.3511946729338,1.13,30.25,30.78,38.2,7562.4,11343.6,35.3,0.53,954.1,-0.77,22,1.0,232,84.85,6.2,31.67
Costa Rica,1997,5804.0,38.1429690560125,72.325285938112,3217.82833068123,44.2279205995412,20.7,17.1297719580307,Other/Global,56.2529181355268,1.04,27.86,30.54,37.77,6964.8,10447.2,35.22,0.4,888.0,-0.45,19,1.0,223,84.7,9.37,29.78
Costa Rica,1998,5306.0,37.4406580493536,73.9234704269486,3416.13684807057,43.1307417205206,19.7,16.7117133948626,Other/Global,56.1546415981199,0.96,25.47,30.3,37.32,6367.2,9550.8,35.12,0.45,992.7,0.09,21,1.0,234,84.38,9.09,26.02
Costa Rica,1999,4808.0,36.7383470426948,75.5216549157853,3614.4453654599,42.037081240544,20.6,16.29341840016,Other/Global,56.0563650607129,0.87,23.08,30.06,36.87,5769.6,8654.4,34.99,0.25,941.9,-0.16,19,1.0,225,85.02,8.55,23.42
Costa Rica,2000,4310.0,36.036036036036,77.119839404622,3812.75388284924,40.9537621024606,20.6,16.9473800197017,Other/Global,55.9580885233059,0.78,20.69,29.73,36.35,5172.0,7758.0,34.84,0.42,725.2,-1.0,20,1.0,209,83.55,7.72,25.59
Costa Rica,2001,4882.0,35.9949079514296,78.330616921269,4258.05731483989,39.8572399551392,20.3,16.5681219836737,Other/Global,55.9854680767724,0.88,23.43,30.14,36.7,5858.4,8787.6,35.21,0.51,857.1,-0.92,22,1.0,239,86.65,8.95,28.18
Costa Rica,2002,5454.0,35.9537798668233,79.5413944379161,4703.36074683055,38.7212366424054,20.6,16.8431368385023,Other/Global,56.0128476302389,0.98,26.18,30.46,36.99,6544.8,9817.2,35.56,0.51,854.4,-0.39,21,1.0,253,85.14,10.31,24.83
Costa Rica,2003,6026.0,35.9126517822169,80.7521719545632,5148.66417882121,37.5481940696198,18.5,16.1131985106867,Other/Global,56.0402271837054,1.08,28.92,30.86,37.31,7231.2,10846.8,35.87,0.66,937.6,-0.6,25,1.0,265,82.95,10.3,23.0
Costa Rica,2004,6598.0,35.8715236976106,81.9629494712103,5593.96761081187,36.3403986453995,21.7,15.76909311585,Other/Global,56.0676067371719,1.19,31.67,31.1,37.53,7917.6,11876.4,36.17,0.6,689.2,-1.83,24,1.0,245,84.3,9.78,24.55
Costa Rica,2005,7170.0,35.8303956130043,83.1737269878574,6039.27104280253,35.1001367783616,21.2,16.1346387185679,Other/Global,56.0949862906385,1.29,34.42,31.43,37.79,8604.0,12906.0,36.45,0.81,1103.1,-0.08,25,1.0,278,86.64,11.99,26.49
Costa Rica,2006,7742.0,35.7892675283979,84.3845045045044,6484.57447479318,33.8296948771233,20.2,14.877073636804,Other/Global,56.122365844105,1.39,37.16,31.67,38.0,9290.4,13935.6,36.71,0.9,941.6,-0.29,30,1.0,257,85.33,11.48,26.69
Costa Rica,2007,8314.0,35.7481394437916,85.5952820211515,6929.87790678384,32.5313593503017,16.7,14.0879955694065,Other/Global,56.1497453975715,1.5,39.91,31.91,38.19,9976.8,14965.2,36.96,0.69,910.9,-0.63,22,1.0,270,84.57,12.23,25.95
Costa Rica,2008,8886.0,35.7070113591852,86.8060595377986,7375.1813387745,31.2074166065139,17.7,13.1788536589847,Other/Global,56.177124951038,1.6,42.65,32.07,38.35,10663.2,15994.8,37.2,0.67,993.5,0.3,24,1.0,278,85.68,13.24,24.9
Costa Rica,2009,9458.0,35.6658832745789,88.0168370544457,7820.48477076516,29.8601530543772,18.5,12.943871890326,Other/Global,56.2045045045045,1.7,45.4,32.31,38.53,11349.6,17024.4,37.43,0.8,1086.4,0.11,26,1.0,271,85.18,13.6,25.63
Costa Rica,2010,10030.0,35.6247551899726,89.2276145710928,8265.78820275582,28.4918551025085,24.2,14.6028596675712,Other/Global,56.231884057971,1.81,48.14,32.47,38.68,12036.0,18054.0,37.65,0.78,968.5,-0.29,27,1.0,272,85.68,14.2,24.99
Costa Rica,2011,8924.0,35.3904774774775,90.2541558950254,8955.57268181929,27.1573413320086,24.8,14.2323506995738,Other/Global,56.5524089306698,1.61,42.84,31.83,38.14,10708.8,16063.2,37.43,0.6,974.8,-0.27,24,1.0,301,85.99,14.38,26.08
Costa Rica,2012,7818.0,35.1561997649824,91.280697218958,9645.35716088277,26.6104979331783,23.5,13.6210308666479,Other/Global,56.8729338033686,1.41,37.53,31.18,37.57,9381.6,14072.4,37.17,0.62,909.5,-0.48,26,1.0,255,84.68,13.77,26.24
Costa Rica,2013,6712.0,34.9219220524873,92.3072385428907,10335.1416399462,26.0568223807137,23.3,13.1349606903709,Other/Global,57.1934586760674,1.21,32.22,30.38,36.91,8054.4,12081.6,36.85,0.67,887.9,-0.66,22,1.0,285,85.03,14.76,25.13
Costa Rica,2014,5606.0,34.6876443399922,93.3337798668233,11024.9261190097,25.5133036818788,24.6,14.7115098864733,Other/Global,57.5139835487662,1.01,26.91,29.57,36.2,6727.2,10090.8,36.46,0.64,861.3,-0.73,25,1.0,260,84.9,16.35,23.84
Costa Rica,2015,4500.0,34.4533666274971,94.360321190756,11714.7105980732,24.9801804232451,23.6,15.7903242934085,Other/Global,57.8345084214649,0.81,21.6,28.61,35.37,5400.0,8100.0,35.97,0.74,833.4,-0.65,24,1.0,264,84.99,14.68,27.93
Costa Rica,2016,4500.0,34.2709682726204,95.2074892283588,11850.5783578483,24.4576911914953,22.9,15.7151904851901,Other/Global,58.1551116333725,0.81,21.6,28.36,35.19,5400.0,8100.0,36.02,0.8,844.5,-1.11,27,1.0,294,85.13,15.26,25.95
Costa Rica,2017,4500.0,34.0885699177438,96.0546572659616,11986.4461176236,23.9460745734392,22.1,15.3615402805872,Other/Global,58.4757148452801,0.81,21.6,28.12,35.02,5400.0,8100.0,36.07,0.88,791.4,-1.39,29,1.0,290,85.58,16.99,26.72
Costa Rica,2018,4500.0,33.9061715628672,96.9018253035644,12122.3138773988,23.4455691560332,22.9,15.7834333419824,Other/Global,58.7961222091657,0.81,21.6,27.96,34.88,5400.0,8100.0,36.11,0.98,893.4,-1.14,29,1.0,333,85.24,16.89,23.74
Costa Rica,2019,4500.0,33.7237732079906,97.7489933411672,12258.181637174,22.9564135264037,23.9,15.3081432648276,Other/Global,59.1167254210732,0.81,21.6,27.72,34.71,5400.0,8100.0,36.16,1.02,764.7,-0.65,28,1.0,301,86.21,16.02,24.98
Costa Rica,2020,4500.0,33.541374853114,98.5961613787701,12394.0493969492,22.4788462718743,30.0,16.5444966099046,Other/Global,59.4373286329808,0.81,21.6,27.48,34.53,5400.0,8100.0,36.21,1.12,914.7,-0.69,32,1.0,326,85.69,18.32,23.56
Cote d'Ivoire,1990,220280.0,59.9286037735849,38.3326352201258,885.647842214928,60.3154570296517,44.4,49.8514202397614,Other/Global,24.6882389937107,39.65,1057.34,74.7,71.02,264336.0,396504.0,39.49,0.19,870.7,-0.16,22,1.0,204,78.62,5.0,42.35
Cote d'Ivoire,1991,212228.0,60.1482006289308,40.0650962264151,890.746712128315,60.0126182762833,44.4,49.8514202397614,Other/Global,23.8214433962264,38.2,1018.69,75.26,71.32,254673.6,382010.4,39.69,0.42,886.3,-0.7,28,1.0,189,77.1,7.12,37.52
Cote d'Ivoire,1992,204176.0,60.3677974842767,41.7975572327044,895.845582041702,59.6996812918368,44.4,49.8260530887763,Other/Global,22.9546477987421,36.75,980.04,75.91,71.66,245011.2,367516.8,39.87,0.38,833.7,-0.34,23,1.0,184,78.27,5.55,37.83
Cote d'Ivoire,1993,196124.0,60.5873943396226,43.5300182389937,900.944451955089,59.3774092796575,44.4,49.7966691425949,Other/Global,22.0878522012579,35.3,941.4,76.47,71.96,235348.8,353023.2,40.04,0.43,1122.6,0.36,24,1.0,194,78.87,7.47,40.14
Cote d'Ivoire,1994,188072.0,60.8069911949685,45.262479245283,906.043321868476,59.0465654430904,44.4,49.6003639500898,Other/Global,21.2210566037736,33.85,902.75,77.12,72.3,225686.4,338529.6,40.2,0.5,986.2,-0.05,27,1.0,223,80.4,6.94,37.82
Cote d'Ivoire,1995,180020.0,61.0265880503144,46.9949402515723,911.142191781863,58.7079129854808,44.4,49.2661159581909,Other/Global,20.3542610062893,32.4,864.1,77.68,72.59,216024.0,324036.0,40.35,0.35,778.8,-0.98,23,1.0,245,79.11,5.03,43.14
Cote d'Ivoire,1996,171968.0,61.2461849056603,48.7274012578616,916.24106169525,58.3622151101737,44.4,48.8821026595941,Other/Global,19.487465408805,30.95,825.45,78.24,72.87,206361.6,309542.4,40.48,0.45,898.0,-0.32,25,1.0,211,77.32,6.94,37.65
Cote d'Ivoire,1997,163916.0,61.4657817610062,50.4598622641509,921.339931608637,58.0102350205144,44.4,48.2888316121634,Other/Global,18.6206698113208,29.5,786.8,78.73,73.12,196699.2,295048.8,40.6,0.4,831.7,-0.67,22,1.0,241,79.2,7.25,40.16
Cote d'Ivoire,1998,155864.0,61.6853786163521,52.1923232704402,926.438801522024,57.6527938812357,44.4,48.0572032555752,Other/Global,17.7538742138365,28.06,748.15,79.21,73.36,187036.8,280555.2,40.71,0.41,800.1,-0.89,25,1.0,229,78.49,7.61,39.96
Cote d'Ivoire,1999,147812.0,61.904975471698,53.9247842767295,931.537671435411,57.289309240383,44.4,47.84277494169,Other/Global,16.8870786163522,26.61,709.5,79.69,73.6,177374.4,266061.6,40.81,0.39,775.1,-0.51,22,1.0,219,79.66,7.37,41.55
Cote d'Ivoire,2000,139760.0,62.124572327044,55.6572452830189,936.636541348798,56.9159934988087,44.4,47.9069867485457,Other/Global,16.0202830188679,25.16,670.85,80.18,73.84,167712.0,251568.0,40.89,0.59,917.8,-0.87,25,1.0,244,77.16,9.08,39.5
Cote d'Ivoire,2001,139760.0,62.4856959119496,57.1632393081761,998.327774262061,56.5329850964988,44.4,48.1422813375089,Other/Global,15.6652924528302,25.16,670.85,80.5,74.11,167712.0,251568.0,41.06,0.39,828.7,-0.38,20,1.0,266,80.28,8.55,41.91
Cote d'Ivoire,2002,139760.0,62.8468194968553,58.6692333333333,1060.01900717532,56.140967852272,44.4,48.3791010327592,Other/Global,15.3103018867925,25.16,670.85,80.82,74.38,167712.0,251568.0,41.23,0.46,960.7,0.04,22,1.0,245,79.27,10.16,39.97
Cote d'Ivoire,2003,139760.0,63.2079430817609,60.1752273584905,1121.71024008858,55.7406255849469,44.4,48.7199122189713,Other/Global,14.9553113207547,25.16,670.85,81.22,74.69,167712.0,251568.0,41.4,0.53,962.7,-0.48,25,1.0,262,78.4,10.43,39.96
Cote d'Ivoire,2004,139760.0,63.5690666666666,61.6812213836478,1183.40147300185,55.332642113342,44.4,48.2554132951939,Other/Global,14.600320754717,25.16,670.85,81.55,74.96,167712.0,251568.0,41.56,0.6,993.1,-0.42,27,1.0,257,76.71,9.81,41.82
Cote d'Ivoire,2005,139760.0,63.9301902515723,63.187215408805,1245.09270591511,54.917701256276,44.4,48.0375503879253,Other/Global,14.2453301886792,25.16,670.85,81.87,75.23,167712.0,251568.0,41.72,0.64,815.0,-0.86,24,1.0,261,76.71,9.9,42.36
Cote d'Ivoire,2006,139760.0,64.2913138364779,64.6932094339622,1306.78393882837,54.4964868325674,44.4,47.8482157593684,Other/Global,13.8903396226415,25.16,670.85,82.19,75.5,167712.0,251568.0,41.88,0.82,921.3,-0.5,34,1.0,248,79.2,10.33,42.3
Cote d'Ivoire,2007,139760.0,64.6524374213836,66.1992034591195,1368.47517174164,54.069682661035,44.4,47.7091344889403,Other/Global,13.5353490566038,25.16,670.85,82.51,75.77,167712.0,251568.0,42.04,0.84,933.8,-0.61,30,1.0,271,79.25,11.19,42.37
Cote d'Ivoire,2008,139760.0,65.0135610062892,67.7051974842767,1430.1664046549,53.6379725604971,44.4,47.4095953477235,Other/Global,13.180358490566,25.16,670.85,82.92,76.08,167712.0,251568.0,42.19,0.66,845.3,-0.58,27,1.0,245,79.45,11.81,46.17
Cote d'Ivoire,2009,139760.0,65.3746845911949,69.2111915094339,1491.85763756816,53.2020403497726,44.4,47.0279227007854,Other/Global,12.8253679245283,25.16,670.85,83.24,76.35,167712.0,251568.0,42.34,0.61,821.5,-0.22,27,1.0,276,80.11,11.59,44.34
Cote d'Ivoire,2010,139760.0,65.7358081761006,70.7171855345912,1553.54887048143,52.7625698476799,44.4,46.6343052548255,Other/Global,12.4703773584906,25.16,670.85,83.56,76.62,167712.0,251568.0,42.49,0.69,1012.0,-0.33,26,1.0,294,78.92,12.0,44.51
Cote d'Ivoire,2011,135018.0,67.9760089308175,72.4519509433962,1605.78280656117,52.3202448730377,44.4,47.183774032307,Other/Global,12.1153899371069,24.3,648.09,83.64,77.28,162021.6,243032.4,42.57,0.6,902.0,-0.99,27,1.0,304,77.94,12.95,47.57
Cote d'Ivoire,2012,130276.0,70.2162096855345,74.1867163522012,1658.01674264092,51.8757492446646,44.4,46.2718277132224,Other/Global,11.7604025157233,23.45,625.32,83.72,77.95,156331.2,234496.8,42.65,0.7,935.2,-0.19,28,1.0,265,79.76,13.94,44.1
Cote d'Ivoire,2013,125534.0,72.4564104402515,75.9214817610063,1710.25067872067,51.4297667813792,44.4,45.3101692945285,Other/Global,11.4054150943396,22.6,602.56,83.8,78.61,150640.8,225961.2,42.72,0.7,819.2,-0.32,27,1.0,291,75.68,13.69,52.37
Cote d'Ivoire,2014,120792.0,74.6966111949685,77.6562471698113,1762.48461480042,50.9826855442632,44.4,47.8579639529269,Other/Global,11.050427672956,21.74,579.8,83.88,79.28,144950.4,217425.6,42.79,0.62,788.0,-0.75,26,1.0,277,75.66,13.86,46.25
Cote d'Ivoire,2015,116050.0,76.9368119496855,79.3910125786164,1814.71855088017,50.5305105310447,44.4,50.5367400929959,Other/Global,10.6954402515723,20.89,557.04,83.88,79.9,139260.0,208890.0,42.85,0.94,840.5,-1.28,31,1.0,293,73.37,14.46,53.46
Cote d'Ivoire,2016,111308.0,78.0746141509433,81.6986270440252,1887.72071037,50.070008965968,44.4,52.9240505749256,Other/Global,10.3404402515723,20.04,534.28,83.96,80.23,133569.6,200354.4,42.95,1.03,876.7,-0.94,31,1.0,324,75.68,13.23,48.41
Cote d'Ivoire,2017,106566.0,79.2124163522012,84.006241509434,1960.72286985984,49.6022690345656,44.4,50.5079045856325,Other/Global,9.98544025157233,19.18,511.52,83.96,80.51,127879.2,191818.8,43.04,0.9,802.1,-1.38,29,1.0,311,74.4,14.87,52.4
Cote d'Ivoire,2018,101824.0,80.350218553459,86.3138559748428,2033.72502934967,49.1281522243605,39.5,48.4041506801604,Other/Global,9.63044025157233,18.33,488.76,83.96,80.8,122188.8,183283.2,43.12,0.95,887.0,-0.61,30,1.0,292,73.62,14.44,52.05
Cote d'Ivoire,2019,97082.0,81.4880207547169,88.6214704402516,2106.72718883951,48.6485200228759,39.5,45.944939092442,Other/Global,9.27547169811321,17.47,465.99,83.96,81.08,116498.4,174747.6,43.19,1.02,753.3,-1.71,31,1.0,295,73.36,15.4,57.11
Cote d'Ivoire,2020,92340.0,82.6258229559748,90.9290849056604,2179.72934832935,48.1642339176349,39.5,47.673475814199,Other/Global,8.92047169811321,16.62,443.23,83.88,81.31,110808.0,166212.0,43.24,1.02,799.3,-1.24,33,1.0,309,72.84,15.5,56.36
Croatia,1990,40.0,20.9078552010302,79.9166905136643,5369.10978590681,45.9319838110508,23.1,21.997317375676,Other/Global,33.2140940797711,0.01,0.19,19.98,21.0,48.0,72.0,23.88,0.32,953.7,-0.38,17,1.0,205,89.02,4.56,15.97
Croatia,1991,69.0,20.9078552010302,79.9166905136643,5327.56396610515,45.652459100503,23.1,21.997317375676,Other/Global,33.2140940797711,0.01,0.33,22.88,23.13,82.8,124.2,25.16,0.5,948.3,-0.2,20,1.0,209,87.49,4.89,17.6
Croatia,1992,98.0,20.9078552010302,79.9166905136643,5286.01814630349,45.4324149471984,23.1,22.0261932777408,Other/Global,33.2140940797711,0.02,0.47,24.74,24.5,117.6,176.4,25.99,0.38,868.6,-0.52,20,1.0,188,87.6,7.91,17.1
Croatia,1993,127.0,20.9078552010302,79.9166905136643,5244.47232650183,45.2201563319946,23.1,21.7211459703448,Other/Global,33.2766946878913,0.02,0.61,26.11,25.52,152.4,228.6,26.61,0.37,818.6,-0.51,19,1.0,244,87.89,6.38,17.94
Croatia,1994,156.0,20.9078552010302,79.9166905136643,5202.92650670017,45.0227371250913,23.1,21.0641910539403,Other/Global,33.3392952960114,0.03,0.75,27.16,26.3,187.2,280.8,27.09,0.34,817.8,-0.54,20,1.0,249,88.48,7.76,16.15
Croatia,1995,185.0,20.9078552010302,79.9166905136643,5161.38068689851,44.8431630160759,23.1,20.4289314629019,Other/Global,33.4018959041316,0.03,0.89,28.04,26.96,222.0,333.0,27.5,0.38,870.1,-0.7,20,1.0,228,88.67,7.78,15.15
Croatia,1996,214.0,20.9078552010302,79.9166905136643,5119.83486709685,44.6844396945359,23.1,19.7812212170585,Other/Global,33.4226509467667,0.04,1.03,28.85,27.55,256.8,385.2,27.85,0.41,951.5,0.03,20,1.0,212,86.76,8.1,12.2
Croatia,1997,243.0,20.9078552010302,79.9166905136643,5078.28904729519,44.5495728500585,23.1,17.7713786131302,Other/Global,33.4851732761701,0.04,1.17,29.49,28.03,291.6,437.4,28.15,0.53,974.2,-0.19,20,1.0,219,88.6,8.36,15.85
Croatia,1998,272.0,20.9078552010302,79.9166905136643,5036.74322749353,44.4415681722313,23.1,17.3493125125585,Other/Global,33.5896977284922,0.05,1.31,30.06,28.46,326.4,489.6,28.42,0.33,860.2,-0.69,18,1.0,218,88.21,9.96,16.81
Croatia,1999,301.0,20.9078552010302,79.9166905136643,4995.19740769188,44.3634313506416,23.1,17.0266910043119,Other/Global,33.6522983366124,0.05,1.44,30.54,28.83,361.2,541.8,28.66,0.39,807.7,0.05,22,1.0,220,90.16,9.01,14.54
Croatia,2000,330.0,20.9078552010302,79.9166905136643,4953.65158789022,44.3181680748769,23.1,16.5415494217316,Other/Global,33.7136929460581,0.06,1.58,31.02,29.18,396.0,594.0,28.88,0.39,921.4,-0.1,19,1.0,229,88.14,7.62,16.39
Croatia,2001,306.0,21.2003875281146,79.6003609662647,5831.26297875141,44.3086170943441,23.1,15.9936059870519,Other/Global,33.7762913149234,0.06,1.47,30.54,28.94,367.2,550.8,28.68,0.54,834.1,-0.7,22,1.0,249,90.35,9.42,18.93
Croatia,2002,282.0,21.4929198551991,79.2840314188651,6708.87436961261,44.3254531407446,23.1,15.5508120990196,Other/Global,33.8388896837888,0.05,1.35,30.14,28.72,338.4,507.6,28.48,0.71,858.5,-0.28,23,1.0,248,91.17,9.23,17.04
Croatia,2003,258.0,21.7854521822835,78.9677018714655,7586.48576047381,44.3613039797887,23.1,16.8652681290852,Other/Global,33.8699878493317,0.05,1.24,29.57,28.41,309.6,464.4,28.25,0.54,1006.0,0.47,22,1.0,272,90.4,9.46,15.54
Croatia,2004,234.0,22.077984509368,78.6513723240659,8464.09715133501,44.4109121265635,23.1,16.965132368309,Other/Global,33.9325280537488,0.04,1.12,29.09,28.13,280.8,421.2,28.01,0.6,966.1,-0.3,21,1.0,230,87.75,11.43,19.03
Croatia,2005,210.0,22.3705168364525,78.3350427766663,9341.70854219621,44.4692782524556,23.1,17.3000684672435,Other/Global,33.995068258166,0.04,1.01,28.44,27.76,252.0,378.0,27.74,0.78,912.6,-0.48,26,1.0,243,89.48,9.94,17.78
Croatia,2006,186.0,22.6630491635369,78.0187132292667,10219.3199330574,44.5314030288517,23.1,14.2423302017055,Other/Global,34.0576084625831,0.03,0.89,27.8,27.37,223.2,334.8,27.44,0.78,798.2,-1.26,24,1.0,230,87.63,12.2,17.88
Croatia,2007,162.0,22.9555814906214,77.7023836818671,11096.9313239186,44.5922871271387,23.1,12.3541268342125,Other/Global,34.1201486670002,0.03,0.78,27.07,26.92,194.4,291.6,27.1,0.87,916.9,-0.68,27,1.0,265,87.72,11.31,16.8
Croatia,2008,138.0,23.2481138177058,77.3860541344675,11974.5427147798,44.6469312187031,23.1,12.8169014084507,Other/Global,34.1826888714173,0.02,0.66,26.19,26.36,165.6,248.4,26.71,0.75,985.0,-0.38,23,1.0,291,87.73,13.0,15.3
Croatia,2009,114.0,23.5406461447903,77.069724587068,12852.154105641,44.6903359749318,23.1,13.3242664193182,Other/Global,34.2452290758345,0.02,0.55,25.14,25.69,136.8,205.2,26.25,0.65,869.9,-0.56,22,1.0,263,88.73,14.27,18.47
Croatia,2010,90.0,23.8331784718748,76.7533950396684,13729.7654965022,44.7175020672114,23.1,14.2543409802845,Other/Global,34.3077692802516,0.02,0.43,23.85,24.83,108.0,162.0,25.68,0.7,1008.1,-0.1,22,1.0,294,87.44,13.64,18.87
Croatia,2011,82.0,24.5600743335001,76.2398434708027,13440.5692096028,44.7226206718752,23.1,14.58830357759,Other/Global,34.314916732185,0.01,0.39,23.37,24.69,98.4,147.6,25.45,0.73,1003.4,-0.07,25,1.0,288,88.36,13.55,17.11
Croatia,2012,74.0,25.2869701951254,75.726291901937,13151.3729227034,44.6957111375127,23.1,11.9158505761487,Other/Global,34.3220641841184,0.01,0.36,22.88,24.53,88.8,133.2,25.19,0.72,1033.1,-0.06,22,1.0,294,89.64,14.56,19.27
Croatia,2013,66.0,26.0138660567507,75.2127403330713,12862.176635804,44.6340520312567,23.1,10.3837333519501,Other/Global,34.3292116360517,0.01,0.32,22.24,24.29,79.2,118.8,24.91,0.73,924.4,-0.87,24,1.0,293,86.62,15.66,21.24
Croatia,2014,58.0,26.740761918376,74.6991887642056,12572.9803489046,44.5408165073156,23.1,9.36176041610396,Other/Global,34.3363590879851,0.01,0.28,21.6,24.02,69.6,104.4,24.59,0.83,947.0,-0.79,25,1.0,315,85.84,15.75,17.75
Croatia,2015,50.0,27.4676577800014,74.1856371953399,12283.7840620053,44.4187405490996,23.1,9.16002133279155,Other/Global,34.3435065399185,0.01,0.24,20.79,23.65,60.0,90.0,24.23,0.91,1013.1,-0.51,27,1.0,288,86.81,15.79,21.03
Croatia,2016,48.0,27.3529682540225,73.3378092559145,12788.5394204695,44.2705601400192,23.1,7.47518701164236,Other/Global,34.3813916088914,0.01,0.23,20.55,23.45,57.6,86.4,24.11,0.99,935.8,-0.76,30,1.0,305,89.33,15.63,19.88
Croatia,2017,46.0,27.2382787280437,72.4899813164891,13293.2947789337,44.0990112634845,23.1,7.00580823954891,Other/Global,34.5151954828104,0.01,0.22,20.31,23.24,55.2,82.8,23.99,1.0,859.9,-0.62,29,1.0,326,88.47,16.43,21.89
Croatia,2018,44.0,27.1235892020648,71.6421533770637,13798.050137398,43.906829902906,23.1,6.14942722015248,Other/Global,34.5598956472018,0.01,0.21,20.06,23.02,52.8,79.2,23.86,0.97,864.1,-1.24,30,1.0,286,86.64,17.76,22.01
Croatia,2019,42.0,27.008899676086,70.7943254376383,14302.8054958622,43.696752041694,23.1,6.10427260181352,Other/Global,34.6045672217854,0.01,0.2,19.82,22.81,50.4,75.6,23.73,1.01,919.1,-0.85,31,1.0,302,86.44,17.56,19.87
Croatia,2020,40.0,26.8942101501072,69.946497498213,14807.5608543265,43.4715136632589,23.1,6.24800759072704,Other/Global,34.6517155110793,0.01,0.19,19.58,22.6,48.0,72.0,23.59,1.09,796.8,-0.93,28,1.0,317,88.11,18.31,19.63
Cuba,1990,0.0,62.7653631284916,98.9925418994413,2694.31697957692,26.2720108032227,23.1,22.892061870886,Other/Global,19.1620111731844,0.0,0.0,0.0,18.83,0.0,0.0,15.0,0.2,888.5,-0.29,19,1.0,191,78.88,4.62,42.16
Cuba,1991,0.0,62.5912476722532,99.4369646182494,2700.02345876736,25.8551483154297,23.1,22.892061870886,Other/Global,19.5130353817505,0.0,0.0,0.0,18.78,0.0,0.0,15.0,0.37,987.7,0.13,20,1.0,194,79.55,4.38,40.41
Cuba,1992,0.0,62.4171322160148,99.8813873370576,2705.72993795781,25.5859069824219,23.1,23.25453872287,Other/Global,19.8640595903166,0.0,0.0,0.0,18.73,0.0,0.0,15.0,0.37,724.7,-0.92,17,1.0,241,77.46,7.27,43.23
Cuba,1993,0.0,62.2430167597765,100.325810055865,2711.43641714826,25.5051345825195,23.1,23.7935375892236,Other/Global,20.2150837988827,0.0,0.0,0.0,18.67,0.0,0.0,15.0,0.44,1022.8,0.13,22,1.0,202,78.79,6.67,42.48
Cuba,1994,0.0,62.0689013035381,100.770232774673,2717.14289633871,25.4915618896484,23.1,23.3585621594281,Other/Global,20.5661080074488,0.0,0.0,0.0,18.62,0.0,0.0,15.0,0.55,989.8,-0.21,21,1.0,212,80.01,6.65,40.77
Cuba,1995,0.0,61.8947858472998,101.214655493482,2722.84937552916,25.4167709350586,23.1,22.9450761104572,Other/Global,20.9171322160149,0.0,0.0,0.0,18.57,0.0,0.0,15.0,0.46,863.2,-0.29,24,1.0,224,80.33,6.68,38.26
Cuba,1996,0.0,61.7206703910614,101.65907821229,2728.5558547196,25.215950012207,23.1,22.9450797292322,Other/Global,21.268156424581,0.0,0.0,0.0,18.52,0.0,0.0,15.0,0.42,943.5,-0.65,18,1.0,231,77.53,8.33,43.22
Cuba,1997,0.0,61.546554934823,102.103500931098,2734.26233391005,24.9323654174805,23.1,22.9450964200789,Other/Global,21.6191806331471,0.0,0.0,0.0,18.46,0.0,0.0,15.0,0.28,900.3,-0.33,17,1.0,220,78.96,6.93,41.32
Cuba,1998,0.0,61.3724394785847,102.547923649906,2739.9688131005,24.6899871826172,23.1,22.5211334001123,Other/Global,21.9702048417132,0.0,0.0,0.0,18.41,0.0,0.0,15.0,0.43,998.4,0.07,19,1.0,229,78.76,8.49,43.32
Cuba,1999,0.0,61.1983240223463,102.992346368714,2745.67529229095,24.6183166503906,23.1,22.064134971934,Other/Global,22.3212290502793,0.0,0.0,0.0,18.36,0.0,0.0,15.0,0.42,978.6,0.09,19,1.0,220,78.15,8.36,39.14
Cuba,2000,0.0,61.024208566108,103.436769087523,2751.3817714814,24.364616394043,23.1,22.0641319289512,Other/Global,22.6722532588454,0.0,0.0,0.0,18.31,0.0,0.0,15.0,0.57,788.0,-0.38,23,1.0,230,78.31,8.5,41.93
Cuba,2001,0.0,60.9920620424547,103.706967601544,3003.47035015809,24.112434387207,23.1,21.6564535828155,Other/Global,23.135009310987,0.0,0.0,0.0,18.3,0.0,0.0,15.0,0.42,947.0,-0.3,22,1.0,253,79.88,8.91,41.72
Cuba,2002,0.0,60.9599155188014,103.977166115565,3255.55892883479,24.1485108887503,23.1,21.6564555817263,Other/Global,23.8217877620077,0.0,0.0,0.0,18.29,0.0,0.0,15.0,0.52,883.5,-0.03,20,1.0,259,78.29,10.59,41.36
Cuba,2003,0.0,60.9277689951481,104.247364629586,3507.64750751148,24.1363361264887,23.1,21.6564604943233,Other/Global,24.2866541353383,0.0,0.0,0.0,18.28,0.0,0.0,15.0,0.6,906.6,-0.66,26,1.0,264,79.07,8.47,44.93
Cuba,2004,0.0,60.8956224714949,104.517563143607,3759.73608618818,24.082318340774,23.1,21.1647342655213,Other/Global,24.7514331359835,0.0,0.0,0.0,18.27,0.0,0.0,15.0,0.77,841.7,-0.41,29,1.0,253,79.81,11.72,42.09
Cuba,2005,0.0,60.8634759478416,104.787761657628,4011.82466486487,23.9966680454507,23.1,20.2498731436655,Other/Global,25.2113866967306,0.0,0.0,0.0,18.26,0.0,0.0,15.0,0.69,1039.9,0.16,23,1.0,253,81.34,11.62,38.3
Cuba,2006,0.0,60.8313294241883,105.057960171649,4263.91324354157,23.8878468927597,23.1,20.0206059391455,Other/Global,25.68072911773,0.0,0.0,0.0,18.25,0.0,0.0,15.0,0.74,983.2,-0.59,24,1.0,240,79.6,11.25,40.95
Cuba,2007,0.0,60.7991829005351,105.32815868567,4516.00182221826,23.7643165349415,23.1,18.7419206343626,Other/Global,26.1452461480646,0.0,0.0,0.0,18.24,0.0,0.0,15.0,0.77,840.8,-0.72,28,1.0,258,80.12,11.45,38.52
Cuba,2008,0.0,60.7670363768818,105.598357199691,4768.09040089496,23.634538624237,23.1,18.5744333603181,Other/Global,26.6121758737317,0.0,0.0,0.0,18.23,0.0,0.0,15.0,0.72,793.2,-0.95,26,1.0,269,79.57,12.05,44.57
Cuba,2009,0.0,60.7348898532285,105.868555713712,5020.17897957165,23.5069748128867,23.1,18.7277354494759,Other/Global,27.0791055993987,0.0,0.0,0.0,18.22,0.0,0.0,15.0,0.64,869.1,-0.43,25,1.0,287,79.02,12.86,42.23
Cuba,2010,0.0,60.7027433295753,106.138754227734,5272.26755824835,23.3900867531315,23.1,18.6008033166346,Other/Global,27.5460353250658,0.0,0.0,0.0,18.21,0.0,0.0,15.0,0.67,934.8,-0.49,23,1.0,245,79.01,13.88,41.41
Cuba,2011,0.0,60.5512436550147,106.572991854809,5763.39804101467,23.292336097212,23.1,19.6882247711334,Other/Global,27.9086306766608,0.0,0.0,0.0,18.17,0.0,0.0,15.0,0.73,919.2,-0.61,23,1.0,272,79.17,13.73,38.84
Cuba,2012,0.0,60.3997439804541,107.007229481885,6254.528523781,23.2223079933156,23.1,19.2607387100169,Other/Global,28.4372099128918,0.0,0.0,0.0,18.12,0.0,0.0,15.0,0.57,1000.3,0.29,24,1.0,247,76.78,14.02,41.94
Cuba,2013,0.0,60.2482443058935,107.44146710896,6745.65900654732,23.18359375,23.1,18.6142960674295,Other/Global,29.5835732105162,0.0,0.0,0.0,18.07,0.0,0.0,15.0,0.7,963.2,-0.38,27,1.0,260,79.0,14.27,43.62
Cuba,2014,0.0,60.0967446313328,107.875704736036,7236.78948931365,23.1557540893555,23.1,18.8995553227342,Other/Global,30.1249759661604,0.0,0.0,0.0,18.03,0.0,0.0,15.0,0.69,977.6,-0.05,24,1.0,307,79.95,13.23,42.63
Cuba,2015,0.0,59.9452449567723,108.309942363112,7727.91997207998,23.1297149658203,23.1,18.4846599696648,Other/Global,30.5859750240154,0.0,0.0,0.0,17.98,0.0,0.0,15.0,0.91,926.1,-0.71,26,1.0,272,78.58,13.83,42.49
Cuba,2016,0.0,60.2895292987511,108.182354661202,8103.39180678321,23.0884170532227,23.1,18.1282915098073,Other/Global,31.1514801999231,0.0,0.0,0.0,18.09,0.0,0.0,15.0,0.76,788.9,-0.48,24,1.0,296,81.12,16.48,44.45
Cuba,2017,0.0,60.63381364073,108.054766959293,8478.86364148644,23.0396728515625,23.1,17.7464308922507,Other/Global,31.233140655106,0.0,0.0,0.0,18.19,0.0,0.0,15.0,0.9,884.3,-0.98,28,1.0,314,79.44,16.41,44.84
Cuba,2018,0.0,60.9780979827089,107.927179257383,8854.33547618967,22.9843673706055,23.1,17.3688237093543,Other/Global,31.233140655106,0.0,0.0,0.0,18.29,0.0,0.0,15.0,1.02,984.8,-0.72,31,1.0,295,79.05,17.13,42.2
Cuba,2019,0.0,61.3223823246878,107.799591555474,9229.8073108929,22.9271774291992,23.1,17.0201050042897,Other/Global,31.233140655106,0.0,0.0,0.0,18.4,0.0,0.0,15.0,1.13,895.9,-0.46,31,1.0,287,80.12,17.55,43.36
Cuba,2020,0.0,61.6666666666667,107.672003853565,9605.27914559614,22.8919677734375,23.1,17.0376275826908,Other/Global,31.233140655106,0.0,0.0,0.0,18.5,0.0,0.0,15.0,0.99,940.2,-0.79,32,1.0,310,79.71,17.83,45.81
Czechia,1990,780.0,55.3901902420085,132.717264138734,3969.36733543794,24.781209172357,10.4,7.67387414792427,Other/Global,34.0595444545102,0.14,3.74,35.37,42.8,936.0,1404.0,33.09,0.23,874.4,0.21,17,1.0,227,81.96,5.79,37.87
Czechia,1991,780.0,55.3901902420085,132.717264138734,4178.72275473693,24.8337091006117,10.4,7.67387414792427,Other/Global,34.0595444545102,0.14,3.74,35.37,42.8,936.0,1404.0,33.09,0.49,817.5,-0.4,21,1.0,222,82.2,4.82,40.83
Czechia,1992,780.0,55.3901902420085,132.717264138734,4388.07817403593,24.9098558652741,10.4,7.45014988202335,Other/Global,34.0595444545102,0.14,3.74,35.37,42.8,936.0,1404.0,33.09,0.28,890.0,-0.3,19,1.0,207,82.36,6.37,37.83
Czechia,1993,780.0,55.3901902420085,132.717264138734,4597.43359333493,25.0169839688931,10.4,7.24009444289689,Other/Global,34.0595444545102,0.14,3.74,35.37,42.8,936.0,1404.0,33.09,0.26,924.6,-0.67,17,1.0,206,81.15,6.69,39.13
Czechia,1994,780.0,55.3901902420085,132.717264138734,4806.78901263393,25.1462632727301,10.4,6.50763290550928,Other/Global,34.0697295198654,0.14,3.74,35.37,42.8,936.0,1404.0,33.09,0.48,847.5,-0.56,20,1.0,235,79.36,7.8,42.55
Czechia,1995,780.0,55.3901902420085,132.717264138734,5016.14443193293,25.2907127063206,10.4,6.2361427017455,Other/Global,34.0799145852207,0.14,3.74,35.37,42.8,936.0,1404.0,33.09,0.4,881.0,-0.35,20,1.0,199,80.32,4.26,38.19
Czechia,1996,780.0,55.3901902420085,132.717264138734,5225.49985123193,25.4433511992004,10.4,5.87094105130945,Other/Global,34.0900996505759,0.14,3.74,35.37,42.8,936.0,1404.0,33.09,0.33,824.7,-0.16,17,1.0,239,82.57,9.48,42.06
Czechia,1997,780.0,55.3901902420085,132.717264138734,5434.85527053093,25.5971976809049,10.4,5.44625265798602,Other/Global,34.1002847159312,0.14,3.74,35.37,42.8,936.0,1404.0,33.09,0.45,989.4,0.41,20,1.0,220,80.91,8.65,38.66
Czechia,1998,780.0,55.3901902420085,132.717264138734,5644.21068982993,25.7452710809698,10.4,5.17018038749907,Other/Global,34.1104697812864,0.14,3.74,35.37,42.8,936.0,1404.0,33.09,0.39,876.3,-0.6,20,1.0,209,80.08,8.59,42.07
Czechia,1999,780.0,55.3901902420085,132.717264138734,5853.56610912893,25.8805903289306,10.4,4.87824648835522,Other/Global,34.1206548466416,0.14,3.74,35.37,42.8,936.0,1404.0,33.09,0.33,1016.1,0.36,19,1.0,209,79.95,8.04,42.8
Czechia,2000,780.0,55.3901902420085,132.717264138734,6062.92152842793,25.9961743543231,10.4,4.66179983210545,Other/Global,34.1308399119969,0.14,3.74,35.37,42.8,936.0,1404.0,33.09,0.29,1022.2,0.4,20,1.0,263,79.31,8.98,38.06
Czechia,2001,780.0,54.4140612864338,133.008155878427,7472.67292635572,26.0868247495998,10.4,4.45755609061847,Other/Global,34.1568396531642,0.14,3.74,35.37,42.51,936.0,1404.0,33.1,0.51,893.4,-0.11,25,1.0,239,81.95,10.08,40.58
Czechia,2002,780.0,53.4379323308591,133.299047618121,8882.42432428352,26.1639932421247,10.4,4.25913095389035,Other/Global,34.1828393943316,0.14,3.74,35.29,42.17,936.0,1404.0,33.11,0.56,819.2,-0.57,21,1.0,232,80.55,11.73,40.95
Czechia,2003,780.0,52.4618033752844,133.589939357815,10292.1757222113,26.2350849798647,10.4,4.06536577538265,Other/Global,34.2088391354989,0.14,3.74,35.29,41.88,936.0,1404.0,33.12,0.57,733.0,-1.6,24,1.0,249,80.16,12.2,37.3
Czechia,2004,780.0,51.4856744197098,133.880831097509,11701.9271201391,26.3008352832983,10.4,3.87687738783382,Other/Global,34.2392699974113,0.14,3.74,35.29,41.59,936.0,1404.0,33.13,0.79,782.1,-1.07,25,1.0,244,80.53,12.07,38.73
Czechia,2005,780.0,50.5095454641351,134.171722837203,13111.6785180669,26.3624454576802,9.9,3.67911180654967,Other/Global,34.2652731038053,0.14,3.74,35.29,41.3,936.0,1404.0,33.13,0.61,790.0,-1.2,22,1.0,248,78.69,12.75,34.63
Czechia,2006,780.0,49.5334165085604,134.462614576897,14521.4299159947,26.421116808265,9.6,3.49556976816556,Other/Global,34.295715210356,0.14,3.74,35.29,41.0,936.0,1404.0,33.14,0.6,1010.2,-0.17,23,1.0,252,82.91,12.92,40.83
Czechia,2007,780.0,48.5572875529858,134.753506316591,15931.1813139225,26.4780506403075,9.0,3.33020381098767,Other/Global,34.3217216828479,0.14,3.74,35.21,40.67,936.0,1404.0,33.15,0.67,909.2,-0.21,25,1.0,263,82.03,12.54,34.39
Czechia,2008,780.0,47.5811585974111,135.044398056285,17340.9327118503,26.5344482590623,8.6,3.17429191402186,Other/Global,34.35217503884,0.14,3.74,35.21,40.38,936.0,1404.0,33.16,0.7,931.1,-0.36,24,1.0,278,81.08,13.31,34.73
Czechia,2009,780.0,46.6050296418364,135.335289795979,18750.6841097781,26.5915109697841,9.0,3.11693326475926,Other/Global,34.3781848783014,0.14,3.74,35.21,40.08,936.0,1404.0,33.17,0.7,722.3,-0.81,25,1.0,247,84.46,15.3,34.47
Czechia,2010,780.0,45.6289006862618,135.626181535673,20160.4355077059,26.6504400777277,9.8,3.0961795094374,Other/Global,34.4086494885407,0.14,3.74,35.21,39.79,936.0,1404.0,33.18,0.64,804.1,-0.73,24,1.0,294,83.1,15.69,34.33
Czechia,2011,1152.0,45.5537616576741,135.81880301898,19714.66815958,26.7121661605254,9.6,2.98913350224688,Other/Global,34.4371617247184,0.21,5.53,37.23,41.28,1382.4,2073.6,34.25,0.67,970.8,-0.69,26,1.0,263,80.37,14.94,35.03
Czechia,2012,1524.0,45.4786226290864,136.011424502286,19268.9008114542,26.7750760407102,8.6,3.05023174245271,Other/Global,34.465673960896,0.27,7.32,38.68,42.33,1828.8,2743.2,35.03,0.55,922.8,-1.12,22,1.0,285,83.95,15.15,34.96
Czechia,2013,1896.0,45.4034836004987,136.204045985594,18823.1334633284,26.8377813065021,9.7,3.03036080533776,Other/Global,34.4986531986532,0.34,9.1,39.81,43.16,2275.2,3412.8,35.63,0.8,888.0,-0.64,25,1.0,283,81.89,16.58,31.85
Czechia,2014,2268.0,45.328344571911,136.396667468901,18377.3661152026,26.9004078958531,9.7,2.74854056542889,Other/Global,34.5271691271691,0.41,10.89,40.77,43.84,2721.6,4082.4,36.13,0.74,944.9,-0.51,27,1.0,276,83.83,16.14,31.54
Czechia,2015,2640.0,45.2532055433234,136.589288952208,17931.5987670768,26.9629557125645,9.7,2.92550905922513,Other/Global,34.5601606009584,0.48,12.67,41.58,44.42,3168.0,4752.0,36.55,0.9,1030.5,-0.58,28,1.0,308,83.74,16.06,37.4
Czechia,2016,2640.0,45.3319377530366,136.9866169302,19039.8573227497,27.0254246604377,9.1,2.90149504358956,Other/Global,34.579070068644,0.48,12.67,41.5,44.4,3168.0,4752.0,36.56,0.91,882.0,-1.3,25,1.0,283,83.28,17.51,36.38
Czechia,2017,2640.0,45.4106699627499,137.383944908192,20148.1158784227,27.0878146432744,9.6,2.80295199311181,Other/Global,34.6025126278979,0.48,12.67,41.5,44.42,3168.0,4752.0,36.58,0.98,905.2,-0.99,25,1.0,319,81.6,18.32,31.53
Czechia,2018,2640.0,45.4894021724632,137.781272886183,21256.3744340957,27.1501255648759,10.1,2.80219299241012,Other/Global,34.6259551871519,0.48,12.67,41.5,44.45,3168.0,4752.0,36.6,1.03,915.1,-0.83,29,1.0,312,81.6,17.45,34.99
Czechia,2019,2640.0,45.5681343821765,138.178600864176,22364.6329897687,27.2123573290437,9.5,2.66377082699749,Other/Global,34.6514173213048,0.48,12.67,41.5,44.47,3168.0,4752.0,36.61,1.04,1091.1,0.0,31,1.0,294,83.0,18.6,35.89
Czechia,2020,2640.0,45.6468665918898,138.575928842168,23472.8915454417,27.2745098395792,8.6,2.61002349042564,Other/Global,34.6779919254939,0.48,12.67,41.5,44.5,3168.0,4752.0,36.63,1.05,731.7,-1.34,30,1.0,291,81.91,20.01,38.46
Democratic Republic of Congo,1990,675420.0,11.4510046095146,16.1814088793807,254.872656292509,39.0452192448637,23.1,18.5778506151342,Other/Global,28.6435234422283,121.58,3242.02,77.2,59.16,810504.0,1215756.0,36.54,0.38,873.6,0.09,43,1.0,220,93.05,5.8,11.8
Democratic Republic of Congo,1991,675437.0,11.4351249421054,16.7911607154672,267.177932811397,39.0452192448637,23.1,18.5778506151342,Other/Global,28.6435234422283,121.58,3242.1,77.2,59.16,810524.4,1215786.6,36.74,0.36,809.8,-0.9,34,1.0,190,91.47,5.15,14.81
Democratic Republic of Congo,1992,675454.0,11.4192452746962,17.4009125515537,279.483209330286,39.0452192448637,23.1,18.5778506151342,Other/Global,28.6435234422283,121.58,3242.18,77.2,59.15,810544.8,1215817.2,36.93,0.45,864.3,-0.21,37,1.0,209,90.39,4.89,14.24
Democratic Republic of Congo,1993,675471.0,11.403365607287,18.0106643876403,291.788485849174,39.0452192448637,23.1,18.5778506151342,Other/Global,28.6435234422283,121.58,3242.26,77.2,59.15,810565.2,1215847.8,37.12,0.43,766.4,-0.78,37,1.0,225,92.8,5.02,11.43
Democratic Republic of Congo,1994,675488.0,11.3874859398778,18.6204162237268,304.093762368063,39.0452192448637,23.1,18.5778506151342,Other/Global,28.6435234422283,121.59,3242.34,77.2,59.14,810585.6,1215878.4,37.31,0.56,815.0,-0.52,43,1.0,225,89.31,6.06,12.14
Democratic Republic of Congo,1995,675505.0,11.3716062724686,19.2301680598134,316.399038886952,39.0452192448637,23.1,18.5778506151342,Other/Global,28.6435234422283,121.59,3242.42,77.2,59.14,810606.0,1215909.0,37.49,0.39,875.9,-0.52,38,1.0,218,91.45,6.42,11.35
Democratic Republic of Congo,1996,675522.0,11.3557266050594,19.8399198958999,328.70431540584,39.0452192448637,23.1,18.5778506151342,Other/Global,28.6435234422283,121.59,3242.51,77.2,59.13,810626.4,1215939.6,37.66,0.56,1068.0,0.43,42,1.0,214,92.28,5.1,13.59
Democratic Republic of Congo,1997,675539.0,11.3398469376502,20.4496717319864,341.009591924729,39.0452192448637,23.1,18.5778506151342,Other/Global,28.6435234422283,121.6,3242.59,77.2,59.13,810646.8,1215970.2,37.84,0.39,883.6,-0.28,37,1.0,239,90.38,5.85,9.8
Democratic Republic of Congo,1998,675556.0,11.323967270241,21.059423568073,353.314868443617,39.0452192448637,23.1,18.5778506151342,Other/Global,28.6435234422283,121.6,3242.67,77.2,59.12,810667.2,1216000.8,38.0,0.26,751.1,-0.91,36,1.0,203,91.1,5.77,12.48
Democratic Republic of Congo,1999,675573.0,11.3080876028318,21.6691754041595,365.620144962506,39.0452192448637,23.1,18.5778506151342,Other/Global,28.6435234422283,121.6,3242.75,77.2,59.12,810687.6,1216031.4,38.17,0.38,785.0,-0.69,36,1.0,239,90.81,7.99,12.22
Democratic Republic of Congo,2000,675590.0,11.2922079354227,22.2789272402461,377.925421481395,39.0452192448637,23.1,18.5778506151342,Other/Global,28.6435234422283,121.61,3242.83,77.2,59.11,810708.0,1216062.0,38.33,0.34,782.7,-0.73,34,1.0,219,90.28,9.2,8.87
Democratic Republic of Congo,2001,708665.0,11.4169956551465,23.0753629606757,375.372919208724,39.0452192448637,23.1,18.5778506151342,Other/Global,28.6435234422283,127.56,3401.59,77.44,59.33,850398.0,1275597.0,38.62,0.51,671.3,-1.02,37,1.0,229,91.69,9.47,13.94
Democratic Republic of Congo,2002,741740.0,11.5417833748704,23.8717986811053,372.820416936054,39.0452192448637,23.1,18.5778506151342,Other/Global,28.6435234422283,133.51,3560.35,77.76,59.59,890088.0,1335132.0,38.9,0.45,784.6,-1.1,38,1.0,251,92.59,8.09,15.04
Democratic Republic of Congo,2003,774815.0,11.6665710945943,24.668234401535,370.267914663384,39.0452192448637,23.1,18.5778506151342,Other/Global,28.6435234422283,139.47,3719.11,78.0,59.8,929778.0,1394667.0,39.18,0.54,865.6,-0.56,39,1.0,238,93.94,8.76,11.15
Democratic Republic of Congo,2004,807890.0,11.7913588143181,25.4646701219646,367.715412390713,39.0452192448637,23.1,18.5778506151342,Other/Global,28.6435234422283,145.42,3877.87,78.24,60.01,969468.0,1454202.0,39.44,0.49,701.1,-0.94,42,1.0,270,92.42,8.83,14.41
Democratic Republic of Congo,2005,840965.0,11.916146534042,26.2611058423943,365.162910118043,39.0452192448637,23.1,18.5778506151342,Other/Global,28.6435234422283,151.37,4036.63,78.4,60.18,1009158.0,1513737.0,39.71,0.66,883.0,-0.57,43,1.0,267,91.15,10.33,12.02
Democratic Republic of Congo,2006,874040.0,12.0409342537659,27.0575415628239,362.610407845373,39.0452192448637,23.1,18.5778506151342,Other/Global,28.6435234422283,157.33,4195.39,78.65,60.39,1048848.0,1573272.0,39.96,0.53,834.1,-0.24,43,1.0,249,92.78,11.37,15.38
Democratic Republic of Congo,2007,907115.0,12.1657219734897,27.8539772832535,360.057905572702,39.0452192448637,23.1,18.5778506151342,Other/Global,28.6435234422283,163.28,4354.15,78.89,60.6,1088538.0,1632807.0,40.21,0.6,732.4,-0.81,45,1.0,260,90.05,11.92,17.83
Democratic Republic of Congo,2008,940190.0,12.2905096932136,28.6504130036832,357.505403300032,39.0452192448637,23.1,18.5778506151342,Other/Global,28.6435234422283,169.23,4512.91,79.05,60.76,1128228.0,1692342.0,40.46,0.77,775.9,-1.03,48,1.0,250,90.73,10.85,14.84
Democratic Republic of Congo,2009,973265.0,12.4152974129375,29.4468487241128,354.952901027362,39.0452192448637,23.1,18.5778506151342,Other/Global,28.6435234422283,175.19,4671.67,79.29,60.96,1167918.0,1751877.0,40.7,0.74,911.1,-0.49,51,1.0,277,92.49,11.86,15.63
Democratic Republic of Congo,2010,1006340.0,12.5400851326614,30.2432844445425,352.400398754692,39.0452192448637,23.1,18.5778506151342,Other/Global,28.6435234422283,181.14,4830.43,79.45,61.12,1207608.0,1811412.0,40.93,0.69,837.9,-0.67,48,1.0,297,90.53,11.56,20.81
Democratic Republic of Congo,2011,861866.0,12.8948192585077,31.3436124478948,381.08564560673,39.0452192448637,23.1,18.5778506151342,Other/Global,28.6435234422283,155.14,4136.96,78.57,60.59,1034239.2,1551358.8,40.87,0.57,797.3,-0.68,46,1.0,259,91.3,12.56,14.28
Democratic Republic of Congo,2012,717392.0,13.2495533843541,32.4439404512472,409.770892458768,39.0452192448637,23.1,18.5778506151342,Other/Global,28.6435234422283,129.13,3443.48,77.52,59.94,860870.4,1291305.6,40.74,0.65,794.9,-1.42,44,1.0,284,90.3,12.41,13.08
Democratic Republic of Congo,2013,572918.0,13.6042875102004,33.5442684545995,438.456139310806,39.0452192448637,23.1,18.5778506151342,Other/Global,28.6435234422283,103.13,2750.01,76.23,59.11,687501.6,1031252.4,40.53,0.69,837.4,-0.85,38,1.0,289,90.79,12.86,14.13
Democratic Republic of Congo,2014,428444.0,13.9590216360468,34.6445964579519,467.141386162844,39.0452192448637,23.1,18.5778506151342,Other/Global,28.6435234422283,77.12,2056.53,74.54,58.0,514132.8,771199.2,40.17,0.65,807.6,-1.27,35,1.0,269,90.88,12.63,18.15
Democratic Republic of Congo,2015,283970.0,14.3137557618932,35.7449244613043,495.826633014883,39.0452192448637,23.1,18.5778506151342,Other/Global,28.6435234422283,51.11,1363.06,72.2,56.41,340764.0,511146.0,39.56,0.93,697.5,-1.04,34,1.0,276,91.44,11.67,13.01
Democratic Republic of Congo,2016,283876.0,14.4396903464855,37.0642131404247,493.946420948357,39.0452192448637,23.1,18.5778506151342,Other/Global,28.6435234422283,51.1,1362.6,72.2,56.45,340651.2,510976.8,39.79,0.95,1029.3,-0.35,32,1.0,268,91.04,14.15,11.33
Democratic Republic of Congo,2017,283782.0,14.5656249310778,38.3835018195452,492.066208881832,39.0452192448637,23.1,18.5778506151342,Other/Global,28.6435234422283,51.08,1362.15,72.2,56.49,340538.4,510807.6,40.0,0.93,878.4,-0.87,33,1.0,307,91.67,15.1,13.98
Democratic Republic of Congo,2018,283688.0,14.6915595156701,39.7027904986656,490.185996815306,39.0452192448637,23.1,18.5778506151342,Other/Global,28.6435234422283,51.06,1361.7,72.2,56.53,340425.6,510638.4,40.21,0.99,897.8,-0.53,37,1.0,296,91.25,15.38,14.42
Democratic Republic of Congo,2019,283594.0,14.8174941002624,41.0220791777861,488.305784748781,39.0452192448637,23.1,18.5778506151342,Other/Global,28.6435234422283,51.05,1361.25,72.2,56.56,340312.8,510469.2,40.42,1.02,861.3,-0.82,38,1.0,294,90.51,14.4,14.28
Democratic Republic of Congo,2020,283500.0,14.9434286848548,42.3413678569066,486.425572682256,39.0452192448637,23.1,18.5778506151342,Other/Global,28.6435234422283,51.03,1360.8,72.2,56.6,340200.0,510300.0,40.62,0.83,807.2,-1.31,35,1.0,340,89.98,14.17,14.77
Denmark,1990,30.0,69.7,128.523475,26885.6994188191,15.1641185721539,12.1,5.38434503802665,Other/Global,13.286,0.01,0.14,24.01,37.3,36.0,54.0,24.25,0.25,885.1,-0.27,17,1.0,177,75.93,8.47,50.12
Denmark,1991,45.0,69.3475,129.020167499999,27269.3319953128,15.1462885156535,12.1,5.38434503802665,Other/Global,13.3864,0.01,0.22,26.75,39.06,54.0,81.0,25.32,0.29,772.0,-0.76,26,1.0,226,73.84,8.04,47.8
Denmark,1992,60.0,68.995,129.516859999999,27652.9645718066,15.1170520275686,12.1,5.25915931943525,Other/Global,13.4868,0.01,0.29,28.69,40.29,72.0,108.0,26.09,0.32,1082.2,-0.17,16,1.0,178,77.06,9.05,47.62
Denmark,1993,75.0,68.6425,130.0135525,28036.5971483003,15.0803964435523,12.1,5.13950545209483,Other/Global,13.5872,0.01,0.36,30.14,41.19,90.0,135.0,26.7,0.41,801.2,-0.86,21,1.0,206,75.92,8.91,49.37
Denmark,1994,90.0,68.29,130.510245,28420.2297247941,15.039809970765,12.1,5.04538871319401,Other/Global,13.6876,0.02,0.43,31.35,41.92,108.0,162.0,27.2,0.59,817.4,-0.8,21,1.0,192,76.33,9.04,42.61
Denmark,1995,105.0,67.9375,131.0069375,28803.8623012879,14.9987808163672,12.1,4.39445799664583,Other/Global,13.788,0.02,0.5,32.39,42.53,126.0,189.0,27.62,0.49,864.8,-0.54,21,1.0,209,77.1,11.66,42.13
Denmark,1996,120.0,67.585,131.50363,29187.4948777816,14.9607971875192,12.1,3.87716993557363,Other/Global,13.8884,0.02,0.58,33.28,43.03,144.0,216.0,27.99,0.37,1003.0,-0.4,20,1.0,217,76.93,11.53,45.93
Denmark,1997,135.0,67.2325,132.000322499999,29571.1274542754,14.9293472913815,12.1,3.73692426835774,Other/Global,13.9888,0.02,0.65,34.09,43.48,162.0,243.0,28.32,0.43,901.1,0.01,22,1.0,218,78.3,11.58,46.25
Denmark,1998,150.0,66.88,132.497015,29954.7600307691,14.9079193351146,12.1,3.70658605966477,Other/Global,14.0892,0.03,0.72,34.73,43.83,180.0,270.0,28.62,0.48,801.1,-0.74,19,1.0,235,77.53,12.74,48.14
Denmark,1999,165.0,66.5275,132.9937075,30338.3926072629,14.9000015258789,12.1,3.32164990590762,Other/Global,14.1896,0.03,0.79,35.37,44.16,198.0,297.0,28.89,0.44,1000.3,-0.01,18,1.0,248,79.77,12.48,45.61
Denmark,2000,180.0,66.175,133.4904,30722.0251837567,14.9000015258789,12.1,3.66821348678374,Other/Global,14.29,0.03,0.86,35.94,44.45,216.0,324.0,29.14,0.4,958.5,0.0,21,1.0,237,80.54,12.61,48.72
Denmark,2001,188.0,66.1225,134.010567499999,33460.2771213308,14.811692117913,12.1,3.54826800012734,Other/Global,14.327225,0.03,0.9,36.18,44.61,225.6,338.4,29.27,0.39,943.1,-0.4,20,1.0,247,77.55,15.03,46.66
Denmark,2002,196.0,66.07,134.530735,36198.5290589049,14.6999969482422,12.1,3.21288926190921,Other/Global,14.36445,0.04,0.94,36.42,44.77,235.2,352.8,29.39,0.56,957.2,-0.12,24,1.0,269,76.92,15.87,44.81
Denmark,2003,204.0,66.0175,135.0509025,38936.7809964791,14.5800018310547,12.1,3.29494568791028,Other/Global,14.401675,0.04,0.98,36.74,44.97,244.8,367.2,29.52,0.61,1091.5,0.04,24,1.0,239,75.83,14.47,48.89
Denmark,2004,212.0,65.965,135.57107,41675.0329340532,14.2869723088407,12.1,3.2717198990934,Other/Global,14.4389,0.04,1.02,36.99,45.12,254.4,381.6,29.64,0.72,1074.8,-0.26,24,1.0,266,80.15,16.29,46.91
Denmark,2005,220.0,65.9125,136.091237499999,44413.2848716274,13.9940293167135,12.1,3.18251977898505,Other/Global,14.476125,0.04,1.06,37.23,45.28,264.0,396.0,29.75,0.74,845.0,-0.6,26,1.0,294,77.1,16.98,43.76
Denmark,2006,228.0,65.86,136.611405,47151.5368092015,13.7498711850182,12.1,3.08832093540903,Other/Global,14.51335,0.04,1.09,37.47,45.43,273.6,410.4,29.86,0.8,1029.9,0.24,23,1.0,287,77.34,18.34,47.88
Denmark,2007,236.0,65.8075,137.1315725,49889.7887467756,13.5748535633651,12.1,2.96379163926027,Other/Global,14.550575,0.04,1.13,37.63,45.53,283.2,424.8,29.97,0.68,930.6,-0.22,22,1.0,288,77.16,17.6,47.87
Denmark,2008,244.0,65.755,137.65174,52628.0406843498,13.416862487793,12.1,2.70582880740602,Other/Global,14.5878,0.04,1.17,37.87,45.68,292.8,439.2,30.07,0.81,939.9,-0.24,27,1.0,278,77.62,20.25,43.78
Denmark,2009,252.0,65.7025,138.171907499999,55366.2926219239,13.2382346860071,12.1,2.75932452416022,Other/Global,14.625025,0.05,1.21,38.03,45.78,302.4,453.6,30.18,0.7,764.6,-1.17,21,1.0,287,77.45,19.29,46.55
Denmark,2010,260.0,65.65,138.692075,58104.5445594981,13.1347579956055,12.1,2.54372614601216,Other/Global,14.66225,0.05,1.25,38.28,45.93,312.0,468.0,30.28,0.82,886.3,-1.18,29,1.0,266,79.03,20.71,47.54
Denmark,2011,332.0,65.689495,139.371075,57102.4383197499,12.8432346044154,12.1,2.39446252667832,Other/Global,14.8532,0.06,1.59,39.89,47.06,398.4,597.6,30.97,0.59,834.9,-0.24,24,1.0,276,74.73,20.14,43.05
Denmark,2012,404.0,65.72899,140.050075,56100.3320800018,12.7663803100586,12.1,2.63717334519399,Other/Global,15.04415,0.07,1.94,41.1,47.93,484.8,727.2,31.52,0.79,966.2,0.21,29,1.0,278,77.79,20.85,48.55
Denmark,2013,476.0,65.768485,140.729075,55098.2258402536,12.4563475239568,12.1,2.59360042485299,Other/Global,15.2351,0.09,2.28,42.14,48.67,571.2,856.8,31.99,0.7,985.6,0.19,25,1.0,274,78.87,20.68,45.12
Denmark,2014,548.0,65.80798,141.408075,54096.1196005055,12.3176014268093,12.1,2.48018116652912,Other/Global,15.42605,0.1,2.63,43.03,49.3,657.6,986.4,32.4,0.69,734.0,-1.21,25,1.0,290,77.17,20.97,44.83
Denmark,2015,620.0,65.847475,142.087075,53094.0133607574,12.2745943422671,12.1,2.49157664462381,Other/Global,15.617,0.11,2.98,43.76,49.84,744.0,1116.0,32.76,0.77,898.2,-0.97,22,1.0,283,78.69,22.58,46.05
Denmark,2016,742.0,65.777915,142.82668,54672.3084006362,12.3000030517578,12.1,2.33416183454597,Other/Global,15.6165,0.13,3.56,44.96,50.65,890.4,1335.6,33.28,0.86,989.7,-0.71,26,1.0,296,78.11,22.55,48.01
Denmark,2017,864.0,65.708355,143.566285,56250.603440515,11.9838056200491,12.1,2.11062002904543,Other/Global,15.64,0.16,4.15,46.01,51.35,1036.8,1555.2,33.73,0.98,885.0,-1.34,28,1.0,277,77.16,24.79,48.6
Denmark,2018,986.0,65.638795,144.30589,57828.8984803938,11.8940237689311,12.1,2.19166349414525,Other/Global,15.664,0.18,4.73,46.82,51.9,1183.2,1774.8,34.12,1.03,958.2,-0.66,27,1.0,294,75.87,23.64,49.94
Denmark,2019,1108.0,65.5692349999999,145.045495,59407.1935202726,11.7903509189331,12.1,2.2229608691021,Other/Global,15.6875,0.2,5.32,47.62,52.43,1329.6,1994.4,34.47,0.96,928.0,-0.19,27,1.0,325,78.55,23.8,44.82
Denmark,2020,1230.0,65.499675,145.7851,60985.4885601514,11.7605514526368,12.3,2.10275058939704,Other/Global,15.711,0.22,5.9,48.35,52.9,1476.0,2214.0,34.78,0.99,927.2,-0.74,28,1.0,312,78.46,24.63,47.33
Djibouti,1990,0.0,56.0396893874029,25.0016393442623,780.497719360725,23.9332978689629,21.1,1.94910020693615,Other/Global,0.241587575496117,0.0,0.0,0.0,16.81,0.0,0.0,15.0,0.44,878.3,-0.33,20,25.53,327,66.06,4.49,36.24
Djibouti,1991,0.0,57.3451251078515,25.725452976704,776.209165789057,23.900002205697,21.1,1.94910020693615,Other/Global,0.241587575496117,0.0,0.0,0.0,17.2,0.0,0.0,15.0,0.48,802.7,-0.3,21,26.11,304,67.22,5.25,36.66
Djibouti,1992,0.0,58.6505608283002,26.4492666091458,771.92061221739,23.9494381059259,21.1,1.94451135393172,Other/Global,0.241587575496117,0.0,0.0,0.0,17.6,0.0,0.0,15.0,0.43,810.3,-0.76,19,27.44,318,64.66,5.06,34.55
Djibouti,1993,0.0,59.9559965487489,27.1730802415875,767.632058645723,24.0895328688477,21.1,2.00979013109773,Other/Global,0.241587575496117,0.0,0.0,0.0,17.99,0.0,0.0,15.0,0.44,956.7,0.45,22,28.77,334,65.43,4.72,37.85
Djibouti,1994,0.0,61.2614322691975,27.8968938740293,763.343505074055,24.308890154447,21.1,2.02046822154873,Other/Global,0.241587575496117,0.0,0.0,0.0,18.38,0.0,0.0,15.0,0.46,901.6,0.23,20,28.93,332,64.14,6.88,38.79
Djibouti,1995,0.0,62.5668679896462,28.6207075064711,759.054951502388,24.5961138375588,21.1,2.04749225669728,Other/Global,0.241587575496117,0.0,0.0,0.0,18.77,0.0,0.0,15.0,0.49,888.9,-0.47,19,28.69,317,65.35,7.49,37.71
Djibouti,1996,0.0,63.8723037100949,29.3445211389128,754.766397930721,24.939807793018,21.1,2.10571868864917,Other/Global,0.241587575496117,0.0,0.0,0.0,19.16,0.0,0.0,15.0,0.33,866.1,-0.55,20,30.28,356,62.81,6.55,40.76
Djibouti,1997,0.0,65.1777394305435,30.0683347713546,750.477844359054,25.3285758956597,21.1,2.12498988100057,Other/Global,0.241587575496117,0.0,0.0,0.0,19.55,0.0,0.0,15.0,0.37,875.6,-0.17,18,30.91,339,61.74,8.46,41.03
Djibouti,1998,0.0,66.4831751509922,30.7921484037963,746.189290787386,25.7510220203188,21.1,2.13513539530809,Other/Global,0.241587575496117,0.0,0.0,0.0,19.94,0.0,0.0,15.0,0.24,983.8,-0.02,21,29.55,351,59.87,7.25,38.72
Djibouti,1999,0.0,67.7886108714409,31.5159620362381,741.900737215719,26.1957500418303,21.1,2.1058737949006,Other/Global,0.241587575496117,0.0,0.0,0.0,20.34,0.0,0.0,15.0,0.4,873.2,-0.76,20,32.65,336,60.16,8.87,43.52
Djibouti,2000,0.0,69.0940465918896,32.2397756686799,737.612183644052,26.6513638350292,21.1,2.10114244627307,Other/Global,0.241587575496117,0.0,0.0,0.0,20.73,0.0,0.0,15.0,0.45,792.7,-0.33,21,28.91,346,61.54,7.65,43.3
Djibouti,2001,0.0,69.5284728213977,33.0289603106126,785.174317833075,27.1064672747505,21.1,2.09028812079503,Other/Global,0.241587575496117,0.0,0.0,0.0,20.86,0.0,0.0,15.0,0.4,959.5,0.24,22,28.64,356,63.8,10.7,39.59
Djibouti,2002,0.0,69.9628990509059,33.8181449525452,832.736452022099,27.5496642358293,21.1,2.05902539464653,Other/Global,0.241587575496117,0.0,0.0,0.0,20.99,0.0,0.0,15.0,0.63,883.6,-0.51,23,33.42,390,59.38,7.78,43.07
Djibouti,2003,0.0,70.3973252804141,34.6073295944779,880.298586211123,27.9695585931003,21.1,2.02409560827702,Other/Global,0.241587575496117,0.0,0.0,0.0,21.12,0.0,0.0,15.0,0.48,902.5,-0.75,23,30.69,355,61.46,8.69,44.22
Djibouti,2004,0.0,70.8317515099223,35.3965142364106,927.860720400147,28.3547542213988,21.1,1.99325530648681,Other/Global,0.241587575496117,0.0,0.0,0.0,21.25,0.0,0.0,15.0,0.53,1028.6,-0.36,21,28.14,353,63.5,11.72,42.83
Djibouti,2005,0.0,71.2661777394305,36.1856988783434,975.422854589171,28.6938549955596,21.1,1.96591068724929,Other/Global,0.241587575496117,0.0,0.0,0.0,21.38,0.0,0.0,15.0,0.71,898.4,-0.54,24,32.06,413,61.16,8.98,45.19
Djibouti,2006,0.0,71.7006039689387,36.974883520276,1022.98498877819,28.9754647904177,21.1,1.91795865140434,Other/Global,0.241587575496117,0.0,0.0,0.0,21.51,0.0,0.0,15.0,0.8,923.1,-0.71,29,34.79,431,57.84,10.54,44.29
Djibouti,2007,0.0,72.1350301984469,37.7640681622088,1070.54712296721,29.1881874808082,21.1,1.88488674340884,Other/Global,0.241587575496117,0.0,0.0,0.0,21.64,0.0,0.0,15.0,0.86,805.7,-1.1,30,32.88,405,61.44,10.7,47.22
Djibouti,2008,0.0,72.5694564279551,38.5532528041415,1118.10925715624,29.3206269415659,21.1,1.82316923121463,Other/Global,0.241587575496117,0.0,0.0,0.0,21.77,0.0,0.0,15.0,0.67,882.4,-0.29,24,31.08,412,59.16,11.53,46.01
Djibouti,2009,0.0,73.0038826574633,39.3424374460742,1165.67139134526,29.3616748445516,21.1,1.79028856904287,Other/Global,0.241587575496117,0.0,0.0,0.0,21.9,0.0,0.0,15.0,0.77,948.8,-0.23,25,33.71,402,59.81,12.1,49.58
Djibouti,2010,0.0,73.4383088869715,40.1316220880069,1213.23352553429,29.3513445217097,21.1,1.72996743346678,Other/Global,0.241587575496117,0.0,0.0,0.0,22.03,0.0,0.0,15.0,0.65,775.6,-0.52,24,34.27,423,56.9,12.09,43.19
Djibouti,2011,0.0,73.4426229508196,40.9086885245901,1445.81192986717,29.3223467541324,21.1,1.64504561692587,Other/Global,0.241587575496117,0.0,0.0,0.0,22.03,0.0,0.0,15.0,0.63,916.1,-0.75,21,34.44,427,58.73,13.29,46.75
Djibouti,2012,0.0,73.4469370146677,41.6857549611734,1678.39033420006,29.2733688664623,21.1,1.58286471484043,Other/Global,0.241587575496117,0.0,0.0,0.0,22.03,0.0,0.0,15.0,0.72,908.1,-0.65,27,34.27,406,56.63,14.24,46.19
Djibouti,2013,0.0,73.4512510785159,42.4628213977566,1910.96873853295,29.2030668712516,21.1,1.52661913173537,Other/Global,0.241587575496117,0.0,0.0,0.0,22.04,0.0,0.0,15.0,0.74,903.3,-0.35,25,34.74,429,58.27,13.06,47.04
Djibouti,2014,0.0,73.455565142364,43.2398878343399,2143.54714286584,29.1100967810522,21.1,1.47197072462854,Other/Global,0.241587575496117,0.0,0.0,0.0,22.04,0.0,0.0,15.0,0.62,983.0,-0.08,24,37.24,435,55.13,12.51,48.85
Djibouti,2015,0.0,73.4598792062122,44.0169542709232,2376.12554719873,28.9931146084163,21.1,1.41053553476381,Other/Global,0.241587575496117,0.0,0.0,0.0,22.04,0.0,0.0,15.0,0.93,926.8,-0.19,26,35.67,442,55.77,13.82,43.41
Djibouti,2016,0.0,73.4685073339084,44.7492666091458,2469.87805905469,28.8507763658959,21.1,1.35362565373966,Other/Global,0.241587575496117,0.0,0.0,0.0,22.04,0.0,0.0,15.0,0.99,1018.2,-0.27,28,37.19,439,55.02,14.99,47.53
Djibouti,2017,0.0,73.4771354616047,45.4815789473684,2563.63057091065,28.681738066043,21.1,1.32424871508248,Other/Global,0.242018981880932,0.0,0.0,0.0,22.04,0.0,0.0,15.0,0.89,820.5,-0.42,29,37.57,430,56.56,15.27,47.03
Djibouti,2018,0.0,73.4857635893011,46.213891285591,2657.38308276661,28.4846557214098,21.1,1.29199266361758,Other/Global,0.243313201035375,0.0,0.0,0.0,22.05,0.0,0.0,15.0,1.02,910.9,-0.62,29,36.76,452,57.0,16.24,44.58
Djibouti,2019,0.0,73.4943917169974,46.9462036238136,2751.13559462257,28.2581853445482,21.1,1.25780431116985,Other/Global,0.245901639344262,0.0,0.0,0.0,22.05,0.0,0.0,15.0,1.04,906.8,-0.49,27,36.86,468,56.94,17.42,48.82
Djibouti,2020,0.0,73.5030198446937,47.6785159620362,2844.88810647853,28.0009829480105,21.1,1.31032223582352,Other/Global,0.250215703192407,0.0,0.0,0.0,22.05,0.0,0.0,15.0,1.02,814.5,-1.2,29,38.35,478,55.8,16.5,46.61
Dominica,1990,40.0,28.0,91.348,4867.39896323759,35.9309371567744,23.1,18.5778506151342,Other/Global,67.08,0.01,0.19,9.83,18.05,48.0,72.0,24.18,0.23,976.5,0.08,18,1.0,177,86.87,4.9,19.88
Dominica,1991,40.0,28.0,91.348,4867.39896323759,35.5022005791217,23.1,18.5778506151342,Other/Global,66.7546666666667,0.01,0.19,9.91,18.09,48.0,72.0,24.18,0.29,1086.0,0.66,20,1.0,210,86.58,5.03,22.22
Dominica,1992,40.0,28.0,91.348,4867.39896323759,35.3671615628526,23.1,18.5778506151342,Other/Global,66.4293333333333,0.01,0.19,10.07,18.17,48.0,72.0,24.18,0.4,898.6,0.16,19,1.0,221,86.21,5.84,23.28
Dominica,1993,40.0,28.0,91.348,4867.39896323759,35.2582824932661,23.1,18.5778506151342,Other/Global,66.104,0.01,0.19,10.15,18.21,48.0,72.0,24.18,0.53,940.4,-0.07,25,1.0,216,86.14,7.05,22.0
Dominica,1994,40.0,28.0,91.348,4867.39896323759,35.1741412381647,23.1,18.5778506151342,Other/Global,65.7786666666667,0.01,0.19,10.23,18.25,48.0,72.0,24.18,0.49,906.8,-0.39,20,1.0,231,88.91,6.27,20.51
Dominica,1995,40.0,28.0,91.348,4867.39896323759,35.1071652574876,23.1,18.5778506151342,Other/Global,65.4533333333333,0.01,0.19,10.31,18.29,48.0,72.0,24.18,0.41,842.9,-0.11,21,1.0,200,86.18,7.61,19.78
Dominica,1996,40.0,28.0,91.348,4867.39896323759,35.0497820111738,23.1,18.5778506151342,Other/Global,65.128,0.01,0.19,10.39,18.33,48.0,72.0,24.18,0.48,754.3,-1.53,20,1.0,208,86.33,6.64,19.74
Dominica,1997,40.0,28.0,91.348,4867.39896323759,34.9944189591626,23.1,18.5778506151342,Other/Global,64.8026666666667,0.01,0.19,10.56,18.42,48.0,72.0,24.18,0.16,843.5,-0.74,21,1.0,237,86.25,7.88,22.96
Dominica,1998,40.0,28.0,91.348,4867.39896323759,34.9335035613931,23.1,18.5778506151342,Other/Global,64.4773333333333,0.01,0.19,10.64,18.46,48.0,72.0,24.18,0.46,788.6,-0.53,25,1.0,226,85.86,7.03,23.25
Dominica,1999,40.0,28.0,91.348,4867.39896323759,34.8594632778045,23.1,18.5778506151342,Other/Global,64.152,0.01,0.19,10.72,18.5,48.0,72.0,24.18,0.23,1036.3,0.27,17,1.0,253,87.82,8.2,20.86
Dominica,2000,40.0,28.0,91.348,4867.39896323759,34.7647255683359,23.1,18.5778506151342,Other/Global,63.8266666666667,0.01,0.19,10.8,18.54,48.0,72.0,24.18,0.37,890.8,-0.15,22,1.0,243,86.81,10.21,26.04
Dominica,2001,40.0,28.5333333333333,91.3944,5135.6210315942,34.6413932054772,23.1,18.5778506151342,Other/Global,63.8266666666667,0.01,0.19,10.8,18.7,48.0,72.0,24.19,0.35,872.3,-0.35,19,1.0,229,87.12,9.66,21.21
Dominica,2002,40.0,29.0666666666666,91.4408,5403.84309995082,34.4790749604208,23.1,18.5778506151342,Other/Global,63.8266666666667,0.01,0.19,10.8,18.86,48.0,72.0,24.19,0.4,971.1,0.09,20,1.0,232,87.04,9.76,21.86
Dominica,2003,40.0,29.5999999999999,91.4872,5672.06516830743,34.2755836855941,23.1,18.5778506151342,Other/Global,63.8266666666667,0.01,0.19,10.8,19.02,48.0,72.0,24.19,0.67,810.3,-1.08,22,1.0,221,87.4,10.51,21.54
Dominica,2004,40.0,30.1333333333333,91.5335999999999,5940.28723666405,34.0346906150568,23.1,18.5778506151342,Other/Global,63.8266666666667,0.01,0.19,10.8,19.18,48.0,72.0,24.19,0.61,838.6,-0.52,22,1.0,263,87.04,11.12,22.42
Dominica,2005,40.0,30.6666666666666,91.58,6208.50930502067,33.7599275082177,23.1,18.5778506151342,Other/Global,63.8266666666667,0.01,0.19,10.8,19.34,48.0,72.0,24.19,0.72,905.4,-0.26,26,1.0,254,88.2,11.39,22.9
Dominica,2006,40.0,31.1999999999999,91.6264,6476.73137337728,33.4548261244855,23.1,18.5778506151342,Other/Global,63.8266666666667,0.01,0.19,10.8,19.5,48.0,72.0,24.19,0.72,982.3,0.06,27,1.0,273,85.85,11.73,24.46
Dominica,2007,40.0,31.7333333333333,91.6728,6744.9534417339,33.122918223269,23.1,18.5778506151342,Other/Global,63.8266666666667,0.01,0.19,10.8,19.66,48.0,72.0,24.19,0.76,940.1,0.13,24,1.0,267,85.81,11.17,23.23
Dominica,2008,40.0,32.2666666666666,91.7192,7013.17551009051,32.767735563977,23.1,18.5778506151342,Other/Global,63.8266666666667,0.01,0.19,10.8,19.82,48.0,72.0,24.19,0.71,919.9,-0.43,23,1.0,268,86.28,11.21,25.16
Dominica,2009,40.0,32.7999999999999,91.7655999999999,7281.39757844713,32.3928099060183,23.1,18.5778506151342,Other/Global,63.8266666666667,0.01,0.19,10.8,19.98,48.0,72.0,24.2,0.58,906.2,-0.36,20,1.0,282,86.16,13.39,21.07
Dominica,2010,40.0,33.3333333333333,91.812,7549.61964680375,32.0016730088016,23.1,18.5778506151342,Other/Global,63.8266666666667,0.01,0.19,10.8,20.14,48.0,72.0,24.2,0.74,932.0,-0.94,27,1.0,272,84.34,12.19,23.34
Dominica,2011,40.0,33.3333333333333,92.2256,7696.21546684728,31.6021834397273,23.1,18.5778506151342,Other/Global,63.8266666666667,0.01,0.19,10.8,20.14,48.0,72.0,24.21,0.6,916.1,-0.59,22,1.0,272,84.22,13.93,23.97
Dominica,2012,40.0,33.3333333333333,92.6392,7842.81128689081,31.245390662906,23.1,18.5778506151342,Other/Global,63.8266666666667,0.01,0.19,10.8,20.14,48.0,72.0,24.22,0.53,817.6,-0.76,21,1.0,281,85.95,14.84,24.12
Dominica,2013,40.0,33.3333333333333,93.0527999999999,7989.40710693434,30.880295802278,23.1,18.5778506151342,Other/Global,63.8266666666667,0.01,0.19,10.8,20.14,48.0,72.0,24.23,0.65,903.7,-0.19,25,1.0,297,87.78,13.61,20.99
Dominica,2014,40.0,33.3333333333333,93.4664,8136.00292697787,30.5092152889748,23.1,18.5778506151342,Other/Global,63.8266666666667,0.01,0.19,10.8,20.14,48.0,72.0,24.24,0.86,814.1,-1.16,30,1.0,274,87.9,14.32,26.46
Dominica,2015,40.0,33.3333333333333,93.88,8282.59874702141,30.1320846536472,23.1,18.5778506151342,Other/Global,63.8266666666667,0.01,0.19,10.8,20.14,48.0,72.0,24.25,0.88,906.5,-0.44,25,1.0,305,84.78,15.12,21.76
Dominica,2016,40.0,33.3333333333333,93.1234666666666,8191.62868297797,29.7488394269459,23.1,18.5778506151342,Other/Global,63.8266666666667,0.01,0.19,10.8,20.14,48.0,72.0,24.23,0.86,861.5,-0.82,26,1.0,296,85.6,14.9,23.39
Dominica,2017,40.0,33.3333333333333,92.3669333333333,8100.65861893455,29.3594151395213,23.1,18.5778506151342,Other/Global,63.8266666666667,0.01,0.19,10.8,20.14,48.0,72.0,24.21,0.92,1103.1,-0.11,25,1.0,292,86.31,15.25,24.56
Dominica,2018,40.0,33.3333333333333,91.6103999999999,8009.68855489112,28.9637473220238,23.1,18.5778506151342,Other/Global,63.8266666666667,0.01,0.19,10.8,20.14,48.0,72.0,24.19,0.96,896.8,-0.7,27,1.0,304,86.48,15.91,28.66
Dominica,2019,40.0,33.3333333333333,90.8538666666666,7918.71849084769,28.5617715051036,23.1,18.5778506151342,Other/Global,63.8266666666667,0.01,0.19,10.8,20.14,48.0,72.0,24.17,1.17,787.7,-1.43,30,1.0,323,84.95,16.09,24.44
Dominica,2020,40.0,33.3333333333333,90.0973333333333,7827.74842680426,28.153423219411,23.1,18.5778506151342,Other/Global,63.8266666666667,0.01,0.19,10.8,20.14,48.0,72.0,24.15,1.03,889.3,-0.99,27,1.0,326,88.16,17.46,25.4
Dominican Republic,1990,18430.0,54.1744297246947,148.026619747464,989.163941207659,45.0381229298092,34.8,18.2030421984403,Other/Global,33.0136617677499,3.32,88.46,53.02,55.29,22116.0,33174.0,42.41,0.3,939.3,-0.62,20,1.0,210,80.22,4.71,37.08
Dominican Republic,1991,17264.0,53.9629482508797,150.992929000206,1173.39343072492,44.7358682508181,34.8,18.2030421984403,Other/Global,33.7952390809356,3.11,82.87,52.05,54.66,20716.8,31075.2,42.36,0.42,1031.8,0.03,20,1.0,217,81.4,3.9,38.39
Dominican Republic,1992,16098.0,53.7514667770648,153.959238252949,1357.62292024219,44.3846802117722,34.8,17.8257977856314,Other/Global,34.5768163941213,2.9,77.27,51.09,54.03,19317.6,28976.4,42.3,0.42,850.9,-0.64,20,1.0,211,80.62,6.85,38.68
Dominican Republic,1993,14932.0,53.5399853032498,156.925547505692,1541.85240975946,43.9702760878612,34.8,17.4720095214192,Other/Global,35.358393707307,2.69,71.67,50.04,53.34,17918.4,26877.6,42.21,0.42,771.6,-0.92,18,1.0,205,80.68,5.63,39.01
Dominican Republic,1994,13766.0,53.3285038294349,159.891856758434,1726.08189927672,43.4717642422916,34.8,17.1745243990582,Other/Global,36.1399710204927,2.48,66.08,49.07,52.69,16519.2,24778.8,42.11,0.43,963.7,-0.01,20,1.0,224,82.03,6.22,42.13
Dominican Republic,1995,12600.0,53.1170223556199,162.858166011177,1910.31138879399,42.8682900545607,34.8,16.8538289188745,Other/Global,36.9215483336783,2.27,60.48,48.03,52.0,15120.0,22680.0,41.98,0.43,788.0,-0.52,22,1.0,214,82.35,6.27,39.01
Dominican Republic,1996,11434.0,52.9055408818049,165.82447526392,2094.54087831126,42.1712511795727,34.8,16.5094880771527,Other/Global,37.703125646864,2.06,54.88,46.9,51.24,13720.8,20581.2,41.83,0.41,863.7,-0.38,21,1.0,209,82.04,7.09,41.34
Dominican Republic,1997,10268.0,52.69405940799,168.790784516662,2278.77036782852,41.3926324308956,34.8,16.6108188281459,Other/Global,38.4847029600497,1.85,49.29,45.77,50.48,12321.6,18482.4,41.64,0.45,878.2,-0.13,19,1.0,222,80.22,6.78,38.59
Dominican Republic,1998,9102.0,52.4825779341751,171.757093769405,2462.99985734579,40.5444186220972,34.8,14.0378951963135,Other/Global,39.2662802732354,1.64,43.69,44.64,49.69,10922.4,16383.6,41.4,0.37,893.3,-0.15,24,1.0,207,79.71,6.83,39.59
Dominican Republic,1999,7936.0,52.2710964603601,174.723403022148,2647.22934686306,39.6385945667454,34.8,14.4599582245361,Other/Global,40.047857586421,1.43,38.09,43.35,48.81,9523.2,14284.8,41.12,0.43,954.2,-0.25,20,1.0,217,84.57,8.05,35.36
Dominican Republic,2000,6770.0,52.0596149865452,177.689712274891,2831.45883638033,38.6871450784081,34.8,14.0955835283483,Other/Global,40.8294348996067,1.22,32.5,42.06,47.9,8124.0,12186.0,40.76,0.39,844.5,-0.64,20,1.0,269,81.8,9.87,40.03
Dominican Republic,2001,7434.0,51.6099468019043,180.248157731318,3096.17542314125,37.7020549706531,34.8,12.9623654843228,Other/Global,41.0377768577934,1.34,35.68,42.39,48.05,8920.8,13381.2,41.13,0.45,877.2,-0.34,21,1.0,259,80.47,9.59,40.01
Dominican Republic,2002,8098.0,51.1602786172634,182.806603187745,3360.89200990217,36.7085977475123,34.8,13.7437392503351,Other/Global,41.2461188159801,1.46,38.87,42.63,48.14,9717.6,14576.4,41.47,0.35,897.9,-0.11,22,1.0,242,82.79,10.54,39.51
Dominican Republic,2003,8762.0,50.7106104326226,185.365048644172,3625.60859666309,35.573802865234,34.8,12.8496421855487,Other/Global,41.4544607741668,1.58,42.06,42.79,48.19,10514.4,15771.6,41.8,0.65,910.9,-0.06,22,1.0,257,80.69,9.52,43.69
Dominican Republic,2004,9426.0,50.2609422479817,187.9234941006,3890.32518342401,34.1085914770709,34.8,12.8254190613101,Other/Global,41.6628027323535,1.7,45.24,43.03,48.27,11311.2,16966.8,42.11,0.67,906.7,-0.16,24,1.0,238,84.25,9.75,39.49
Dominican Republic,2005,10090.0,49.8112740633409,190.481939557027,4155.04177018493,32.4240819530679,34.8,12.318519495902,Other/Global,41.8711446905403,1.82,48.43,43.19,48.3,12108.0,18162.0,42.4,0.77,933.7,-0.67,24,1.0,266,81.51,10.41,34.04
Dominican Republic,2006,10754.0,49.3616058787,193.040385013454,4419.75835694585,30.666146293965,34.8,12.3306817857539,Other/Global,42.079486648727,1.94,51.62,43.35,48.33,12904.8,19357.2,42.68,0.49,966.2,-0.2,22,1.0,264,83.14,11.65,36.91
Dominican Republic,2007,11418.0,48.9119376940591,195.598830469882,4684.47494370677,28.9806565005023,34.8,11.5439154546165,Other/Global,42.2878286069137,2.06,54.81,43.43,48.31,13701.6,20552.4,42.95,0.89,930.0,-0.41,27,1.0,253,82.17,12.48,39.13
Dominican Republic,2008,12082.0,48.4622695094183,198.157275926309,4949.19153046769,27.5134845734198,34.8,11.3837080138562,Other/Global,42.4961705651004,2.17,57.99,43.59,48.33,14498.4,21747.6,43.21,0.7,934.8,-0.12,27,1.0,262,80.51,11.86,38.92
Dominican Republic,2009,12746.0,48.0126013247774,200.715721382736,5213.90811722861,26.4105025134574,34.8,11.8097811000232,Other/Global,42.7045125232871,2.29,61.18,43.67,48.3,15295.2,22942.8,43.46,0.77,771.9,-0.76,28,1.0,264,81.27,11.38,37.31
Dominican Republic,2010,13410.0,47.5629331401366,203.274166839164,5478.62470398954,25.8357226825823,34.8,11.1336777988554,Other/Global,42.9128544814738,2.41,64.37,43.76,48.27,16092.0,24138.0,43.71,0.57,902.4,-0.47,22,1.0,286,81.64,13.7,36.76
Dominican Republic,2011,15290.0,48.0696435520596,205.81879114055,5743.09038198258,25.7559610498699,34.8,10.7872558670954,Other/Global,43.0392465328089,2.75,73.39,44.24,48.83,18348.0,27522.0,44.2,0.69,936.5,-0.81,23,1.0,276,81.61,14.23,42.02
Dominican Republic,2012,17170.0,48.5763539639826,208.363415441937,6007.55605997562,25.7601320030432,34.8,10.1481568852694,Other/Global,43.1656385841441,3.09,82.42,44.64,49.33,20604.0,30906.0,44.64,0.57,956.3,-0.57,22,1.0,257,82.53,14.17,41.67
Dominican Republic,2013,19050.0,49.0830643759056,210.908039743324,6272.02173796866,25.7748640048784,34.8,9.91814573664254,Other/Global,43.2920306354792,3.43,91.44,45.04,49.82,22860.0,34290.0,45.04,0.64,842.3,-0.62,22,1.0,277,79.26,15.32,42.39
Dominican Republic,2014,20930.0,49.5897747878285,213.452664044711,6536.4874159617,25.8068466177847,34.8,10.0882425803894,Other/Global,43.4184226868143,3.77,100.46,45.37,50.25,25116.0,37674.0,45.42,0.9,844.8,-0.8,29,1.0,276,82.29,13.07,39.33
Dominican Republic,2015,22810.0,50.0964851997516,215.997288346098,6800.95309395474,25.8627694041715,34.8,9.82435526376711,Other/Global,43.5448147381494,4.11,109.49,45.69,50.68,27372.0,41058.0,45.78,0.8,851.3,-1.13,28,1.0,269,79.55,14.28,42.43
Dominican Republic,2016,23172.0,50.5420665925667,218.477300497423,6867.80702167559,25.9493219264478,34.8,9.02419759583515,Other/Global,43.7122748913268,4.17,111.23,45.61,50.79,27806.4,41709.6,45.91,0.9,940.1,-0.57,30,1.0,283,82.24,15.43,36.29
Dominican Republic,2017,23534.0,50.9876479853819,220.957312648748,6934.66094939644,26.073193747023,31.2,9.68324486511844,Other/Global,43.8797350445042,4.24,112.96,45.53,50.9,28240.8,42361.2,46.05,1.01,979.9,-0.35,26,1.0,266,80.74,14.95,40.99
Dominican Republic,2018,23896.0,51.4332293781971,223.437324800073,7001.51487711729,26.2410744283062,28.3,9.43535056308272,Other/Global,44.0471951976816,4.3,114.7,45.45,51.02,28675.2,43012.8,46.18,1.02,864.5,-1.28,31,1.0,288,81.75,16.92,41.11
Dominican Republic,2019,24258.0,51.8788107710123,225.917336951398,7068.36880483814,26.4596535327067,25.8,8.88331377266102,Other/Global,44.3173806724841,4.37,116.44,45.29,51.09,29109.6,43664.4,46.31,1.01,969.7,-0.24,27,1.0,308,79.88,15.64,42.1
Dominican Republic,2020,24620.0,52.3243921638275,228.397349102723,7135.22273255899,26.7356206226337,30.4,8.95287648239809,Other/Global,44.4852298911864,4.43,118.18,45.21,51.2,29544.0,44316.0,46.45,1.02,906.9,-0.91,28,1.0,316,80.61,18.05,43.23
East Timor,1990,710.0,22.9051782111634,81.0444519166106,1319.59295003154,39.0452192448637,23.1,18.5778506151342,Other/Global,28.6435234422283,0.13,3.41,37.79,34.14,852.0,1278.0,30.76,0.46,890.0,-0.02,20,1.0,211,86.27,4.02,17.46
East Timor,1991,710.0,22.9051782111634,81.0444519166106,1319.59295003154,39.0452192448637,23.1,18.5778506151342,Other/Global,28.6435234422283,0.13,3.41,37.79,34.14,852.0,1278.0,30.76,0.34,883.0,-0.49,16,1.0,222,87.23,6.2,15.55
East Timor,1992,710.0,22.9051782111634,81.0444519166106,1319.59295003154,39.0452192448637,23.1,18.5778506151342,Other/Global,28.6435234422283,0.13,3.41,37.79,34.14,852.0,1278.0,30.76,0.41,959.6,-0.44,20,1.0,229,90.41,4.8,16.31
East Timor,1993,710.0,22.9051782111634,81.0444519166106,1319.59295003154,39.0452192448637,23.1,18.5778506151342,Other/Global,28.6435234422283,0.13,3.41,37.79,34.14,852.0,1278.0,30.76,0.52,926.0,-0.47,20,1.0,199,90.44,3.95,18.84
East Timor,1994,710.0,22.9051782111634,81.0444519166106,1319.59295003154,39.0452192448637,23.1,18.5778506151342,Other/Global,28.6435234422283,0.13,3.41,37.79,34.14,852.0,1278.0,30.76,0.54,1082.0,0.15,23,1.0,197,87.23,6.33,18.51
East Timor,1995,710.0,22.9051782111634,81.0444519166106,1319.59295003154,39.0452192448637,23.1,18.5778506151342,Other/Global,28.6435234422283,0.13,3.41,37.79,34.14,852.0,1278.0,30.76,0.53,831.7,-0.77,22,1.0,222,88.32,7.14,20.99
East Timor,1996,710.0,22.9051782111634,81.0444519166106,1319.59295003154,39.0452192448637,23.1,18.5778506151342,Other/Global,28.6435234422283,0.13,3.41,37.79,34.14,852.0,1278.0,30.76,0.47,941.4,-0.3,21,1.0,233,89.27,6.15,18.43
East Timor,1997,710.0,22.9051782111634,81.0444519166106,1319.59295003154,39.0452192448637,23.1,18.5778506151342,Other/Global,28.6435234422283,0.13,3.41,37.79,34.14,852.0,1278.0,30.76,0.3,857.6,-0.28,21,1.0,216,88.82,8.63,20.78
East Timor,1998,710.0,22.9051782111634,81.0444519166106,1319.59295003154,39.0452192448637,23.1,18.5778506151342,Other/Global,28.6435234422283,0.13,3.41,37.79,34.14,852.0,1278.0,30.76,0.5,830.4,-0.68,22,1.0,236,88.03,8.83,14.91
East Timor,1999,710.0,22.9051782111634,81.0444519166106,1319.59295003154,39.0452192448637,23.1,18.5778506151342,Other/Global,28.6435234422283,0.13,3.41,37.79,34.14,852.0,1278.0,30.76,0.28,899.0,-0.25,19,1.0,263,86.86,7.98,18.98
East Timor,2000,710.0,22.9051782111634,81.0444519166106,1319.59295003154,39.0452192448637,23.1,18.5778506151342,Other/Global,28.6435234422283,0.13,3.41,37.79,34.14,852.0,1278.0,30.76,0.42,910.9,-0.81,18,1.0,219,89.78,8.75,19.32
East Timor,2001,710.0,22.9051782111634,81.0444519166106,1319.59295003154,39.0452192448637,23.1,18.5778506151342,Other/Global,28.6435234422283,0.13,3.41,37.79,34.14,852.0,1278.0,30.76,0.38,1133.4,0.59,18,1.0,242,88.11,8.89,18.77
East Timor,2002,710.0,22.9051782111634,81.0444519166106,1319.59295003154,39.0452192448637,23.1,18.5778506151342,Other/Global,28.6435234422283,0.13,3.41,37.79,34.14,852.0,1278.0,30.76,0.5,885.2,-0.48,23,1.0,261,86.75,9.78,15.4
East Timor,2003,710.0,22.9051782111634,81.0444519166106,1319.59295003154,39.0452192448637,23.1,18.5778506151342,Other/Global,28.6435234422283,0.13,3.41,37.79,34.14,852.0,1278.0,30.76,0.6,809.5,-0.3,22,1.0,246,88.67,10.32,18.44
East Timor,2004,710.0,22.9051782111634,81.0444519166106,1319.59295003154,39.0452192448637,23.1,18.5778506151342,Other/Global,28.6435234422283,0.13,3.41,37.79,34.14,852.0,1278.0,30.76,0.67,921.8,-0.75,24,1.0,259,88.31,8.69,17.08
East Timor,2005,710.0,22.9051782111634,81.0444519166106,1319.59295003154,39.0452192448637,23.1,18.5778506151342,Other/Global,28.6435234422283,0.13,3.41,37.79,34.14,852.0,1278.0,30.76,0.73,733.9,-1.68,23,1.0,270,88.11,11.74,18.96
East Timor,2006,710.0,22.9051782111634,81.0444519166106,1319.59295003154,39.0452192448637,23.1,18.5778506151342,Other/Global,28.6435234422283,0.13,3.41,37.79,34.14,852.0,1278.0,30.76,0.85,892.6,-0.52,26,1.0,255,88.88,11.73,17.63
East Timor,2007,710.0,22.9051782111634,81.0444519166106,1319.59295003154,39.0452192448637,23.1,18.5778506151342,Other/Global,28.6435234422283,0.13,3.41,37.79,34.14,852.0,1278.0,30.76,0.76,901.2,-0.5,26,1.0,247,88.47,10.32,16.66
East Timor,2008,710.0,22.9051782111634,81.0444519166106,1319.59295003154,39.0452192448637,23.1,18.5778506151342,Other/Global,28.6435234422283,0.13,3.41,37.79,34.14,852.0,1278.0,30.76,0.69,963.5,-0.64,23,1.0,265,90.07,12.7,22.36
East Timor,2009,710.0,22.9051782111634,81.0444519166106,1319.59295003154,39.0452192448637,23.1,18.5778506151342,Other/Global,28.6435234422283,0.13,3.41,37.79,34.14,852.0,1278.0,30.76,0.76,977.8,-0.81,26,1.0,254,87.63,13.45,16.31
East Timor,2010,710.0,22.9051782111634,81.0444519166106,1319.59295003154,39.0452192448637,23.1,18.5778506151342,Other/Global,28.6435234422283,0.13,3.41,37.79,34.14,852.0,1278.0,30.76,0.75,859.6,-0.27,31,1.0,265,87.8,10.93,18.36
East Timor,2011,710.0,22.9051782111634,81.0444519166106,1319.59295003154,39.0452192448637,23.1,18.5778506151342,Other/Global,28.6435234422283,0.13,3.41,37.79,34.14,852.0,1278.0,30.76,0.55,887.9,-0.06,23,1.0,284,89.65,13.23,18.9
East Timor,2012,710.0,22.9051782111634,81.0444519166106,1319.59295003154,39.0452192448637,23.1,18.5778506151342,Other/Global,28.6435234422283,0.13,3.41,37.79,34.14,852.0,1278.0,30.76,0.7,838.6,-1.51,23,1.0,283,91.72,13.79,17.21
East Timor,2013,710.0,22.9051782111634,81.0444519166106,1319.59295003154,39.0452192448637,23.1,18.5778506151342,Other/Global,28.6435234422283,0.13,3.41,37.79,34.14,852.0,1278.0,30.76,0.74,809.7,-1.03,27,1.0,299,91.53,13.73,20.08
East Timor,2014,710.0,22.9051782111634,81.0444519166106,1319.59295003154,39.0452192448637,23.1,18.5778506151342,Other/Global,28.6435234422283,0.13,3.41,37.79,34.14,852.0,1278.0,30.76,0.72,924.7,0.01,22,1.0,291,89.6,14.75,19.53
East Timor,2015,710.0,22.9051782111634,81.0444519166106,1319.59295003154,39.0452192448637,23.1,18.5778506151342,Other/Global,28.6435234422283,0.13,3.41,37.79,34.14,852.0,1278.0,30.76,0.92,798.0,-1.22,26,1.0,280,88.3,14.36,14.43
East Timor,2016,710.0,22.9051782111634,81.0444519166106,1319.59295003154,39.0452192448637,23.1,18.5778506151342,Other/Global,28.6435234422283,0.13,3.41,37.79,34.14,852.0,1278.0,30.76,0.87,866.7,-0.95,26,1.0,280,88.08,14.97,19.04
East Timor,2017,710.0,22.9051782111634,81.0444519166106,1319.59295003154,39.0452192448637,23.1,18.5778506151342,Other/Global,28.6435234422283,0.13,3.41,37.79,34.14,852.0,1278.0,30.76,0.95,820.3,-1.11,29,1.0,308,88.26,13.44,21.35
East Timor,2018,710.0,22.9051782111634,81.0444519166106,1319.59295003154,39.0452192448637,23.1,18.5778506151342,Other/Global,28.6435234422283,0.13,3.41,37.79,34.14,852.0,1278.0,30.76,0.97,943.9,-0.97,26,1.0,305,86.63,14.81,16.28
East Timor,2019,710.0,22.9051782111634,81.0444519166106,1319.59295003154,39.0452192448637,23.1,18.5778506151342,Other/Global,28.6435234422283,0.13,3.41,37.79,34.14,852.0,1278.0,30.76,1.0,1044.0,-0.83,29,1.0,302,89.54,16.73,15.05
East Timor,2020,710.0,22.9051782111634,81.0444519166106,1319.59295003154,39.0452192448637,23.1,18.5778506151342,Other/Global,28.6435234422283,0.13,3.41,37.79,34.14,852.0,1278.0,30.76,0.91,795.8,-0.76,31,1.0,314,90.31,15.54,17.2
Ecuador,1990,129940.0,28.3412801618263,37.832946828493,1455.00748510871,44.9103266857881,64.4,29.1246153498905,Other/Global,52.8543924288398,23.39,623.71,44.72,45.88,155928.0,233892.0,38.36,0.15,736.2,-1.22,18,1.0,193,87.2,4.67,19.81
Ecuador,1991,127597.0,28.7548570900791,39.1588508894027,1447.73015835774,44.2719301028628,64.4,29.1246153498905,Other/Global,52.5286772142754,22.97,612.47,44.96,46.1,153116.4,229674.6,38.53,0.47,874.7,-0.39,24,1.0,171,89.77,4.19,20.23
Ecuador,1992,125254.0,29.168434018332,40.4847549503125,1440.45283160678,43.6372068768476,64.4,27.2017737059809,Other/Global,52.202961999711,22.55,601.22,45.21,46.33,150304.8,225457.2,38.69,0.33,886.2,-0.04,22,1.0,226,90.43,4.94,22.56
Ecuador,1993,122911.0,29.5820109465849,41.8106590112222,1433.17550485582,43.00542018814,64.4,28.884666788962,Other/Global,51.8772467851467,22.12,589.97,45.45,46.55,147493.2,221239.8,38.84,0.36,902.7,-0.71,23,1.0,224,88.12,6.13,19.37
Ecuador,1994,120568.0,29.9955878748377,43.136563072132,1425.89817810486,42.3842886448053,64.4,28.1860284129008,Other/Global,51.5515315705823,21.7,578.73,45.69,46.77,144681.6,217022.4,38.99,0.28,849.8,-0.67,19,1.0,216,86.15,6.12,22.12
Ecuador,1995,118225.0,30.4091648030906,44.4624671330418,1418.6208513539,41.781530854909,64.4,26.0211010297892,Other/Global,51.2258163560179,21.28,567.48,45.93,46.99,141870.0,212805.0,39.13,0.39,869.8,-0.05,21,1.0,208,85.82,5.16,22.9
Ecuador,1996,115882.0,30.8227417313435,45.7883711939515,1411.34352460293,41.2048654265166,64.4,27.2444848092926,Other/Global,50.9001011414535,20.86,556.23,46.17,47.21,139058.4,208587.6,39.27,0.31,915.5,-0.04,21,1.0,221,87.67,6.39,21.86
Ecuador,1997,113539.0,31.2363186595963,47.1142752548613,1404.06619785197,40.6620109676935,64.4,27.8955189263433,Other/Global,50.5743859268892,20.44,544.99,46.33,47.39,136246.8,204370.2,39.4,0.52,969.6,-0.37,29,1.0,202,87.9,8.49,20.7
Ecuador,1998,111196.0,31.6498955878492,48.440179315771,1396.78887110101,40.1606860865051,64.4,28.9641241794938,Other/Global,56.010798840393,20.02,533.74,41.18,44.91,133435.2,200152.8,39.52,0.45,730.3,-0.56,26,1.0,233,85.75,8.61,19.93
Ecuador,1999,108853.0,32.0634725161021,49.7660833766808,1389.51154435005,39.7086093910169,64.4,29.1637921753895,Other/Global,55.6477331293284,19.59,522.49,41.42,45.12,130623.6,195935.4,39.64,0.32,857.4,-0.04,24,1.0,206,85.04,8.15,19.47
Ecuador,2000,106510.0,32.477049444355,51.0919874375906,1382.23421759909,39.3134994892942,64.4,31.5869149469126,Other/Global,55.2846674182638,19.17,511.25,41.74,45.38,127812.0,191718.0,39.76,0.57,904.3,-0.36,24,1.0,240,84.28,8.78,19.9
Ecuador,2001,105580.0,32.2482283781607,52.0532891770011,1696.04175487894,38.9876455993341,54.9,31.1320622739561,Other/Global,55.0018883878241,19.0,506.78,41.98,45.42,126696.0,190044.0,39.86,0.52,813.9,-0.97,29,1.0,232,85.14,8.42,19.52
Ecuador,2002,104650.0,32.0194073119665,53.0145909164116,2009.84929215879,38.7128731949042,54.9,31.1967051211698,Other/Global,54.7191093573844,18.84,502.32,42.14,45.42,125580.0,188370.0,39.95,0.48,1025.9,-0.09,26,1.0,243,85.94,10.47,25.7
Ecuador,2003,103720.0,31.7905862457722,53.9758926558221,2323.65682943865,38.4581530113022,49.9,31.4087264291172,Other/Global,54.4363303269448,18.67,497.86,42.39,45.47,124464.0,186696.0,40.04,0.38,836.7,-0.43,23,1.0,232,87.81,9.58,22.19
Ecuador,2004,102790.0,31.561765179578,54.9371943952327,2637.4643667185,38.2170426725962,44.6,32.0375756602457,Other/Global,54.1535512965051,18.5,493.39,42.63,45.51,123348.0,185022.0,40.14,0.83,884.4,-0.77,29,1.0,275,85.87,9.23,26.54
Ecuador,2005,101860.0,31.3329441133838,55.8984961346432,2951.27190399836,37.9931295854284,42.2,31.9874394844677,Other/Global,53.8707722660654,18.33,488.93,42.87,45.55,122232.0,183348.0,40.22,0.58,932.3,-0.07,27,1.0,262,82.94,9.28,23.1
Ecuador,2006,100930.0,31.1041230471895,56.8597978740537,3265.07944127821,37.7900011564413,37.6,31.5755455065555,Other/Global,53.5879932356257,18.17,484.46,43.11,45.59,121116.0,181674.0,40.31,0.59,840.6,-1.13,24,1.0,249,85.89,9.68,19.19
Ecuador,2007,100000.0,30.8753019809953,57.8210996134643,3578.88697855806,37.6112447922773,36.7,30.4221323815062,Other/Global,53.305214205186,18.0,480.0,43.35,45.63,120000.0,180000.0,40.4,0.81,740.3,-1.63,29,1.0,261,86.33,10.86,21.77
Ecuador,2008,99070.0,30.646480914801,58.7824013528748,3892.69451583792,37.4604478995788,35.1,29.8897786306593,Other/Global,53.0224351747463,17.83,475.54,43.51,45.62,118884.0,178326.0,40.48,0.9,853.8,-0.82,27,1.0,291,86.36,13.24,23.32
Ecuador,2009,98140.0,30.4176598486068,59.7437030922853,4206.50205311777,37.3411978849882,36.0,30.4777210072297,Other/Global,52.7396561443067,17.67,471.07,43.76,45.67,117768.0,176652.0,40.56,0.79,970.6,-0.54,27,1.0,256,83.75,14.49,22.6
Ecuador,2010,97210.0,30.1888387824126,60.7050048316959,4520.30959039763,37.2594741388356,32.8,29.8008045322174,Other/Global,52.456877113867,17.5,466.61,44.0,45.71,116652.0,174978.0,40.65,0.7,861.4,-0.88,27,1.0,257,86.49,13.63,21.0
Ecuador,2011,95716.0,28.8128523111611,61.6629127073602,4811.47960843112,37.2050946452309,28.6,29.8023535500988,Other/Global,52.2885649863102,17.23,459.44,44.08,45.32,114859.2,172288.8,40.71,0.69,820.8,-1.35,31,1.0,260,88.83,11.81,22.87
Ecuador,2012,94222.0,27.4368658399098,62.6208205830246,5102.64962646461,37.1591267180865,27.3,29.0973423826153,Other/Global,52.1202528587534,16.96,452.27,44.16,44.92,113066.4,169599.6,40.78,0.72,962.7,-0.36,29,1.0,270,87.03,12.73,18.19
Ecuador,2013,92728.0,26.0608793686583,63.5787284586889,5393.81964449811,37.1162713375878,25.6,27.7670807043718,Other/Global,51.9519407311966,16.69,445.09,44.32,44.57,111273.6,166910.4,40.84,0.75,862.4,-0.74,29,1.0,307,87.13,13.16,19.85
Ecuador,2014,91234.0,24.6848928974069,64.5366363343533,5684.9896625316,37.0767567804201,22.5,26.3895550546575,Other/Global,51.7836286036399,16.42,437.92,44.4,44.18,109480.8,164221.2,40.9,0.77,848.2,-0.59,28,1.0,279,87.35,14.24,20.3
Ecuador,2015,89740.0,23.3089064261556,65.4945442100177,5976.1596805651,37.040811323269,23.3,27.3171938571813,Other/Global,51.6153164760831,16.15,430.75,44.48,43.78,107688.0,161532.0,40.96,0.82,901.2,-0.63,26,1.0,285,88.81,14.22,17.18
Ecuador,2016,89740.0,23.3089064261556,65.4945442100177,5976.1596805651,37.0086632428196,22.9,28.0593781990725,Other/Global,51.3565388951522,16.15,430.75,44.72,43.9,107688.0,161532.0,40.96,0.88,950.9,-0.57,28,1.0,298,86.79,15.77,18.92
Ecuador,2017,89740.0,23.3089064261556,65.4945442100177,5976.1596805651,36.9805408157575,21.5,28.8156213481919,Other/Global,51.0977613142213,16.15,430.75,44.96,44.02,107688.0,161532.0,40.96,0.88,1079.8,0.25,28,1.0,298,87.26,15.43,17.67
Ecuador,2018,89740.0,23.3089064261556,65.4945442100177,5976.1596805651,36.9566723187679,23.2,29.9612138057394,Other/Global,50.8389837332904,16.15,430.75,45.21,44.15,107688.0,161532.0,40.96,0.96,955.4,-0.98,32,1.0,316,89.97,16.74,18.32
Ecuador,2019,89740.0,23.3089064261556,65.4945442100177,5976.1596805651,36.9372860285362,25.0,30.8610652741592,Other/Global,50.5802061523595,16.15,430.75,45.45,44.27,107688.0,161532.0,40.96,0.87,982.0,-0.26,27,1.0,318,89.43,16.89,18.76
Ecuador,2020,89740.0,23.3089064261556,65.4945442100177,5976.1596805651,36.9226102217479,33.0,31.7946540279568,Other/Global,50.3214285714286,16.15,430.75,45.69,44.39,107688.0,161532.0,40.96,0.99,848.8,-1.46,31,1.0,314,87.97,17.85,17.34
El Salvador,1990,9900.0,61.3320463320463,260.604536679537,892.18271519703,51.0167443919873,26.2,35.6224480574428,Other/Global,34.6949806949807,1.78,47.52,48.43,54.35,11880.0,17820.0,44.57,0.19,816.7,-0.68,16,1.0,200,79.7,4.05,52.68
El Salvador,1991,9900.0,61.4087837837837,263.228281853282,1001.25153721994,50.3613283559405,26.2,35.6224480574428,Other/Global,34.4777992277992,1.78,47.52,48.59,54.46,11880.0,17820.0,44.65,0.25,903.8,-0.55,17,1.0,222,77.99,5.79,50.59
El Salvador,1992,9900.0,61.4855212355212,265.852027027027,1110.32035924285,49.7127164465195,26.2,34.7704458993998,Other/Global,34.2606177606178,1.78,47.52,48.75,54.56,11880.0,17820.0,44.72,0.41,907.4,-0.07,20,1.0,199,77.96,4.82,51.36
El Salvador,1993,9900.0,61.5622586872586,268.475772200772,1219.38918126576,49.0516069901797,26.2,31.0313914244075,Other/Global,34.0434362934363,1.78,47.52,48.91,54.66,11880.0,17820.0,44.79,0.55,812.5,-0.75,24,1.0,201,77.92,5.78,52.7
El Salvador,1994,9900.0,61.6389961389961,271.099517374517,1328.45800328867,48.3482450471706,26.2,27.1922758609607,Other/Global,33.8262548262548,1.78,47.52,49.07,54.76,11880.0,17820.0,44.87,0.52,884.8,-0.47,22,1.0,212,77.16,5.55,51.79
El Salvador,1995,9900.0,61.7157335907336,273.723262548262,1437.52682531159,47.6038650493972,26.2,26.2334634243971,Other/Global,33.6090733590734,1.78,47.52,49.23,54.87,11880.0,17820.0,44.94,0.31,930.8,-0.48,17,1.0,239,78.91,6.9,48.88
El Salvador,1996,9900.0,61.792471042471,276.347007722007,1546.5956473345,46.8233083905706,26.2,27.4556342454382,Other/Global,33.3918918918919,1.78,47.52,49.4,54.98,11880.0,17820.0,45.01,0.34,927.6,-0.27,20,1.0,212,81.39,8.07,52.41
El Salvador,1997,9900.0,61.8692084942085,278.970752895752,1655.66446935741,46.0114164644019,26.2,25.7798873087953,Other/Global,33.1747104247104,1.78,47.52,49.56,55.08,11880.0,17820.0,45.08,0.46,939.2,-0.47,19,1.0,219,76.59,8.34,51.65
El Salvador,1998,9900.0,61.9459459459459,281.594498069497,1764.73329138032,45.1730306646022,26.2,25.1520719956652,Other/Global,32.957528957529,1.78,47.52,49.72,55.18,11880.0,17820.0,45.15,0.29,922.1,-0.04,19,1.0,234,80.99,8.09,49.92
El Salvador,1999,9900.0,62.0226833976834,284.218243243242,1873.80211340323,44.3129923848826,26.2,22.2129779394666,Other/Global,32.7403474903475,1.78,47.52,49.88,55.28,11880.0,17820.0,45.22,0.35,858.3,-0.72,19,1.0,234,75.69,8.09,53.78
El Salvador,2000,9900.0,62.0994208494209,286.841988416988,1982.87093542615,43.4361430189543,26.2,21.6989677391024,Other/Global,32.523166023166,1.78,47.52,50.04,55.39,11880.0,17820.0,45.29,0.44,857.7,-0.09,23,1.0,233,79.52,8.58,49.62
El Salvador,2001,9404.0,61.8252895752896,287.444705598455,2088.59114283641,42.5473239605284,26.2,21.8798657445514,Other/Global,32.3059845559846,1.69,45.14,49.88,55.16,11284.8,16927.2,45.14,0.36,803.0,-1.11,21,1.0,249,76.77,10.22,50.43
El Salvador,2002,8908.0,61.5511583011583,288.047422779922,2194.31135024667,41.6513766033159,26.2,19.8123146287293,Other/Global,32.0888030888031,1.6,42.76,49.8,54.97,10689.6,16034.4,44.97,0.51,1041.7,-0.18,24,1.0,239,79.68,8.72,50.56
El Salvador,2003,8412.0,61.277027027027,288.650139961389,2300.03155765693,40.7531423410282,26.2,18.3244747936197,Other/Global,31.8716216216216,1.51,40.38,49.64,54.73,10094.4,15141.6,44.8,0.47,900.1,0.13,19,1.0,265,78.16,10.16,48.71
El Salvador,2004,7916.0,61.0028957528957,289.252857142856,2405.7517650672,39.8574625673761,26.2,19.2034763873014,Other/Global,31.6544401544402,1.42,38.0,49.48,54.49,9499.2,14248.8,44.62,0.6,881.1,-0.67,21,1.0,256,80.06,11.08,51.09
El Salvador,2005,7420.0,60.7287644787645,289.855574324324,2511.47197247746,38.9691786760709,26.2,20.0860674111278,Other/Global,31.4372586872587,1.34,35.62,49.23,54.2,8904.0,13356.0,44.42,0.72,824.8,-1.22,23,1.0,271,78.3,10.57,49.66
El Salvador,2006,6924.0,60.4546332046332,290.458291505791,2617.19217988772,38.0931320608237,26.2,18.9395397352221,Other/Global,31.2200772200772,1.25,33.24,48.99,53.91,8308.8,12463.2,44.2,0.59,1134.0,0.37,22,1.0,248,79.93,11.71,51.3
El Salvador,2007,6428.0,60.1805019305019,291.061008687258,2722.91238729799,37.2323121906317,26.2,18.090925231412,Other/Global,31.0028957528958,1.16,30.85,48.75,53.62,7713.6,11570.4,43.97,0.76,813.4,-1.04,24,1.0,261,79.15,13.14,54.16
El Salvador,2008,5932.0,59.9063706563706,291.663725868725,2828.63259470825,36.3627496547277,26.2,18.7550802268998,Other/Global,30.7857142857143,1.07,28.47,48.43,53.27,7118.4,10677.6,43.72,0.71,865.0,-0.94,23,1.0,238,80.92,11.69,50.49
El Salvador,2009,5436.0,59.6322393822393,292.266443050192,2934.35280211851,35.4700952504752,26.2,21.0202397462058,Other/Global,30.5685328185328,0.98,26.09,48.11,52.92,6523.2,9784.8,43.45,0.72,932.6,-0.8,23,1.0,290,79.31,11.96,51.4
El Salvador,2010,4940.0,59.3581081081081,292.86916023166,3040.07300952878,34.5672072456838,26.2,20.778253758346,Other/Global,30.3513513513514,0.89,23.71,47.7,52.51,5928.0,8892.0,43.15,0.67,947.4,0.45,25,1.0,308,79.86,12.73,50.26
El Salvador,2011,4940.0,59.2915057915057,293.98332046332,3190.12658583934,33.665586357966,26.2,21.593601783989,Other/Global,30.1341698841699,0.89,23.71,47.86,52.57,5928.0,8892.0,43.17,0.75,976.0,-0.42,28,1.0,273,79.69,13.35,49.68
El Salvador,2012,4940.0,59.2249034749034,295.09748069498,3340.18016214991,32.7767333049341,26.2,20.9704524544248,Other/Global,29.9169884169884,0.89,23.71,48.03,52.63,5928.0,8892.0,43.2,0.66,1044.0,-0.63,24,1.0,286,80.69,14.43,51.79
El Salvador,2013,4940.0,59.1583011583011,296.21164092664,3490.23373846048,31.9121488042005,26.2,19.585855819984,Other/Global,29.699806949807,0.89,23.71,48.19,52.69,5928.0,8892.0,43.23,0.65,939.9,0.06,22,1.0,286,80.78,14.77,48.46
El Salvador,2014,4940.0,59.0916988416988,297.3258011583,3640.28731477105,31.0833335733777,26.2,18.7644178625692,Other/Global,29.4826254826255,0.89,23.71,48.35,52.75,5928.0,8892.0,43.25,0.75,814.9,-0.7,28,1.0,268,79.72,14.43,52.35
El Salvador,2015,4940.0,59.0250965250965,298.439961389961,3790.34089108162,30.3017883300781,26.2,18.1105149998995,Other/Global,29.265444015444,0.89,23.71,48.51,52.81,5928.0,8892.0,43.28,0.86,878.9,-0.99,26,1.0,310,77.61,12.99,48.83
El Salvador,2016,4940.0,58.761583011583,298.93221042471,3831.71127203271,29.6009826660156,26.2,18.6788457546191,Other/Global,29.0482625482625,0.89,23.71,48.59,52.77,5928.0,8892.0,43.29,0.89,924.0,-0.91,27,1.0,291,78.58,13.8,52.94
El Salvador,2017,4940.0,58.4980694980695,299.424459459459,3873.0816529838,28.9143295288086,26.2,18.5748074826954,Other/Global,28.8310810810811,0.89,23.71,48.75,52.78,5928.0,8892.0,43.3,0.95,1064.9,-0.01,32,1.0,267,80.76,16.12,49.37
El Salvador,2018,4940.0,58.234555984556,299.916708494208,3914.4520339349,28.2422790527344,26.2,16.7082519446313,Other/Global,28.6138996138996,0.89,23.71,48.91,52.78,5928.0,8892.0,43.32,0.93,787.6,-1.19,28,1.0,291,78.03,15.22,48.32
El Salvador,2019,4940.0,57.9710424710425,300.408957528957,3955.82241488599,27.5851058959961,26.2,16.2939615585558,Other/Global,28.3967181467181,0.89,23.71,49.07,52.78,5928.0,8892.0,43.33,0.95,995.6,-1.02,30,1.0,284,79.07,16.95,50.04
El Salvador,2020,4940.0,57.707528957529,300.901206563707,3997.19279583709,26.9429779052734,26.2,15.7957530745641,Other/Global,28.1795366795367,0.89,23.71,49.23,52.78,5928.0,8892.0,43.34,0.88,913.8,-0.12,28,1.0,311,79.29,17.16,46.56
Equatorial Guinea,1990,8000.0,3.70231729055258,16.9081639928699,236.402188376265,64.9579421527635,23.1,70.8848278898445,Other/Global,96.2263814616756,1.44,38.4,2.74,13.95,9600.0,14400.0,29.58,0.41,966.1,-0.24,21,1.0,205,93.24,4.39,5.0
Equatorial Guinea,1991,8036.0,3.69875222816398,17.7245811051693,361.493624605648,63.4899144506269,23.1,70.8848278898445,Other/Global,95.928449197861,1.45,38.57,2.98,14.07,9643.2,14464.8,29.76,0.24,890.9,0.23,19,1.0,225,93.07,4.27,5.0
Equatorial Guinea,1992,8072.0,3.69518716577539,18.5409982174688,486.585060835032,62.3001052751459,23.1,70.559227280081,Other/Global,95.6305169340464,1.45,38.75,3.14,14.16,9686.4,14529.6,29.93,0.34,831.6,-0.12,22,1.0,238,93.56,5.2,5.56
Equatorial Guinea,1993,8108.0,3.6916221033868,19.3574153297682,611.676497064415,61.499729370847,23.1,70.2984392270789,Other/Global,95.3325846702317,1.46,38.92,3.38,14.28,9729.6,14594.4,30.1,0.38,959.1,-0.41,20,1.0,243,92.24,5.89,5.0
Equatorial Guinea,1994,8144.0,3.68805704099821,20.1738324420677,736.767933293799,61.200056084922,23.1,69.7724012035884,Other/Global,95.0346524064171,1.47,39.09,3.63,14.41,9772.8,14659.2,30.27,0.52,951.4,0.07,22,1.0,202,92.48,5.02,5.83
Equatorial Guinea,1995,8180.0,3.68449197860962,20.9902495543672,861.859369523182,61.1958475734907,23.1,69.3672723363079,Other/Global,94.7367201426025,1.47,39.26,3.79,14.49,9816.0,14724.0,30.43,0.42,976.8,-0.28,22,1.0,230,95.65,7.27,5.0
Equatorial Guinea,1996,8216.0,3.68092691622103,21.8066666666666,986.950805752566,61.1931679516236,23.1,68.7369700732004,Other/Global,94.4387878787879,1.48,39.44,4.03,14.62,9859.2,14788.8,30.58,0.52,897.9,-0.98,26,1.0,237,95.21,7.49,5.0
Equatorial Guinea,1997,8252.0,3.67736185383244,22.6230837789661,1112.04224198194,61.191308214418,23.1,66.6674955612694,Other/Global,94.1408556149732,1.49,39.61,4.27,14.74,9902.4,14853.6,30.73,0.34,851.0,-0.56,18,1.0,220,94.14,7.48,5.0
Equatorial Guinea,1998,8288.0,3.67379679144385,23.4395008912655,1237.13367821133,61.189657659457,23.1,65.8684494738552,Other/Global,93.8429233511586,1.49,39.78,4.51,14.87,9945.6,14918.4,30.88,0.39,774.3,-0.61,18,1.0,236,94.26,7.88,6.5
Equatorial Guinea,1999,8324.0,3.67023172905526,24.255918003565,1362.22511444071,61.1876055843237,23.1,64.8708063701868,Other/Global,93.544991087344,1.5,39.96,4.67,14.95,9988.8,14983.2,31.03,0.3,964.6,-0.16,18,1.0,241,93.84,9.26,5.25
Equatorial Guinea,2000,8360.0,3.66666666666667,25.0723351158645,1487.3165506701,61.1845412866012,23.1,63.6739520788859,Other/Global,93.2470588235294,1.5,40.13,4.92,15.08,10032.0,15048.0,31.17,0.57,932.9,-0.44,23,1.0,231,93.45,7.94,5.0
Equatorial Guinea,2001,8360.0,3.66944741532977,26.8042638146167,2710.60148283531,61.1361634613469,23.1,61.7059780149909,Other/Global,92.9491265597148,1.5,40.13,5.16,15.2,10032.0,15048.0,31.44,0.35,821.7,-0.2,19,1.0,261,92.47,8.8,8.48
Equatorial Guinea,2002,8360.0,3.67222816399287,28.5361925133689,3933.88641500052,60.8030849608295,23.1,60.7143130398855,Other/Global,92.6511942959002,1.5,40.13,5.32,15.28,10032.0,15048.0,31.7,0.53,855.9,-0.54,22,1.0,249,95.25,9.7,5.0
Equatorial Guinea,2003,8360.0,3.67500891265597,30.2681212121211,5157.17134716572,60.104097514352,23.1,59.9386818392573,Other/Global,92.3532620320856,1.5,40.13,5.56,15.4,10032.0,15048.0,31.95,0.63,861.7,-0.88,25,1.0,247,95.75,9.75,5.0
Equatorial Guinea,2004,8360.0,3.67778966131907,32.0000499108734,6380.45627933094,59.0695990327632,23.1,58.0811015323082,Other/Global,92.0553297682709,1.5,40.13,5.8,15.53,10032.0,15048.0,32.18,0.68,780.4,-0.73,21,1.0,234,92.84,10.67,5.0
Equatorial Guinea,2005,8360.0,3.68057040998217,33.7319786096256,7603.74121149615,57.7185402828701,23.1,56.9784269403907,Other/Global,91.7573975044563,1.5,40.13,5.96,15.61,10032.0,15048.0,32.41,0.68,833.6,-0.71,26,1.0,273,94.82,10.08,5.0
Equatorial Guinea,2006,8360.0,3.68335115864527,35.4639073083778,8827.02614366136,56.0698720314796,23.1,56.5066695956748,Other/Global,91.4594652406417,1.5,40.13,6.2,15.73,10032.0,15048.0,32.63,0.71,808.3,-1.63,22,1.0,261,92.98,11.6,6.81
Equatorial Guinea,2007,8360.0,3.68613190730837,37.1958360071301,10050.3110758265,54.1425450453987,23.1,55.2925490970671,Other/Global,91.1615329768271,1.5,40.13,6.45,15.85,10032.0,15048.0,32.84,0.73,866.0,-0.57,27,1.0,264,92.55,12.37,5.0
Equatorial Guinea,2008,8360.0,3.68891265597147,38.9277647058823,11273.5960079917,51.9555100914342,23.1,54.0157032348222,Other/Global,90.8636007130125,1.5,40.13,6.69,15.97,10032.0,15048.0,33.05,0.7,839.9,-0.64,26,1.0,254,92.97,12.43,5.52
Equatorial Guinea,2009,8360.0,3.69169340463457,40.6596934046345,12496.8809401569,49.5277179363931,23.1,54.1959649182713,Other/Global,90.5656684491979,1.5,40.13,6.85,16.05,10032.0,15048.0,33.24,0.76,768.8,-1.04,26,1.0,284,93.03,14.63,5.0
Equatorial Guinea,2010,8360.0,3.69447415329768,42.3916221033868,13720.1658723222,46.8781193470824,23.1,55.44959808278,Other/Global,90.2677361853832,1.5,40.13,7.09,16.18,10032.0,15048.0,33.44,0.83,1060.8,0.14,27,1.0,257,94.2,14.51,5.0
Equatorial Guinea,2011,8348.0,3.69910873440285,44.2799500891265,12789.914704335,44.0256650903089,23.1,55.0931542821054,Other/Global,89.9697682709447,1.5,40.07,7.33,16.29,10017.6,15026.4,33.63,0.6,999.2,-0.35,22,1.0,244,92.94,14.31,5.0
Equatorial Guinea,2012,8336.0,3.70374331550802,46.1682780748663,11859.6635363479,40.9893059328797,23.1,54.5029284763776,Other/Global,89.6718003565062,1.5,40.01,7.49,16.37,10003.2,15004.8,33.83,0.54,836.7,-0.54,20,1.0,270,94.5,14.16,5.0
Equatorial Guinea,2013,8324.0,3.70837789661319,48.056606060606,10929.4123683607,37.7879926416016,23.1,54.9084934015062,Other/Global,89.3738324420677,1.5,39.96,7.74,16.5,9988.8,14983.2,34.01,0.68,920.8,-0.94,23,1.0,289,92.6,13.65,5.0
Equatorial Guinea,2014,8312.0,3.71301247771836,49.9449340463458,9999.1612003736,34.4406759832816,23.1,54.8064929164429,Other/Global,89.0758645276292,1.5,39.9,7.98,16.62,9974.4,14961.6,34.19,0.95,932.4,-0.53,30,1.0,293,93.4,14.57,5.0
Equatorial Guinea,2015,8300.0,3.71764705882353,51.8332620320856,9068.91003238645,31.048729384645,23.1,55.399577451948,Other/Global,88.7778966131907,1.49,39.84,8.14,16.7,9960.0,14940.0,34.37,0.75,994.3,0.3,24,1.0,293,92.11,15.41,5.25
Equatorial Guinea,2016,8312.0,3.72221033868092,53.7052406417112,8407.93903173505,30.746730146949,23.1,56.0147490434262,Other/Global,88.4798573975044,1.5,39.9,8.38,16.82,9974.4,14961.6,34.55,1.02,833.5,-1.34,27,1.0,292,91.91,15.58,5.0
Equatorial Guinea,2017,8324.0,3.72677361853832,55.5772192513369,7746.96803108365,30.4483980867015,23.1,56.5808957776355,Other/Global,88.1818181818182,1.5,39.96,8.62,16.94,9988.8,14983.2,34.72,1.08,986.4,-0.8,32,1.0,301,93.91,15.32,6.27
Equatorial Guinea,2018,8336.0,3.73133689839572,57.4491978609625,7085.99703043226,30.1603376333825,23.1,55.3999560993571,Other/Global,87.8837789661319,1.5,40.01,8.78,17.03,10003.2,15004.8,34.88,0.94,855.2,-1.11,28,1.0,345,93.6,17.54,5.3
Equatorial Guinea,2019,8348.0,3.73590017825312,59.3211764705882,6425.02602978086,29.8824580452707,23.1,55.8356005729206,Other/Global,87.5857397504456,1.5,40.07,9.02,17.15,10017.6,15026.4,35.05,1.05,792.1,-1.16,27,1.0,309,92.92,17.36,6.54
Equatorial Guinea,2020,8360.0,3.74046345811052,61.1931550802139,5764.05502912947,29.6146685806753,23.1,56.1791843696362,Other/Global,87.2877005347594,1.5,40.13,9.27,17.28,10032.0,15048.0,35.21,1.13,956.9,-1.03,28,1.0,302,92.35,16.41,7.32
Eritrea,1990,8470.0,74.5544554455445,22.2478316831683,314.357396753501,81.4315052032471,23.1,59.4938212200351,Other/Global,11.2928712871287,1.52,40.66,64.63,66.22,10164.0,15246.0,30.71,0.24,1002.2,0.28,20,1.0,202,74.37,5.01,48.02
Eritrea,1991,8470.0,74.5544554455445,22.2478316831683,314.357396753501,80.1699303623657,23.1,59.4938212200351,Other/Global,11.2928712871287,1.52,40.66,64.63,66.22,10164.0,15246.0,30.71,0.32,1106.0,0.68,19,1.0,204,76.19,5.96,45.14
Eritrea,1992,8470.0,74.5544554455445,22.2478316831683,314.357396753501,78.5684655944488,23.1,60.2103906805615,Other/Global,11.2928712871287,1.52,40.66,64.63,66.22,10164.0,15246.0,30.71,0.35,803.0,-0.44,20,1.0,212,74.94,5.59,45.11
Eritrea,1993,8470.0,74.5544554455445,22.2478316831683,314.357396753501,76.7302852991061,23.1,58.2465412320709,Other/Global,11.2928712871287,1.52,40.66,64.63,66.22,10164.0,15246.0,30.71,0.35,954.9,-0.63,19,1.0,201,77.73,5.55,49.12
Eritrea,1994,8470.0,74.5544554455445,22.2478316831683,314.357396753501,74.7585638759474,23.1,56.1656645803558,Other/Global,11.2615841584158,1.52,40.66,64.71,66.26,10164.0,15246.0,30.71,0.4,866.2,-0.13,19,1.0,230,75.98,4.62,44.07
Eritrea,1995,8470.0,74.5544554455445,22.2478316831683,314.357396753501,72.7564757245825,23.1,56.3132886519037,Other/Global,11.230297029703,1.52,40.66,64.71,66.26,10164.0,15246.0,30.71,0.34,961.7,0.21,19,1.0,226,76.4,6.39,45.07
Eritrea,1996,8470.0,74.5544554455445,22.2478316831683,314.357396753501,70.8271952446211,23.1,55.3775379336043,Other/Global,11.1990099009901,1.52,40.66,64.71,66.26,10164.0,15246.0,30.71,0.42,781.3,-0.48,20,1.0,213,77.46,6.22,45.59
Eritrea,1997,8470.0,74.5544554455445,22.2478316831683,314.357396753501,69.0738968356729,23.1,54.13567280902,Other/Global,11.1677227722772,1.52,40.66,64.71,66.26,10164.0,15246.0,30.71,0.33,798.0,-0.49,21,1.0,243,74.78,6.73,44.19
Eritrea,1998,8470.0,74.5544554455445,22.2478316831683,314.357396753501,67.5997548973479,23.1,54.4213443537985,Other/Global,11.1364356435644,1.52,40.66,64.79,66.3,10164.0,15246.0,30.71,0.39,836.9,-0.46,20,1.0,203,76.31,7.33,46.13
Eritrea,1999,8470.0,74.5544554455445,22.2478316831683,314.357396753501,66.5079438292556,23.1,54.4523406193765,Other/Global,11.1051485148515,1.52,40.66,64.79,66.3,10164.0,15246.0,30.71,0.25,905.3,0.13,19,1.0,267,76.38,7.79,48.34
Eritrea,2000,8470.0,74.5544554455445,22.2478316831683,314.357396753501,65.9016380310059,23.1,54.630626095248,Other/Global,11.0738613861386,1.52,40.66,64.79,66.3,10164.0,15246.0,30.71,0.42,847.7,0.07,21,1.0,267,75.15,8.05,42.08
Eritrea,2001,8470.0,73.3700160058624,22.4557776225944,336.891608285119,65.6746788024902,23.1,53.8558748431972,Other/Global,11.0425742574257,1.52,40.66,64.87,65.98,10164.0,15246.0,30.75,0.51,951.7,-0.52,24,1.0,268,74.23,7.66,44.18
Eritrea,2002,8470.0,72.1855765661803,22.6637235620205,359.425819816738,65.4579200744629,23.1,53.4486026849647,Other/Global,11.0112871287129,1.52,40.66,64.87,65.63,10164.0,15246.0,30.79,0.35,981.1,0.31,18,1.0,238,73.78,7.71,44.75
Eritrea,2003,8470.0,71.0011371264982,22.8716695014466,381.960031348356,65.2548713684082,23.1,54.660765100001,Other/Global,10.98,1.52,40.66,64.87,65.27,10164.0,15246.0,30.82,0.61,946.9,-0.36,23,1.0,253,75.58,10.16,46.94
Eritrea,2004,8470.0,69.8166976868161,23.0796154408728,404.494242879975,65.0675354003906,23.1,54.9951408787224,Other/Global,9.14032076920136,1.52,40.66,66.24,65.6,10164.0,15246.0,30.86,0.74,1028.5,-0.2,26,1.0,243,78.3,11.24,40.12
Eritrea,2005,8470.0,68.632258247134,23.2875613802989,427.028454411593,64.8977966308594,23.1,55.8894111112858,Other/Global,9.1109855799934,1.52,40.66,66.24,65.25,10164.0,15246.0,30.89,0.6,932.2,-0.83,22,1.0,263,76.32,10.35,44.15
Eritrea,2006,8470.0,67.4478188074519,23.495507319725,449.562665943212,64.7474822998047,23.1,56.3962988754594,Other/Global,9.08647415225366,1.52,40.66,66.24,64.89,10164.0,15246.0,30.93,0.85,801.6,-1.09,25,1.0,260,78.71,9.77,41.38
Eritrea,2007,8470.0,66.2633793677698,23.7034532591512,472.09687747483,64.6179046630859,23.1,56.3721760792389,Other/Global,9.0582202286878,1.52,40.66,66.32,64.58,10164.0,15246.0,30.97,0.76,1008.1,-0.55,23,1.0,256,76.93,11.82,41.33
Eritrea,2008,8470.0,65.0789399280877,23.9113991985773,494.631089006449,64.5102882385254,23.1,57.8660081608239,Other/Global,9.03025466560542,1.52,40.66,66.32,64.22,10164.0,15246.0,31.0,0.65,850.6,-0.82,24,1.0,260,78.2,13.07,42.76
Eritrea,2009,8470.0,63.8945004884056,24.1193451380034,517.165300538067,64.4257965087891,23.1,57.3040635427443,Other/Global,9.00325161746643,1.52,40.66,66.32,63.87,10164.0,15246.0,31.03,0.68,971.8,-0.63,24,1.0,271,79.08,12.77,39.34
Eritrea,2010,8470.0,62.7100610487235,24.3272910774296,539.699512069686,64.3653450012207,23.1,57.4049940749332,Other/Global,8.97748379233609,1.52,40.66,66.32,63.51,10164.0,15246.0,31.07,0.7,1024.9,-0.28,23,1.0,318,79.97,13.26,38.84
Eritrea,2011,8470.0,62.7100610487235,24.3272910774296,539.699512069686,64.3293724060059,23.1,56.0895953958007,Other/Global,8.94961638502077,1.52,40.66,66.32,63.51,10164.0,15246.0,31.07,0.65,935.5,-0.52,27,1.0,297,78.18,11.63,39.18
Eritrea,2012,8470.0,62.7100610487235,24.3272910774296,539.699512069686,64.3175735473633,23.1,55.8364634937911,Other/Global,8.92402610724028,1.52,40.66,66.4,63.55,10164.0,15246.0,31.07,0.7,779.3,-0.93,24,1.0,282,77.97,12.49,39.31
Eritrea,2013,8470.0,62.7100610487235,24.3272910774296,539.699512069686,64.3286666870117,23.1,57.7540691493344,Other/Global,8.90034222261119,1.52,40.66,66.4,63.55,10164.0,15246.0,31.07,0.61,825.5,-1.22,21,1.0,281,76.36,14.29,36.73
Eritrea,2014,8470.0,62.7100610487235,24.3272910774296,539.699512069686,64.360279083252,23.1,54.8916340517933,Other/Global,8.87519711563943,1.52,40.66,66.4,63.55,10164.0,15246.0,31.07,0.76,1004.8,-0.69,28,1.0,297,78.22,12.73,39.23
Eritrea,2015,8470.0,62.7100610487235,24.3272910774296,539.699512069686,64.408992767334,23.1,57.351678940451,Other/Global,8.84524597758958,1.52,40.66,66.4,63.55,10164.0,15246.0,31.07,0.7,885.5,-0.5,25,1.0,282,82.72,13.64,39.77
Eritrea,2016,8470.0,62.7100610487235,24.3272910774296,539.699512069686,64.4745712280273,23.1,56.2012560895131,Other/Global,8.81997366660957,1.52,40.66,66.48,63.59,10164.0,15246.0,31.07,0.88,905.3,-0.93,25,1.0,291,78.48,14.61,35.68
Eritrea,2017,8470.0,62.7100610487235,24.3272910774296,539.699512069686,64.5572853088379,23.1,57.9783093386757,Other/Global,8.79432689018704,1.52,40.66,66.48,63.59,10164.0,15246.0,31.07,0.87,959.7,-0.17,26,1.0,269,77.03,15.27,40.63
Eritrea,2018,8470.0,62.7100610487235,24.3272910774296,539.699512069686,64.6548957824707,23.1,56.0725482579205,Other/Global,8.76775721087697,1.52,40.66,66.48,63.59,10164.0,15246.0,31.07,0.93,954.7,-0.49,27,1.0,303,78.56,15.0,40.74
Eritrea,2019,8470.0,62.7100610487235,24.3272910774296,539.699512069686,64.7647666931152,23.1,55.5668739635451,Other/Global,8.74145380877288,1.52,40.66,66.48,63.59,10164.0,15246.0,31.07,1.1,921.3,-0.63,31,1.0,307,79.63,15.61,39.41
Eritrea,2020,8470.0,62.7100610487235,24.3272910774296,539.699512069686,64.883861541748,23.1,57.0156390176665,Other/Global,8.71821523958664,1.52,40.66,66.56,63.63,10164.0,15246.0,31.07,1.08,882.3,-0.5,30,1.0,301,78.02,16.11,36.22
Estonia,1990,230.0,23.2602028780373,32.9555319650861,4070.60902410208,28.7304192564781,20.2,20.0810491767313,Other/Global,52.1938664779429,0.04,1.1,20.95,24.4,276.0,414.0,25.43,0.32,875.0,-0.43,19,1.0,210,87.3,4.93,14.31
Estonia,1991,618.0,23.2602028780373,32.9555319650861,4070.60902410208,29.0441286333229,20.2,20.0810491767313,Other/Global,52.1938664779429,0.11,2.97,24.74,27.55,741.6,1112.4,27.32,0.25,968.6,-0.14,20,1.0,209,91.65,5.09,10.96
Estonia,1992,1006.0,23.2602028780373,32.9555319650861,4070.60902410208,29.4666645667671,20.2,18.9373752830916,Other/Global,52.1938664779429,0.18,4.83,26.67,29.13,1207.2,1810.8,28.25,0.37,944.2,0.11,18,1.0,203,89.08,5.77,14.9
Estonia,1993,1394.0,23.2602028780373,32.9555319650861,4070.60902410208,29.9633946602736,20.2,16.7811880989442,Other/Global,52.2716914366596,0.25,6.69,27.88,30.16,1672.8,2509.2,28.88,0.53,879.2,-0.34,22,1.0,227,90.47,5.82,13.79
Estonia,1994,1782.0,23.2602028780373,32.9555319650861,4070.60902410208,30.499686517305,20.2,14.8818228543069,Other/Global,52.3495163953763,0.32,8.55,28.77,30.91,2138.4,3207.6,29.35,0.46,986.4,-0.14,23,1.0,215,88.15,7.34,15.48
Estonia,1995,2170.0,23.2602028780373,32.9555319650861,4070.60902410208,31.040907741324,20.2,10.7316474457669,Other/Global,52.4273413540929,0.39,10.42,29.41,31.48,2604.0,3906.0,29.73,0.63,889.4,-0.12,23,1.0,205,90.76,7.26,17.62
Estonia,1996,2558.0,23.2602028780373,32.9555319650861,4070.60902410208,31.5524259357933,20.2,10.2532967895238,Other/Global,52.5051663128096,0.46,12.28,30.06,32.02,3069.6,4604.4,30.04,0.45,831.6,-0.65,21,1.0,198,89.72,7.33,14.62
Estonia,1997,2946.0,23.2602028780373,32.9555319650861,4070.60902410208,31.9996087041757,20.2,9.6866559132601,Other/Global,52.5829912715263,0.53,14.14,30.54,32.44,3535.2,5302.8,30.31,0.4,838.9,-0.51,19,1.0,250,89.25,7.58,16.45
Estonia,1998,3334.0,23.2602028780373,32.9555319650861,4070.60902410208,32.3478236499336,20.2,9.30015867447272,Other/Global,52.660816230243,0.6,16.0,30.94,32.8,4000.8,6001.2,30.55,0.35,821.3,-0.54,20,1.0,234,87.16,8.99,15.45
Estonia,1999,3722.0,23.2602028780373,32.9555319650861,4070.60902410208,32.56243837653,20.2,8.57539309255124,Other/Global,52.7386411889597,0.67,17.87,31.35,33.14,4466.4,6699.6,30.76,0.38,877.8,-0.66,21,1.0,236,87.75,8.24,13.82
Estonia,2000,4110.0,23.2602028780373,32.9555319650861,4070.60902410208,32.614470927373,20.2,6.36200167555528,Other/Global,52.8164661476763,0.74,19.73,31.67,33.43,4932.0,7398.0,30.95,0.38,998.2,0.05,21,1.0,238,89.18,9.49,18.45
Estonia,2001,4553.0,23.172446331682,32.8009907997169,5129.91853187892,32.6073543650209,20.2,6.34431022995212,Other/Global,53.0456003774475,0.82,21.85,31.91,33.65,5463.6,8195.4,31.13,0.5,835.0,-0.2,19,1.0,260,88.24,10.4,17.23
Estonia,2002,4996.0,23.0846897853267,32.6464496343477,6189.22803965576,32.5909129034339,20.2,6.5965210012728,Other/Global,53.2747346072187,0.9,23.98,32.07,33.83,5995.2,8992.8,31.29,0.58,914.5,-0.28,24,1.0,248,89.13,10.38,13.3
Estonia,2003,5439.0,22.9969332389714,32.4919084689785,7248.5375474326,32.5658239651331,20.2,6.2355777653566,Other/Global,53.5038688369899,0.98,26.11,32.23,33.99,6526.8,9790.2,31.43,0.51,846.8,-0.58,21,1.0,272,88.13,9.24,16.36
Estonia,2004,5882.0,22.9091766926161,32.3373673036093,8307.84705520944,32.532648546051,18.3,5.06229005776032,Other/Global,53.733003066761,1.06,28.23,32.39,34.14,7058.4,10587.6,31.56,0.54,878.5,-0.55,21,1.0,255,89.23,10.73,14.99
Estonia,2005,6325.0,22.8214201462609,32.1828261382401,9367.15656298628,32.4919476421201,18.3,5.19325738906312,Other/Global,53.9621372965322,1.14,30.36,32.47,34.25,7590.0,11385.0,31.68,0.55,778.4,-0.75,24,1.0,216,87.96,10.92,16.37
Estonia,2006,6768.0,22.7336635999056,32.0282849728709,10426.4660707631,32.4442822492731,19.4,5.06396874650093,Other/Global,54.1912715263034,1.22,32.49,32.55,34.35,8121.6,12182.4,31.79,0.76,881.5,-0.44,25,1.0,279,89.31,11.19,12.61
Estonia,2007,7211.0,22.6459070535503,31.8737438075017,11485.7755785399,32.3902133634424,19.5,4.77648490402575,Other/Global,54.4204057560746,1.3,34.61,32.63,34.44,8653.2,12979.8,31.89,0.64,883.6,-0.38,23,1.0,268,87.58,13.56,14.54
Estonia,2008,7654.0,22.558150507195,31.7192026421325,12545.0850863168,32.3303019805606,19.7,3.90157093205799,Other/Global,54.6495399858457,1.38,36.74,32.72,34.54,9184.8,13777.2,31.98,0.53,942.3,-0.38,24,1.0,259,88.4,13.52,15.89
Estonia,2009,8097.0,22.4703939608397,31.5646614767633,13604.3945940936,32.2651090965602,15.8,4.05458724607411,Other/Global,54.8786742156169,1.46,38.87,32.72,34.58,9716.4,14574.6,32.06,0.71,916.9,-0.41,24,1.0,266,88.57,11.71,12.95
Estonia,2010,8540.0,22.3826374144845,31.4101203113942,14663.7041018705,32.1951957073738,17.5,4.21699985759318,Other/Global,55.1078084453881,1.54,40.99,32.72,34.62,10248.0,15372.0,32.14,0.86,803.1,-0.87,25,1.0,269,87.77,14.29,15.58
Estonia,2011,7280.0,22.4747779785165,31.1801183333113,15275.3944348868,32.1224443665494,17.5,4.4123989754887,Other/Global,55.508799245105,1.31,34.94,31.91,34.04,8736.0,13104.0,31.81,0.64,985.9,-0.53,24,1.0,259,88.06,14.24,14.43
Estonia,2012,6020.0,22.5669185425485,30.9501163552285,15887.0847679032,32.0370406679684,18.6,4.49334668114124,Other/Global,55.9097900448219,1.08,28.9,30.94,33.34,7224.0,10836.0,31.42,0.72,916.1,-0.47,25,1.0,294,89.14,15.98,15.22
Estonia,2013,4760.0,22.6590591065805,30.7201143771456,16498.7751009195,31.9076541703232,21.8,4.26201662857226,Other/Global,54.9117552334944,0.86,22.85,30.78,32.99,5712.0,8568.0,30.95,0.7,915.3,-1.16,22,1.0,278,89.63,15.19,17.21
Estonia,2014,3500.0,22.7511996706125,30.4901123990628,17110.4654339359,31.7331617191968,21.6,3.85827010767674,Other/Global,55.3027835288705,0.63,16.8,29.41,31.94,4200.0,6300.0,30.34,0.74,898.8,-0.45,25,1.0,275,89.06,16.44,20.61
Estonia,2015,2240.0,22.8433402346446,30.26011042098,17722.1557669523,31.5203390309447,21.7,4.03155607324466,Other/Global,55.6938118242466,0.4,10.75,27.56,30.47,2688.0,4032.0,29.48,0.89,858.3,-0.65,25,1.0,356,89.35,16.9,15.39
Estonia,2016,1936.0,22.8828593222186,30.4280743016962,18964.5234019831,31.275961821922,21.0,3.89979892657246,Other/Global,55.6993328732459,0.35,9.29,26.99,30.02,2323.2,3484.8,29.22,0.86,917.2,-0.41,28,1.0,277,88.83,16.57,14.89
Estonia,2017,1632.0,22.9223784097926,30.5960381824125,20206.8910370139,31.0068058084842,21.9,3.62576018603632,Other/Global,57.0385964912281,0.29,7.83,25.62,29.12,1958.4,2937.6,28.92,0.97,937.9,-0.77,28,1.0,297,87.89,16.99,19.16
Estonia,2018,1328.0,22.9618974973666,30.7640020631288,21449.2586720448,30.7196467069867,21.7,3.43204354995369,Other/Global,57.0385964912281,0.24,6.37,24.9,28.51,1593.6,2390.4,28.55,1.01,760.1,-1.18,30,1.0,267,86.64,19.98,17.59
Estonia,2019,1024.0,23.0014165849406,30.9319659438451,22691.6263070756,30.4212602337846,20.7,3.34008778292046,Other/Global,57.0385964912281,0.18,4.92,24.01,27.75,1228.8,1843.2,28.08,0.95,856.8,-0.48,28,1.0,324,88.06,19.24,18.91
Estonia,2020,720.0,23.0409356725146,31.0999298245614,23933.9939421065,30.1184221052335,20.6,3.08225116196281,Other/Global,57.0385964912281,0.13,3.46,22.8,26.71,864.0,1296.0,27.43,1.07,879.5,-0.5,32,1.0,304,88.54,19.53,15.86
Eswatini,1990,1500.0,71.9767441860465,50.7225581395349,1277.69173005665,77.0652009303072,69.0,17.185477795592,Other/Global,26.8104651162791,0.27,7.2,43.11,52.48,1800.0,2700.0,30.61,0.26,920.3,-0.15,16,1.0,216,75.7,5.66,47.37
Eswatini,1991,1500.0,71.8895348837209,51.7050348837209,1312.88959589379,77.0308175788431,69.0,17.185477795592,Other/Global,26.8810465116279,0.27,7.2,43.11,52.45,1800.0,2700.0,30.69,0.28,995.3,0.14,18,1.0,193,78.34,6.48,45.83
Eswatini,1992,1500.0,71.8023255813953,52.6875116279069,1348.08746173095,77.0016235047032,69.0,16.8472558795948,Other/Global,26.9516279069767,0.27,7.2,43.03,52.39,1800.0,2700.0,30.76,0.44,838.1,-0.23,23,1.0,186,76.83,6.66,45.84
Eswatini,1993,1500.0,71.7151162790697,53.669988372093,1383.2853275681,76.9776984668629,69.0,16.4427595287281,Other/Global,27.0222093023256,0.27,7.2,43.03,52.36,1800.0,2700.0,30.84,0.36,860.0,-0.87,19,1.0,203,76.41,4.75,45.94
Eswatini,1994,1500.0,71.6279069767441,54.652465116279,1418.48319340525,76.9591222242975,69.0,16.4588779869146,Other/Global,27.0927906976744,0.27,7.2,42.95,52.29,1800.0,2700.0,30.91,0.45,858.8,-0.59,21,1.0,238,77.2,6.26,46.55
Eswatini,1995,1500.0,71.5406976744186,55.6349418604651,1453.6810592424,76.9459745359823,69.0,16.168453236085,Other/Global,27.1633720930233,0.27,7.2,42.95,52.27,1800.0,2700.0,30.98,0.44,835.7,-0.17,20,1.0,230,78.99,6.4,45.87
Eswatini,1996,1500.0,71.453488372093,56.6174186046511,1488.87892507955,76.9383351608927,69.0,16.0419641529917,Other/Global,27.2339534883721,0.27,7.2,42.87,52.2,1800.0,2700.0,31.05,0.5,872.0,-0.2,24,1.0,200,76.25,8.52,48.49
Eswatini,1997,1500.0,71.3662790697674,57.5998953488371,1524.0767909167,76.9369569734721,69.0,15.8789402863256,Other/Global,27.3045348837209,0.27,7.2,42.87,52.18,1800.0,2700.0,31.12,0.43,961.5,-0.03,18,1.0,192,75.45,7.96,46.86
Eswatini,1998,1500.0,71.2790697674418,58.5823720930232,1559.27465675385,76.9705078436128,69.0,15.7974806791213,Other/Global,27.3751162790698,0.27,7.2,42.79,52.11,1800.0,2700.0,31.19,0.37,815.5,-1.03,18,1.0,227,77.02,6.74,46.11
Eswatini,1999,1500.0,71.1918604651162,59.5648488372092,1594.472522591,77.0485171526737,69.0,15.6950345791548,Other/Global,27.4456976744186,0.27,7.2,42.79,52.08,1800.0,2700.0,31.25,0.44,934.0,-0.25,21,1.0,252,75.27,6.69,46.03
Eswatini,2000,1500.0,71.1046511627907,60.5473255813953,1629.67038842815,77.1590669238003,69.0,15.9415252764579,Other/Global,27.5162790697674,0.27,7.2,42.71,52.02,1800.0,2700.0,31.32,0.51,763.7,-1.04,22,1.0,227,75.53,9.84,44.85
Eswatini,2001,1500.0,71.093275,60.9556744186046,1858.97738897606,77.2904380863541,69.0,15.8883374585552,Other/Global,27.5869186046512,0.27,7.2,42.71,52.01,1800.0,2700.0,31.35,0.49,854.9,-0.44,22,1.0,258,78.39,8.95,43.55
Eswatini,2002,1500.0,71.0818988372093,61.3640232558139,2088.28438952398,77.4309115696962,69.0,15.7421883142601,Other/Global,27.6575581395349,0.27,7.2,42.63,51.97,1800.0,2700.0,31.38,0.51,873.5,-0.74,23,1.0,248,78.23,9.34,47.73
Eswatini,2003,1500.0,71.0705226744186,61.7723720930232,2317.5913900719,77.5687683031881,69.0,15.5651972119313,Other/Global,27.7281976744186,0.27,7.2,42.63,51.97,1800.0,2700.0,31.4,0.47,1033.8,-0.24,22,1.0,275,77.46,9.51,47.73
Eswatini,2004,1500.0,71.0591465116279,62.1807209302325,2546.89839061982,77.6922892161911,69.0,15.2300178206059,Other/Global,27.7988372093023,0.27,7.2,42.55,51.92,1800.0,2700.0,31.43,0.56,877.8,-1.14,24,1.0,243,77.15,9.54,43.54
Eswatini,2005,1500.0,71.0477703488372,62.5890697674418,2776.20539116774,77.7897552380664,69.0,15.1067235639539,Other/Global,27.8694767441861,0.27,7.2,42.55,51.92,1800.0,2700.0,31.46,0.67,723.7,-0.76,24,1.0,255,75.22,10.65,43.6
Eswatini,2006,1500.0,71.0363941860465,62.9974186046511,3005.51239171565,77.8494472981755,69.0,14.902033271719,Other/Global,27.9401162790698,0.27,7.2,42.47,51.88,1800.0,2700.0,31.48,0.67,739.9,-1.19,25,1.0,250,75.72,11.68,47.18
Eswatini,2007,1500.0,71.0250180232558,63.4057674418604,3234.81939226357,77.860010032492,69.0,14.7129931649429,Other/Global,28.0107558139535,0.27,7.2,42.47,51.87,1800.0,2700.0,31.51,0.71,902.5,-0.51,21,1.0,278,78.28,11.42,45.16
Eswatini,2008,1500.0,71.0136418604651,63.8141162790697,3464.12639281149,77.8307991170144,69.0,14.5892813278944,Other/Global,28.0813953488372,0.27,7.2,42.39,51.83,1800.0,2700.0,31.54,0.71,948.9,-0.41,25,1.0,276,76.09,12.7,43.83
Eswatini,2009,1500.0,71.0022656976744,64.2224651162791,3693.43339335941,77.7656134375206,63.0,14.4141899507623,Other/Global,28.1520348837209,0.27,7.2,42.3,51.78,1800.0,2700.0,31.56,0.72,929.9,-0.8,26,1.0,245,75.74,12.82,42.61
Eswatini,2010,1500.0,70.9908895348837,64.6308139534884,3922.74039390733,77.6669207932529,63.0,14.3226511712648,Other/Global,28.2226744186047,0.27,7.2,42.3,51.78,1800.0,2700.0,31.59,0.65,913.2,-0.85,22,1.0,284,76.47,13.41,44.91
Eswatini,2011,1500.0,70.8857348837209,64.9931744186046,3822.15686824492,77.5365246334607,63.0,14.1438461509249,Other/Global,28.2932558139535,0.27,7.2,42.22,51.71,1800.0,2700.0,31.61,0.68,992.8,-0.54,26,1.0,255,77.42,13.2,46.05
Eswatini,2012,1500.0,70.7805802325581,65.3555348837209,3721.57334258251,77.3762284073935,63.0,13.9521136186192,Other/Global,28.3638372093023,0.27,7.2,42.22,51.67,1800.0,2700.0,31.64,0.66,856.7,-0.89,23,1.0,267,76.51,13.29,45.18
Eswatini,2013,1500.0,70.6754255813953,65.7178953488372,3620.9898169201,77.1878355643008,63.0,13.7480282759829,Other/Global,28.4344186046512,0.27,7.2,42.14,51.6,1800.0,2700.0,31.66,0.53,971.4,-0.08,21,1.0,295,76.57,12.86,43.05
Eswatini,2014,1500.0,70.5702709302325,66.0802558139535,3520.40629125769,76.973149553432,63.0,13.5480400243876,Other/Global,28.505,0.27,7.2,42.14,51.57,1800.0,2700.0,31.68,0.67,769.3,-1.21,24,1.0,269,74.19,14.94,44.48
Eswatini,2015,1500.0,70.4651162790698,66.4426162790698,3419.82276559528,76.7339738240368,63.0,13.45581388787,Other/Global,28.5755813953488,0.27,7.2,42.06,51.5,1800.0,2700.0,31.71,0.8,827.4,-0.36,27,1.0,286,76.75,14.72,46.72
Eswatini,2016,1500.0,70.2674418604651,67.0230348837209,3429.17208503251,76.4721118253644,58.9,13.1979572489291,Other/Global,28.646511627907,0.27,7.2,42.06,51.44,1800.0,2700.0,31.74,0.79,755.3,-0.81,27,1.0,306,78.08,14.69,48.69
Eswatini,2017,1500.0,70.0697674418604,67.6034534883721,3438.52140446974,76.1947995036839,58.9,13.0660704052538,Other/Global,28.7168604651163,0.27,7.2,41.98,51.34,1800.0,2700.0,31.78,0.99,877.8,-0.62,27,1.0,304,76.85,14.37,45.53
Eswatini,2018,1500.0,69.8720930232558,68.1838720930232,3447.87072390698,75.9420704595773,58.9,13.0986066452304,Other/Global,28.7872093023256,0.27,7.2,41.98,51.28,1800.0,2700.0,31.81,1.11,896.1,-0.94,28,1.0,307,79.47,16.67,47.41
Eswatini,2019,1500.0,69.6744186046511,68.7642906976744,3457.22004334421,75.6540450482249,58.9,12.9095843554448,Other/Global,28.8575581395349,0.27,7.2,41.9,51.18,1800.0,2700.0,31.85,1.1,908.9,-0.4,32,1.0,317,76.16,16.03,46.7
Eswatini,2020,1500.0,69.4767441860465,69.3447093023256,3466.56936278145,75.3347201077808,58.9,13.4434692424383,Other/Global,28.9279069767442,0.27,7.2,41.9,51.12,1800.0,2700.0,31.88,0.98,904.8,-0.83,29,1.0,328,76.49,17.93,44.0
Ethiopia,1990,91740.0,30.534,67.411494,262.108971053707,87.2358653738372,45.5,77.1509098414269,Other/Global,19.0395,16.51,440.35,74.54,61.01,110088.0,165132.0,41.19,0.39,814.8,-0.61,24,1.0,185,86.01,2.88,24.25
Ethiopia,1991,91740.0,30.534,67.411494,248.124994208943,86.9710471076823,45.5,77.1509098414269,Other/Global,19.0395,16.51,440.35,74.54,61.01,110088.0,165132.0,41.19,0.35,873.8,-0.32,22,1.0,212,85.98,5.17,24.63
Ethiopia,1992,91740.0,30.534,67.411494,234.141017364179,86.7202646424401,45.5,78.0424407298183,Other/Global,19.0395,16.51,440.35,74.54,61.01,110088.0,165132.0,41.19,0.37,769.2,-0.52,22,1.0,225,87.46,4.21,21.41
Ethiopia,1993,91740.0,30.534,67.411494,220.157040519415,86.4892395694809,45.5,77.3519088606916,Other/Global,19.0395,16.51,440.35,74.54,61.01,110088.0,165132.0,41.19,0.39,998.0,0.21,21,1.0,226,86.49,5.09,22.41
Ethiopia,1994,91740.0,30.534,67.411494,206.173063674651,86.2827323547583,45.5,77.1892598575337,Other/Global,18.9665,16.51,440.35,74.62,61.05,110088.0,165132.0,41.19,0.42,864.7,-0.6,23,1.0,215,89.15,5.83,21.25
Ethiopia,1995,91740.0,30.534,67.411494,192.189086829888,86.1174421310425,45.5,76.9766395677284,Other/Global,18.8935,16.51,440.35,74.7,61.09,110088.0,165132.0,41.19,0.41,849.9,-0.65,21,1.0,218,87.11,6.93,19.86
Ethiopia,1996,91740.0,30.534,67.411494,178.205109985124,85.897253036499,45.5,76.2201510337764,Other/Global,18.8205,16.51,440.35,74.78,61.13,110088.0,165132.0,41.19,0.43,1016.1,0.23,22,1.0,237,85.77,7.02,24.43
Ethiopia,1997,91740.0,30.534,67.411494,164.22113314036,85.6926546096802,45.5,76.2519728333877,Other/Global,18.7475,16.51,440.35,74.78,61.13,110088.0,165132.0,41.19,0.4,789.6,-0.47,23,1.0,231,85.63,6.75,25.58
Ethiopia,1998,91740.0,30.534,67.411494,150.237156295596,85.4864568710327,45.5,76.7118202813289,Other/Global,18.6745,16.51,440.35,74.86,61.17,110088.0,165132.0,41.19,0.37,798.9,-0.75,21,1.0,248,88.82,7.03,22.26
Ethiopia,1999,91740.0,30.534,67.411494,136.253179450832,85.286678314209,44.2,76.3678820165967,Other/Global,18.6015,16.51,440.35,74.94,61.21,110088.0,165132.0,41.19,0.41,801.3,-1.13,25,1.0,237,87.08,6.57,21.31
Ethiopia,2000,91740.0,30.534,67.411494,122.269202606069,85.0806903839111,44.2,76.598071150797,Other/Global,18.5285,16.51,440.35,75.02,61.25,110088.0,165132.0,41.19,0.49,883.6,-0.51,25,1.0,233,88.38,7.83,24.51
Ethiopia,2001,90669.0,30.6423860108048,68.6927476211657,143.104223625326,84.8822326660156,44.2,76.6663752328435,Other/Global,18.4555,16.32,435.21,75.02,61.27,108802.8,163204.2,41.29,0.52,923.7,-0.15,23,1.0,216,86.87,8.11,24.85
Ethiopia,2002,89598.0,30.7507720216096,69.9740012423314,163.939244644584,84.666766166687,44.2,77.301987053241,Other/Global,18.3825,16.13,430.07,75.02,61.28,107517.6,161276.4,41.38,0.39,948.4,0.39,23,1.0,242,86.78,10.04,20.89
Ethiopia,2003,88527.0,30.8591580324144,71.2552548634971,184.774265663841,84.4561462402344,44.2,78.36861445849,Other/Global,18.3095,15.93,424.93,75.02,61.3,106232.4,159348.6,41.48,0.37,1095.1,-0.01,20,1.0,231,88.34,9.15,23.02
Ethiopia,2004,87456.0,30.9675440432192,72.5365084846628,205.609286683099,84.2414093017578,38.7,77.9489835625342,Other/Global,16.1585536311313,15.74,419.79,76.87,62.24,104947.2,157420.8,41.57,0.72,709.6,-1.34,28,1.0,225,87.16,9.54,26.82
Ethiopia,2005,86385.0,31.075930054024,73.8177621058285,226.444307702356,84.017032623291,38.7,78.1207687841057,Other/Global,16.0938359195173,15.55,414.65,76.87,62.26,103662.0,155493.0,41.65,0.58,938.3,-0.45,24,1.0,243,87.12,10.4,26.63
Ethiopia,2006,85314.0,31.1843160648288,75.0990157269942,247.279328721614,83.7851524353027,38.7,77.3834443323027,Other/Global,16.0289636874706,15.36,409.51,76.79,62.24,102376.8,153565.2,41.74,0.7,845.2,-0.34,30,1.0,270,86.17,11.71,21.26
Ethiopia,2007,84243.0,31.2927020756336,76.3802693481599,268.114349740871,83.9051669738098,38.7,76.536932624188,Other/Global,15.9640279304701,15.16,404.37,76.79,62.25,101091.6,151637.4,41.82,0.63,843.0,-0.7,25,1.0,260,87.67,12.08,20.44
Ethiopia,2008,83172.0,31.4010880864384,77.6615229693256,288.949370760129,83.2063293457031,38.7,75.7648202302168,Other/Global,15.9002339512815,14.97,399.23,76.79,62.27,99806.4,149709.6,41.9,0.56,840.4,-0.92,23,1.0,269,86.51,13.3,24.05
Ethiopia,2009,82101.0,31.5094740972432,78.9427765904912,309.784391779386,82.8488998413086,38.7,75.1048734069303,Other/Global,15.8352653925443,14.78,394.08,76.71,62.24,98521.2,147781.8,41.98,0.72,817.4,-0.68,30,1.0,280,85.91,10.65,24.89
Ethiopia,2010,81030.0,31.6178601080481,80.224030211657,330.619412798644,82.5062160491943,29.6,73.8364402777099,Other/Global,15.7708287737324,14.59,388.94,76.71,62.26,97236.0,145854.0,42.06,0.72,1025.0,-0.28,25,1.0,273,89.13,12.28,25.03
Ethiopia,2011,72462.0,31.8877101681132,82.5865806160743,384.077952882647,82.136209487915,29.6,72.7100786949306,Other/Global,15.706088146017,13.04,347.82,75.99,61.84,86954.4,130431.6,41.99,0.6,958.7,-0.65,24,1.0,267,86.12,12.45,24.9
Ethiopia,2012,63894.0,32.1575602281784,84.9491310204917,437.536492966651,81.7938632965088,29.6,72.0855900612962,Other/Global,15.6413077967478,11.5,306.69,75.18,61.35,76672.8,115009.2,41.87,0.45,894.2,-0.65,23,1.0,274,85.46,11.47,24.59
Ethiopia,2013,55326.0,32.4274102882435,87.3116814249091,490.995033050655,81.384485244751,29.6,71.0336414154162,Other/Global,15.5767628847107,9.96,265.56,74.29,60.81,66391.2,99586.8,41.71,0.64,1001.4,0.35,29,1.0,296,87.71,12.38,23.39
Ethiopia,2014,46758.0,32.6972603483087,89.6742318293265,544.453573134659,80.9737129211426,29.6,69.5568173277342,Other/Global,15.5125439694869,8.42,224.44,73.17,60.11,56109.6,84164.4,41.47,0.78,773.4,-0.93,29,1.0,287,87.09,14.43,23.19
Ethiopia,2015,38190.0,32.9671104083739,92.0367822337439,597.912113218663,80.548433303833,23.5,67.9554159374159,Other/Global,15.4478434691779,6.87,183.31,71.88,59.29,45828.0,68742.0,41.14,0.7,789.0,-0.9,24,1.0,253,85.41,14.51,26.28
Ethiopia,2016,38190.0,33.1922378664092,94.7034439660841,644.287887084519,80.1236381530762,23.5,66.4193704213686,Other/Global,15.3828977407906,6.87,183.31,71.96,59.4,45828.0,68742.0,41.33,0.9,721.2,-1.39,29,1.0,289,86.06,14.89,23.53
Ethiopia,2017,38190.0,33.4173653244445,97.3701056984243,690.663660950376,79.6915149688721,23.5,64.7196824024448,Other/Global,15.3182908234333,6.87,183.31,71.96,59.46,45828.0,68742.0,41.51,0.94,839.5,-0.87,31,1.0,306,86.9,15.22,21.87
Ethiopia,2018,38190.0,33.6424927824799,100.036767430764,737.039434816233,79.2161903381348,23.5,63.3660820162746,Other/Global,15.2534899740501,6.87,183.31,72.04,59.57,45828.0,68742.0,41.69,1.03,908.4,-0.71,29,1.0,304,86.29,13.9,25.76
Ethiopia,2019,38190.0,33.8676202405152,102.703429163104,783.41520868209,78.7513294219971,23.5,61.8104146305182,Other/Global,15.1886779997606,6.87,183.31,72.12,59.68,45828.0,68742.0,41.87,1.01,903.6,-0.71,29,1.0,290,86.93,14.76,26.31
Ethiopia,2020,38190.0,34.0927476985506,105.370090895445,829.790982547947,78.3739948272705,23.5,63.6280222831778,Other/Global,15.1239877246579,6.87,183.31,72.12,59.75,45828.0,68742.0,42.04,0.92,907.4,-0.68,26,1.0,298,85.92,15.6,29.86
Faroe Islands,1990,0.0,69.1489971346705,34.1977077363897,20125.7940710069,66.5207366943359,23.1,18.5778506151342,Other/Global,0.0573065902578797,0.0,0.0,0.0,20.74,0.0,0.0,15.0,0.37,787.1,-0.41,18,33.9,313,60.05,8.18,43.27
Faroe Islands,1991,0.0,69.1462034383954,34.0554441260745,20445.4905974813,66.2795829772949,23.1,18.5778506151342,Other/Global,0.0573065902578797,0.0,0.0,0.0,20.74,0.0,0.0,15.0,0.33,964.3,-0.04,19,34.15,355,58.56,8.05,40.54
Faroe Islands,1992,0.0,69.1434097421203,33.9131805157593,20765.1871239558,65.9766120910645,23.1,18.5778506151342,Other/Global,0.0573065902578797,0.0,0.0,0.0,20.74,0.0,0.0,15.0,0.4,919.2,-0.55,21,33.37,356,58.59,9.1,45.62
Faroe Islands,1993,0.0,69.1406160458452,33.7709169054441,21084.8836504302,65.7924194335938,23.1,18.5778506151342,Other/Global,0.0573065902578797,0.0,0.0,0.0,20.74,0.0,0.0,15.0,0.36,958.6,-0.28,19,37.14,364,58.55,10.37,43.07
Faroe Islands,1994,0.0,69.1378223495702,33.6286532951289,21404.5801769047,66.0663528442383,23.1,18.5778506151342,Other/Global,0.0573065902578797,0.0,0.0,0.0,20.74,0.0,0.0,15.0,0.41,748.6,-1.43,18,35.36,357,58.62,7.96,42.84
Faroe Islands,1995,0.0,69.1350286532951,33.4863896848137,21724.2767033792,65.6211318969727,23.1,18.5778506151342,Other/Global,0.0573065902578797,0.0,0.0,0.0,20.74,0.0,0.0,15.0,0.37,924.9,0.4,18,34.37,345,59.64,9.56,40.83
Faroe Islands,1996,0.0,69.13223495702,33.3441260744985,22043.9732298536,65.1102485656738,23.1,18.5778506151342,Other/Global,0.0573065902578797,0.0,0.0,0.0,20.74,0.0,0.0,15.0,0.4,805.0,-0.38,22,33.54,366,60.74,9.99,44.17
Faroe Islands,1997,0.0,69.129441260745,33.2018624641833,22363.6697563281,64.8148994445801,23.1,18.5778506151342,Other/Global,0.0573065902578797,0.0,0.0,0.0,20.74,0.0,0.0,15.0,0.53,868.2,-0.78,20,33.75,341,58.47,9.85,43.45
Faroe Islands,1998,0.0,69.1266475644699,33.0595988538681,22683.3662828025,64.536563873291,23.1,18.5778506151342,Other/Global,0.0573065902578797,0.0,0.0,0.0,20.74,0.0,0.0,15.0,0.26,942.7,-0.15,17,36.79,394,58.12,11.29,43.29
Faroe Islands,1999,0.0,69.1238538681948,32.9173352435529,23003.062809277,64.3284301757812,23.1,18.5778506151342,Other/Global,0.0573065902578797,0.0,0.0,0.0,20.74,0.0,0.0,15.0,0.24,907.3,-0.36,17,37.68,398,59.78,13.65,45.0
Faroe Islands,2000,0.0,69.1210601719198,32.7750716332378,23322.7593357515,64.3013229370117,23.1,18.5778506151342,Other/Global,0.0573065902578797,0.0,0.0,0.0,20.74,0.0,0.0,15.0,0.51,831.9,-0.17,20,37.18,408,57.08,11.04,45.23
Faroe Islands,2001,0.0,69.1140401146132,32.983022922636,25782.7985559262,64.0657844543457,23.1,18.5778506151342,Other/Global,0.0573065902578797,0.0,0.0,0.0,20.73,0.0,0.0,15.0,0.42,900.5,-0.76,21,37.31,395,55.75,13.03,43.76
Faroe Islands,2002,0.0,69.1070200573066,33.1909742120343,28242.837776101,64.0634574890137,23.1,18.5778506151342,Other/Global,0.0573065902578797,0.0,0.0,0.0,20.73,0.0,0.0,15.0,0.45,777.5,-0.73,20,37.29,390,58.2,12.46,44.2
Faroe Islands,2003,0.0,69.1,33.3989255014326,30702.8769962757,63.8723526000977,23.1,18.5778506151342,Other/Global,0.0573065902578797,0.0,0.0,0.0,20.73,0.0,0.0,15.0,0.66,992.0,-0.25,23,38.93,415,54.32,12.6,43.82
Faroe Islands,2004,0.0,69.0929799426934,33.6068767908309,33162.9162164505,63.682014465332,23.1,18.5778506151342,Other/Global,0.0573065902578797,0.0,0.0,0.0,20.73,0.0,0.0,15.0,0.6,883.6,-0.29,22,37.43,417,55.82,14.3,46.48
Faroe Islands,2005,0.0,69.0859598853868,33.8148280802292,35622.9554366253,63.6679420471191,23.1,18.5778506151342,Other/Global,0.0573065902578797,0.0,0.0,0.0,20.73,0.0,0.0,15.0,0.84,989.5,-0.4,27,38.96,398,56.31,15.76,41.33
Faroe Islands,2006,0.0,69.0789398280802,34.0227793696274,38082.9946568,63.5415802001953,23.1,18.5778506151342,Other/Global,0.0573065902578797,0.0,0.0,0.0,20.72,0.0,0.0,15.0,0.78,857.9,-1.29,30,39.53,420,55.95,16.61,40.98
Faroe Islands,2007,0.0,69.0719197707736,34.2307306590257,40543.0338769748,63.7070121765137,23.1,18.5778506151342,Other/Global,0.0573065902578797,0.0,0.0,0.0,20.72,0.0,0.0,15.0,0.68,858.1,-0.76,23,40.66,434,55.59,18.46,40.78
Faroe Islands,2008,0.0,69.064899713467,34.438681948424,43003.0730971495,63.5320777893066,23.1,18.5778506151342,Other/Global,0.0573065902578797,0.0,0.0,0.0,20.72,0.0,0.0,15.0,0.88,838.9,-1.2,27,38.97,433,58.95,18.01,44.2
Faroe Islands,2009,0.0,69.0578796561605,34.6466332378223,45463.1123173243,63.1111907958984,23.1,18.5778506151342,Other/Global,0.0573065902578797,0.0,0.0,0.0,20.72,0.0,0.0,15.0,0.63,970.1,-0.25,23,39.09,425,56.34,18.55,42.94
Faroe Islands,2010,0.0,69.0508595988539,34.8545845272206,47923.1515374991,62.7463073730469,23.1,18.5778506151342,Other/Global,0.0573065902578797,0.0,0.0,0.0,20.72,0.0,0.0,15.0,0.71,843.2,-0.33,21,41.07,451,54.46,19.95,40.96
Faroe Islands,2011,0.0,69.0541547277937,34.8892550143266,48865.9593005307,62.7024040222168,23.1,18.5778506151342,Other/Global,0.0573065902578797,0.0,0.0,0.0,20.72,0.0,0.0,15.0,0.67,951.6,-0.89,24,41.7,434,54.03,20.01,42.79
Faroe Islands,2012,0.0,69.0574498567335,34.9239255014326,49808.7670635624,62.6755027770996,23.1,18.5778506151342,Other/Global,0.0573065902578797,0.0,0.0,0.0,20.72,0.0,0.0,15.0,0.76,869.4,-0.95,25,41.79,482,54.2,20.31,47.5
Faroe Islands,2013,0.0,69.0607449856733,34.9585959885386,50751.574826594,62.2585182189941,23.1,18.5778506151342,Other/Global,0.0573065902578797,0.0,0.0,0.0,20.72,0.0,0.0,15.0,0.81,741.9,-1.34,30,38.12,431,55.31,20.71,44.04
Faroe Islands,2014,0.0,69.0640401146131,34.9932664756446,51694.3825896257,62.0906105041504,23.1,18.5778506151342,Other/Global,0.0573065902578797,0.0,0.0,0.0,20.72,0.0,0.0,15.0,0.75,854.4,-0.87,25,43.09,471,54.71,21.88,46.14
Faroe Islands,2015,0.0,69.067335243553,35.0279369627507,52637.1903526574,61.8568496704102,23.1,18.5778506151342,Other/Global,0.0573065902578797,0.0,0.0,0.0,20.72,0.0,0.0,15.0,0.75,805.7,-0.69,24,46.85,475,52.33,22.32,40.59
Faroe Islands,2016,0.0,69.3197539927926,35.7185428352078,54558.3903933524,61.6799774169922,23.1,18.5778506151342,Other/Global,0.0573065902578797,0.0,0.0,0.0,20.8,0.0,0.0,15.0,0.92,902.7,-0.78,24,44.77,480,53.61,22.35,43.96
Faroe Islands,2017,0.0,69.5721727420322,36.409148707665,56479.5904340474,61.6675300598145,23.1,18.5778506151342,Other/Global,0.0573065902578797,0.0,0.0,0.0,20.87,0.0,0.0,15.0,0.89,804.8,-0.9,29,40.86,449,56.09,24.39,44.59
Faroe Islands,2018,0.0,69.8245914912718,37.0997545801222,58400.7904747424,61.5941162109375,23.1,18.5778506151342,Other/Global,0.0573065902578797,0.0,0.0,0.0,20.95,0.0,0.0,15.0,1.15,974.1,-0.86,30,43.59,497,54.31,24.57,45.13
Faroe Islands,2019,0.0,70.0770102405114,37.7903604525794,60321.9905154374,61.6054344177246,23.1,18.5778506151342,Other/Global,0.0573065902578797,0.0,0.0,0.0,21.02,0.0,0.0,15.0,1.01,892.7,-0.76,28,44.3,475,51.46,25.34,43.43
Faroe Islands,2020,0.0,70.3294289897511,38.4809663250366,62243.1905561324,61.3310012817383,23.1,18.5778506151342,Other/Global,0.0585651537335286,0.0,0.0,0.0,21.1,0.0,0.0,15.0,0.97,885.8,-0.59,28,44.47,492,52.62,24.51,46.09
Finland,1990,9500.0,7.85646278604025,16.3709609639187,28366.204276071,36.1227798461914,11.0,8.89770424825711,Other/Global,71.818936931613,1.71,45.6,20.79,24.44,11400.0,17100.0,29.74,0.28,951.3,-0.27,18,1.0,203,92.2,8.34,6.59
Finland,1991,11001.0,7.79900850323385,16.4332670146754,27963.1760992904,36.0298156738281,11.0,8.89770424825711,Other/Global,72.0061755146262,1.98,52.8,21.03,24.73,13201.2,19801.8,29.99,0.23,975.8,0.3,16,1.0,197,94.15,10.29,5.76
Finland,1992,12502.0,7.74155422042746,16.4955730654322,27560.1479225099,35.9045257568359,11.0,9.02460825903487,Other/Global,72.1934140976394,2.25,60.01,21.11,24.91,15002.4,22503.6,30.21,0.32,896.9,-0.25,21,1.0,173,94.27,10.23,5.0
Finland,1993,14003.0,7.68409993762106,16.5578791161889,27157.1197457294,35.7479705810547,11.0,8.90512988945113,Other/Global,72.3806526806527,2.52,67.21,21.27,25.12,16803.6,25205.4,30.41,0.53,836.6,-0.32,21,1.0,230,92.02,8.58,5.0
Finland,1994,15504.0,7.62664565481467,16.6201851669457,26754.0915689489,35.5106048583984,11.0,8.73406279687889,Other/Global,72.5678912636659,2.79,74.42,21.35,25.27,18604.8,27907.2,30.59,0.4,756.2,-0.86,19,1.0,220,91.35,10.3,5.0
Finland,1995,17005.0,7.56919137200827,16.6824912177025,26351.0633921684,35.1940612792969,11.0,7.75768787570995,Other/Global,72.7551298466791,3.06,81.62,21.35,25.37,20406.0,30609.0,30.75,0.36,843.1,-0.36,21,1.0,195,92.75,11.12,5.0
Finland,1996,18506.0,7.51173708920188,16.7447972684592,25948.0352153879,34.7901777698678,11.0,7.89308521186008,Other/Global,72.9423684296924,3.33,88.83,21.43,25.5,22207.2,33310.8,30.9,0.46,848.4,-0.55,19,1.0,196,92.19,9.85,5.17
Finland,1997,20007.0,7.45428280639548,16.807103319216,25545.0070386074,34.3206023945328,11.0,7.77801053401623,Other/Global,73.1296070127056,3.6,96.03,21.43,25.59,24008.4,36012.6,31.04,0.48,906.2,-0.39,20,1.0,223,92.49,11.8,5.0
Finland,1998,21508.0,7.39682852358909,16.8694093699727,25141.9788618269,33.8212857924873,11.0,7.11355108119552,Other/Global,73.3168455957188,3.87,103.24,21.43,25.66,25809.6,38714.4,31.17,0.43,869.8,-0.37,21,1.0,230,94.06,11.35,6.13
Finland,1999,23009.0,7.33937424078269,16.9317154207295,24738.9506850464,33.3281786029267,11.0,6.38062926236145,Other/Global,73.5040841787321,4.14,110.44,21.43,25.73,27610.8,41416.2,31.3,0.45,952.3,-0.02,19,1.0,232,92.94,12.84,7.07
Finland,2000,24510.0,7.2819199579763,16.9940214714863,24335.9225082659,32.8772314650461,11.0,6.20808025406405,Other/Global,73.6913227617453,4.41,117.65,21.43,25.79,29412.0,44118.0,31.42,0.33,848.0,-0.81,19,1.0,260,92.05,11.85,5.0
Finland,2001,24143.0,7.3078905156502,17.0594603904778,26552.9594476049,32.5017607178042,11.0,5.83702705607829,Other/Global,73.6244656751699,4.35,115.89,21.43,25.78,28971.6,43457.4,31.41,0.33,892.5,0.14,22,1.0,217,91.83,11.51,6.52
Finland,2002,23776.0,7.33386107332411,17.1248993094694,28769.996386944,32.2048358430801,11.0,5.5269850977034,Other/Global,73.5576085885945,4.28,114.12,21.43,25.77,28531.2,42796.8,31.4,0.63,991.9,-0.76,24,1.0,249,90.89,13.8,5.38
Finland,2003,23409.0,7.35983163099802,17.1903382284609,30987.0333262831,31.9574450873142,11.0,5.27649773447702,Other/Global,73.4907515020191,4.21,112.36,21.51,25.8,28090.8,42136.2,31.39,0.55,924.5,-0.56,22,1.0,259,93.28,13.19,5.0
Finland,2004,23042.0,7.38580218867192,17.2557771474525,33204.0702656221,31.7233403232867,11.7,5.00905293382425,Other/Global,73.4238944154437,4.15,110.6,21.51,25.79,27650.4,41475.6,31.38,0.62,892.4,-0.55,22,1.0,262,92.94,14.34,7.28
Finland,2005,22675.0,7.41177274634583,17.321216066444,35421.1072049612,31.4859470482396,12.6,4.91830309314547,Other/Global,73.3570373288683,4.08,108.84,21.51,25.77,27210.0,40815.0,31.37,0.8,849.1,-0.69,27,1.0,270,93.27,14.06,5.0
Finland,2006,22308.0,7.43774330401974,17.3866549854356,37638.1441443003,31.2411720150673,13.0,4.82035730873287,Other/Global,73.4058597218112,4.02,107.08,21.43,25.72,26769.6,40154.4,31.36,0.77,846.7,-0.32,28,1.0,261,92.57,15.58,10.64
Finland,2007,21941.0,7.46371386169364,17.4520939044271,39855.1810836393,30.9799622683037,13.6,4.60777728929758,Other/Global,73.3437206090302,3.95,105.32,21.43,25.71,26329.2,39493.8,31.35,0.76,829.3,-1.4,26,1.0,267,91.32,18.01,7.85
Finland,2008,21574.0,7.48968441936755,17.5175328234187,42072.2180229784,30.7056327803639,13.8,4.38830488114745,Other/Global,73.3225666337611,3.88,103.56,21.43,25.69,25888.8,38833.2,31.33,0.88,854.1,-1.01,30,1.0,262,92.64,17.77,5.25
Finland,2009,21207.0,7.51565497704146,17.5829717424102,44289.2549623175,30.453740033053,13.1,4.57888326965378,Other/Global,73.2555577492596,3.82,101.79,21.43,25.68,25448.4,38172.6,31.32,0.63,957.9,-0.95,26,1.0,248,93.94,18.18,5.54
Finland,2010,20840.0,7.54162553471537,17.6484106614018,46506.2919016566,30.2144201203053,13.7,4.56806407299099,Other/Global,73.1885488647581,3.75,100.03,21.51,25.7,25008.0,37512.0,31.31,0.73,879.7,-0.64,26,1.0,279,92.63,18.37,5.0
Finland,2011,20656.0,7.5294012470938,17.7247507067398,45717.1026566673,29.9416738125748,13.2,4.34595377620296,Other/Global,73.3008654447333,3.72,99.15,21.35,25.61,24787.2,37180.8,31.31,0.65,789.5,-0.81,25,1.0,271,94.54,19.5,9.07
Finland,2012,20472.0,7.51717695947224,17.8010907520778,44927.913411678,29.6338636831288,11.8,4.15175729634845,Other/Global,73.4107736351969,3.68,98.27,21.27,25.55,24566.4,36849.6,31.31,0.68,1039.0,0.4,24,1.0,270,92.87,19.42,5.0
Finland,2013,20288.0,7.50495267185067,17.8774307974158,44138.7241666888,29.3257881840723,12.8,4.09445097291296,Other/Global,73.5206818256606,3.65,97.38,21.19,25.5,24345.6,36518.4,31.31,0.81,923.2,-0.53,26,1.0,290,94.93,21.77,5.63
Finland,2014,20104.0,7.49272838422911,17.9537708427538,43349.5349216995,29.0120831059247,12.4,4.16011959654943,Other/Global,73.6305900161243,3.62,96.5,21.03,25.4,24124.8,36187.2,31.32,0.78,785.0,-0.69,29,1.0,295,95.04,20.14,5.0
Finland,2015,19920.0,7.48050409660755,18.0301108880919,42560.3456767103,28.6945069959396,11.6,4.32924518445834,Other/Global,73.7356454213418,3.59,95.62,20.95,25.35,23904.0,35856.0,31.32,0.86,862.3,-0.64,27,1.0,281,91.5,20.75,6.46
Finland,2016,15936.0,7.47811914225939,18.0626640871926,43814.0134786242,28.3841616571829,11.5,3.90367829459258,Other/Global,73.7356454213418,2.87,76.49,20.47,24.82,19123.2,28684.8,30.96,0.97,907.0,-0.88,26,1.0,298,91.8,20.44,5.47
Finland,2017,11952.0,7.47573418791123,18.0952172862933,45067.6812805381,28.0436961687044,12.0,3.74237659162459,Other/Global,73.7332192682285,2.15,57.37,19.9,24.17,14342.4,21513.6,30.49,0.92,1034.9,-0.71,30,1.0,297,92.03,21.51,5.0
Finland,2018,7968.0,7.47334923356307,18.127770485394,46321.349082452,27.6576532259657,11.6,3.46639460756851,Other/Global,73.7332192682285,1.43,38.25,19.02,23.21,9561.6,14342.4,29.83,0.92,810.4,-0.95,28,1.0,305,90.53,22.46,6.38
Finland,2019,3984.0,7.4709642792149,18.1603236844947,47575.0168843659,27.2568785641686,12.2,3.67175341585656,Other/Global,73.7307932747672,0.72,19.12,17.57,21.6,4780.8,7171.2,28.69,0.92,977.6,-0.92,25,1.0,324,93.14,21.92,8.43
Finland,2020,0.0,7.46857932486675,18.1928768835954,48828.6846862799,26.9150560208327,10.8,3.71764921514363,Other/Global,73.7283674409423,0.0,0.0,0.0,2.24,0.0,0.0,15.0,0.84,1012.0,0.09,25,1.0,315,93.11,23.7,5.49
Gabon,1990,12510.0,7.78274537198743,3.81780572049521,6050.71468999523,30.7218281413221,33.4,43.562366913595,Other/Global,92.2172546280126,2.25,60.05,5.88,17.31,15012.0,22518.0,25.55,0.43,848.2,-0.57,20,1.0,209,92.73,5.51,5.0
Gabon,1991,12641.0,7.80665968098731,3.93106609228858,5843.9338410885,29.3303646093828,33.4,43.562366913595,Other/Global,92.1933403190127,2.28,60.68,5.96,17.37,15169.2,22753.8,25.64,0.25,876.3,0.08,16,1.0,194,91.03,3.94,5.73
Gabon,1992,12772.0,7.83057398998719,4.04432646408196,5637.15299218178,28.0537413554431,33.4,43.7901673982216,Other/Global,92.1694260100128,2.3,61.31,5.96,17.39,15326.4,22989.6,25.73,0.38,815.6,-0.73,21,1.0,200,94.4,6.76,5.0
Gabon,1993,12903.0,7.85448829898707,4.15758683587534,5430.37214327506,26.954381198743,33.4,43.4699799730249,Other/Global,92.1455117010129,2.32,61.93,5.96,17.41,15483.6,23225.4,25.81,0.41,882.2,-0.31,21,1.0,221,90.23,6.85,5.0
Gabon,1994,13034.0,7.87840260798696,4.27084720766872,5223.59129436833,25.975636276137,33.4,42.6123898597292,Other/Global,92.121597392013,2.35,62.56,6.04,17.47,15640.8,23461.2,25.9,0.47,895.5,-0.33,23,1.0,194,90.89,6.99,5.0
Gabon,1995,13165.0,7.90231691698684,4.3841075794621,5016.81044546161,25.0106449122488,33.4,41.493137262466,Other/Global,92.0976830830132,2.37,63.19,6.04,17.49,15798.0,23697.0,25.98,0.51,951.2,-0.25,21,1.0,216,93.54,6.64,6.47
Gabon,1996,13296.0,7.92623122598672,4.49736795125548,4810.02959655489,24.0578956619653,33.4,40.5477273664905,Other/Global,92.0737687740133,2.39,63.82,6.04,17.51,15955.2,23932.8,26.06,0.48,985.6,-0.23,21,1.0,213,92.85,9.47,5.0
Gabon,1997,13427.0,7.95014553498661,4.61062832304886,4603.24874764816,23.1206205121902,33.4,39.6137218695483,Other/Global,92.0498544650134,2.42,64.45,6.12,17.57,16112.4,24168.6,26.14,0.34,838.5,-0.36,18,1.0,226,91.73,7.38,7.08
Gabon,1998,13558.0,7.97405984398649,4.72388869484224,4396.46789874144,22.2020514498277,33.4,38.9892233370494,Other/Global,92.0259401560135,2.44,65.08,6.12,17.59,16269.6,24404.4,26.22,0.36,741.0,-1.1,22,1.0,228,92.52,5.81,6.74
Gabon,1999,13689.0,7.99797415298637,4.83714906663562,4189.68704983472,21.3054204617817,33.4,39.6929862343435,Other/Global,92.0020258470136,2.46,65.71,6.12,17.61,16426.8,24640.2,26.3,0.39,896.7,-0.69,21,1.0,237,92.61,8.96,5.0
Gabon,2000,13820.0,8.02188846198626,4.950409438429,3982.906200928,20.4339595349562,33.4,39.6527058855062,Other/Global,91.9781115380137,2.49,66.34,6.12,17.63,16584.0,24876.0,26.38,0.37,921.8,0.15,20,1.0,246,93.86,8.79,6.12
Gabon,2001,13842.0,8.04152210191329,5.12284200721853,4420.29024284854,19.5909006562552,33.4,39.3880950293679,Other/Global,91.9584778980867,2.49,66.44,6.2,17.68,16610.4,24915.6,26.48,0.57,918.3,-0.18,25,1.0,257,90.98,8.19,7.54
Gabon,2002,13864.0,8.06115574184033,5.29527457600807,4857.67428476909,18.7794758125826,33.4,39.3703961822495,Other/Global,91.9388442581597,2.5,66.55,6.2,17.69,16636.8,24955.2,26.57,0.55,872.2,-0.51,22,1.0,261,92.78,9.59,5.0
Gabon,2003,13886.0,8.08078938176737,5.46770714479761,5295.05832668963,18.0029169908426,33.4,39.1020270392449,Other/Global,91.9192106182326,2.5,66.65,6.2,17.69,16663.2,24994.8,26.67,0.64,908.3,0.02,25,1.0,246,93.72,10.18,7.69
Gabon,2004,13908.0,8.10042302169441,5.64013971358714,5732.44236861018,17.2644561779389,33.4,38.8680233319272,Other/Global,91.8995769783056,2.5,66.76,6.2,17.7,16689.6,25034.4,26.76,0.7,1019.6,-0.24,23,1.0,244,91.23,10.08,5.58
Gabon,2005,13930.0,8.12005666162145,5.81257228237668,6169.82641053072,16.5673253607757,33.4,38.4080565616306,Other/Global,91.8799433383785,2.51,66.86,6.2,17.71,16716.0,25074.0,26.85,0.79,928.9,-0.14,23,1.0,244,92.36,11.21,5.0
Gabon,2006,13952.0,8.13969030154849,5.98500485116622,6607.21045245127,15.9147565262569,33.4,38.5520246306491,Other/Global,91.8603096984515,2.51,66.97,6.29,17.76,16742.4,25113.6,26.94,0.74,868.5,-0.64,25,1.0,255,92.34,11.86,6.94
Gabon,2007,13974.0,8.15932394147553,6.15743741995575,7044.59449437181,15.3099816612864,33.4,37.7720443003185,Other/Global,91.8406760585245,2.52,67.08,6.29,17.77,16768.8,25153.2,27.03,0.62,858.3,-0.94,24,1.0,248,90.47,11.98,5.0
Gabon,2008,13996.0,8.17895758140257,6.32986998874529,7481.97853629235,14.7562327527684,33.4,37.7588070905493,Other/Global,91.8210424185974,2.52,67.18,6.29,17.78,16795.2,25192.8,27.11,0.74,884.7,-0.09,28,1.0,274,92.76,11.72,8.1
Gabon,2009,14018.0,8.19859122132961,6.50230255753483,7919.3625782129,14.2567417876068,33.4,37.5939627763557,Other/Global,91.8014087786704,2.52,67.29,6.29,17.79,16821.6,25232.4,27.2,0.63,1029.3,0.22,23,1.0,286,92.82,13.28,5.0
Gabon,2010,14040.0,8.21822486125665,6.67473512632437,8356.74662013345,13.8147407527055,33.4,36.3373611863167,Other/Global,91.7817751387434,2.53,67.39,6.29,17.79,16848.0,25272.0,27.28,0.61,883.7,-0.58,24,1.0,251,94.19,12.06,7.99
Gabon,2011,13376.0,8.24589280863119,6.9239764039275,8094.82260537547,13.4334616349685,33.4,35.1315994604524,Other/Global,91.7356618931191,2.41,64.2,6.37,17.78,16051.2,24076.8,27.33,0.69,896.8,-0.34,23,1.0,277,92.36,14.02,5.83
Gabon,2012,12712.0,8.27356075600574,7.17321768153064,7832.89859061749,13.1161364212999,33.4,34.1705185807717,Other/Global,91.6895486474949,2.29,61.02,6.37,17.72,15254.4,22881.6,27.37,0.75,859.9,-0.85,23,1.0,304,92.91,14.28,6.84
Gabon,2013,12048.0,8.30122870338029,7.42245895913377,7570.97457585951,12.8517519328363,33.4,33.1848722491338,Other/Global,91.6434354018706,2.17,57.83,6.37,17.66,14457.6,21686.4,27.41,0.69,986.5,-0.01,26,1.0,262,94.14,14.2,5.0
Gabon,2014,11384.0,8.32889665075484,7.67170023673691,7309.05056110153,12.3763982037031,33.4,32.3998992097489,Other/Global,91.5973221562464,2.05,54.64,6.29,17.56,13660.8,20491.2,27.44,0.77,1055.4,-0.82,27,1.0,310,91.6,14.31,6.25
Gabon,2015,10720.0,8.35656459812939,7.92094151434005,7047.12654634355,11.914691616108,33.4,31.7403174433233,Other/Global,91.5512089106221,1.93,51.46,6.29,17.49,12864.0,19296.0,27.45,0.95,934.8,-0.95,26,1.0,278,90.94,14.07,5.0
Gabon,2016,10720.0,8.35656459812939,8.13947685023479,6958.86192922997,11.4554116593822,33.4,31.2569770864613,Other/Global,91.5051034268638,1.93,51.46,6.37,17.53,12864.0,19296.0,27.54,0.9,905.3,-0.41,26,1.0,286,92.51,15.0,5.94
Gabon,2017,10720.0,8.35656459812939,8.35801218612954,6870.59731211639,10.9990266743104,33.4,30.8807712368927,Other/Global,91.4589979431055,1.93,51.46,6.37,17.53,12864.0,19296.0,27.62,1.15,901.7,-0.99,33,1.0,307,92.12,15.14,5.0
Gabon,2018,10720.0,8.35656459812939,8.57654752202429,6782.33269500281,10.5460050018134,33.4,30.4796739141854,Other/Global,91.4128924593472,1.93,51.46,6.45,17.57,12864.0,19296.0,27.7,1.03,708.0,-1.4,27,1.0,309,92.25,15.35,7.02
Gabon,2019,10720.0,8.35656459812939,8.79508285791904,6694.06807788923,10.0968149829606,33.4,30.0,Other/Global,91.3667869755889,1.93,51.46,6.45,17.57,12864.0,19296.0,27.78,0.86,958.3,-0.9,27,1.0,304,91.85,15.56,5.0
Gabon,2020,10720.0,8.35656459812939,9.01361819381379,6605.80346077565,9.6519249589853,33.4,30.2531521986744,Other/Global,91.3206814918306,1.93,51.46,6.53,17.61,12864.0,19296.0,27.86,1.06,909.4,-0.26,32,1.0,297,91.35,17.94,5.0
Gambia,1990,5690.0,57.5098814229249,104.218972332016,300.639895740381,39.0452192448637,23.1,18.5778506151342,Other/Global,28.6435234422283,1.02,27.31,49.72,53.14,6828.0,10242.0,37.1,0.3,933.6,0.23,18,1.0,185,81.19,5.16,37.43
Gambia,1991,5700.0,56.7588932806324,108.175375494071,324.381313401228,39.0452192448637,23.1,18.5778506151342,Other/Global,28.6435234422283,1.03,27.36,49.72,52.92,6840.0,10260.0,37.31,0.44,842.4,-0.6,20,1.0,206,80.24,6.88,39.87
Gambia,1992,5710.0,56.0079051383399,112.131778656126,348.122731062075,39.0452192448637,23.1,18.5778506151342,Other/Global,28.6435234422283,1.03,27.41,49.72,52.7,6852.0,10278.0,37.52,0.45,868.6,-0.59,21,1.0,208,83.14,5.5,37.56
Gambia,1993,5720.0,55.2569169960474,116.088181818181,371.864148722922,39.0452192448637,23.1,18.5778506151342,Other/Global,28.6435234422283,1.03,27.46,49.72,52.47,6864.0,10296.0,37.72,0.42,866.4,-0.14,20,1.0,202,79.39,6.27,38.9
Gambia,1994,5730.0,54.5059288537549,120.044584980237,395.60556638377,39.0452192448637,23.1,18.5778506151342,Other/Global,28.6435234422283,1.03,27.5,49.72,52.25,6876.0,10314.0,37.92,0.35,981.0,0.58,20,1.0,214,83.23,6.02,38.1
Gambia,1995,5740.0,53.7549407114624,124.000988142292,419.346984044617,39.0452192448637,23.1,18.5778506151342,Other/Global,28.6435234422283,1.03,27.55,49.8,52.07,6888.0,10332.0,38.11,0.42,869.0,-0.15,20,1.0,225,81.36,7.67,36.45
Gambia,1996,5750.0,53.0039525691699,127.957391304347,443.088401705464,39.0452192448637,23.1,18.5778506151342,Other/Global,28.6435234422283,1.03,27.6,49.8,51.85,6900.0,10350.0,38.29,0.35,1065.9,0.92,21,1.0,241,81.22,6.81,37.47
Gambia,1997,5760.0,52.2529644268774,131.913794466403,466.829819366312,39.0452192448637,23.1,18.5778506151342,Other/Global,28.6435234422283,1.04,27.65,49.8,51.62,6912.0,10368.0,38.48,0.34,933.8,-0.44,19,1.0,231,80.07,8.01,36.81
Gambia,1998,5770.0,51.5019762845849,135.870197628458,490.571237027159,39.0452192448637,23.1,18.5778506151342,Other/Global,28.6435234422283,1.04,27.7,49.8,51.4,6924.0,10386.0,38.65,0.42,797.3,-0.92,22,1.0,229,80.78,7.76,39.68
Gambia,1999,5780.0,50.7509881422924,139.826600790513,514.312654688006,39.0452192448637,23.1,18.5778506151342,Other/Global,28.6435234422283,1.04,27.74,49.8,51.18,6936.0,10404.0,38.83,0.5,889.0,-0.79,24,1.0,223,83.27,9.47,39.76
Gambia,2000,5790.0,50.0,143.783003952569,538.054072348854,39.0452192448637,23.1,18.5778506151342,Other/Global,28.6435234422283,1.04,27.79,49.8,50.95,6948.0,10422.0,39.0,0.43,847.2,-0.39,21,1.0,228,78.75,8.0,34.59
Gambia,2001,5790.0,51.3636363636363,148.442549407114,564.352002385422,39.0452192448637,23.1,18.5778506151342,Other/Global,28.6435234422283,1.04,27.79,49.8,51.36,6948.0,10422.0,39.19,0.35,723.8,-0.81,18,1.0,245,79.45,9.68,38.67
Gambia,2002,5790.0,52.7272727272727,153.10209486166,590.64993242199,39.0452192448637,23.1,18.5778506151342,Other/Global,28.6435234422283,1.04,27.79,49.8,51.77,6948.0,10422.0,39.38,0.54,1027.3,-0.05,20,1.0,250,79.33,9.06,38.77
Gambia,2003,5790.0,54.090909090909,157.761640316205,616.947862458558,39.0452192448637,23.1,18.5778506151342,Other/Global,28.6435234422283,1.04,27.79,49.8,52.18,6948.0,10422.0,39.56,0.67,955.6,-0.11,23,1.0,246,82.33,8.86,38.63
Gambia,2004,5790.0,55.4545454545454,162.421185770751,643.245792495126,39.0452192448637,23.1,18.5778506151342,Other/Global,28.6435234422283,1.04,27.79,49.8,52.59,6948.0,10422.0,39.74,0.59,942.0,0.04,23,1.0,266,81.4,9.88,41.73
Gambia,2005,5790.0,56.8181818181818,167.080731225296,669.543722531695,39.0452192448637,23.1,18.5778506151342,Other/Global,28.6435234422283,1.04,27.79,49.8,53.0,6948.0,10422.0,39.92,0.68,912.5,-0.96,26,1.0,257,79.03,8.5,43.43
Gambia,2006,5790.0,58.1818181818181,171.740276679842,695.841652568263,39.0452192448637,23.1,18.5778506151342,Other/Global,28.6435234422283,1.04,27.79,49.8,53.41,6948.0,10422.0,40.09,0.72,788.7,-1.13,24,1.0,252,79.34,11.43,38.22
Gambia,2007,5790.0,59.5454545454545,176.399822134387,722.139582604831,39.0452192448637,23.1,18.5778506151342,Other/Global,28.6435234422283,1.04,27.79,49.8,53.82,6948.0,10422.0,40.26,0.66,860.6,-0.41,22,1.0,253,79.72,11.6,46.6
Gambia,2008,5790.0,60.9090909090908,181.059367588933,748.437512641399,39.0452192448637,23.1,18.5778506151342,Other/Global,28.6435234422283,1.04,27.79,49.8,54.23,6948.0,10422.0,40.43,0.76,966.6,-0.53,29,1.0,256,80.45,12.97,47.06
Gambia,2009,5790.0,62.2727272727272,185.718913043478,774.735442677967,39.0452192448637,23.1,18.5778506151342,Other/Global,28.6435234422283,1.04,27.79,49.8,54.63,6948.0,10422.0,40.59,0.67,815.2,-1.06,26,1.0,277,77.67,11.07,46.64
Gambia,2010,5790.0,63.6363636363636,190.378458498024,801.033372714536,39.0452192448637,23.1,18.5778506151342,Other/Global,28.6435234422283,1.04,27.79,49.8,55.04,6948.0,10422.0,40.75,0.69,696.8,-0.92,23,1.0,264,78.7,11.63,45.99
Gambia,2011,5790.0,63.6363636363636,196.265790513834,764.733971030921,39.0452192448637,23.1,18.5778506151342,Other/Global,28.6435234422283,1.04,27.79,49.8,55.04,6948.0,10422.0,40.94,0.57,881.1,-0.91,22,1.0,279,78.13,11.58,49.02
Gambia,2012,5790.0,63.6363636363636,202.153122529644,728.434569347306,39.0452192448637,23.1,18.5778506151342,Other/Global,28.6435234422283,1.04,27.79,49.8,55.04,6948.0,10422.0,41.14,0.62,888.0,-0.63,22,1.0,268,78.42,13.26,47.02
Gambia,2013,5790.0,63.6363636363636,208.040454545454,692.13516766369,39.0452192448637,23.1,18.5778506151342,Other/Global,28.6435234422283,1.04,27.79,49.8,55.04,6948.0,10422.0,41.32,0.75,910.2,-0.47,24,1.0,282,77.47,13.01,51.17
Gambia,2014,5790.0,63.6363636363636,213.927786561264,655.835765980076,39.0452192448637,23.1,18.5778506151342,Other/Global,28.6435234422283,1.04,27.79,49.8,55.04,6948.0,10422.0,41.51,0.71,957.6,-0.55,23,1.0,287,78.79,13.06,50.72
Gambia,2015,5790.0,63.6363636363636,219.815118577075,619.536364296461,39.0452192448637,23.1,18.5778506151342,Other/Global,28.6435234422283,1.04,27.79,49.8,55.04,6948.0,10422.0,41.69,0.95,950.3,-0.36,28,1.0,327,77.6,14.41,49.26
Gambia,2016,6018.0,63.4387351778655,225.57013833992,639.696120107595,39.0452192448637,23.1,18.5778506151342,Other/Global,28.6435234422283,1.08,28.89,50.04,55.15,7221.6,10832.4,41.98,0.85,920.0,-0.78,26,1.0,275,78.7,15.36,47.78
Gambia,2017,6246.0,63.2411067193675,231.325158102766,659.855875918729,39.0452192448637,23.1,18.5778506151342,Other/Global,28.6435234422283,1.12,29.98,50.28,55.26,7495.2,11242.8,42.27,0.96,994.9,-0.03,31,1.0,310,80.51,14.94,50.55
Gambia,2018,6474.0,63.0434782608695,237.080177865612,680.015631729864,39.0452192448637,23.1,18.5778506151342,Other/Global,28.6435234422283,1.17,31.08,50.44,55.33,7768.8,11653.2,42.55,1.06,777.7,-1.29,33,1.0,290,79.94,14.86,51.31
Gambia,2019,6702.0,62.8458498023715,242.835197628458,700.175387540998,39.0452192448637,23.1,18.5778506151342,Other/Global,28.6435234422283,1.21,32.17,50.68,55.43,8042.4,12063.6,42.82,0.89,939.6,-0.38,26,1.0,325,80.41,16.56,49.23
Gambia,2020,6930.0,62.6482213438735,248.590217391304,720.335143352133,39.0452192448637,23.1,18.5778506151342,Other/Global,28.6435234422283,1.25,33.26,50.85,55.5,8316.0,12474.0,43.09,0.85,949.3,-0.29,29,1.0,298,79.17,15.8,50.89
Georgia,1990,0.0,43.1716793783278,71.3308898141992,1610.98027146868,44.86279896194,34.3,47.6433589529047,Other/Global,39.6310260469132,0.0,0.0,0.0,12.95,0.0,0.0,15.0,0.15,800.8,-0.64,15,1.0,219,85.02,4.53,28.51
Georgia,1991,0.0,43.1716793783278,71.3308898141992,1524.8730978212,45.0970629026907,34.3,47.6433589529047,Other/Global,39.6310260469132,0.0,0.0,0.0,12.95,0.0,0.0,15.0,0.44,779.8,-1.37,21,1.0,211,81.49,5.52,25.99
Georgia,1992,0.0,43.1716793783278,71.3308898141992,1438.76592417373,45.3696310052316,34.3,48.5121145994577,Other/Global,39.6310260469132,0.0,0.0,0.0,12.95,0.0,0.0,15.0,0.35,840.3,-0.37,21,1.0,191,81.62,4.93,26.14
Georgia,1993,0.0,43.1716793783278,71.3308898141992,1352.65875052626,45.668647222819,34.3,49.1929590343183,Other/Global,39.6429702115412,0.0,0.0,0.0,12.95,0.0,0.0,15.0,0.64,847.1,-0.67,22,1.0,217,82.45,6.66,29.78
Georgia,1994,0.0,43.1716793783278,71.3308898141992,1266.55157687879,45.9822555087095,34.3,49.2756738292346,Other/Global,39.6549143761692,0.0,0.0,0.0,12.95,0.0,0.0,15.0,0.4,960.3,0.05,19,1.0,225,82.53,5.48,32.52
Georgia,1995,0.0,43.1716793783278,71.3308898141992,1180.44440323132,46.2985998161593,34.3,49.0633626035217,Other/Global,39.6668585407972,0.0,0.0,0.0,12.95,0.0,0.0,15.0,0.45,850.8,-0.59,18,1.0,230,84.91,6.09,27.54
Georgia,1996,0.0,43.1716793783278,71.3308898141992,1094.33722958384,46.6058240984249,34.3,48.4155674368487,Other/Global,39.6788027054252,0.0,0.0,0.0,12.95,0.0,0.0,15.0,0.54,831.5,-0.79,22,1.0,221,81.85,6.02,27.86
Georgia,1997,0.0,43.1716793783278,71.3308898141992,1008.23005593637,46.8920723087628,34.3,47.9147461962115,Other/Global,39.6907468700532,0.0,0.0,0.0,12.95,0.0,0.0,15.0,0.55,851.1,0.0,24,1.0,267,82.03,8.0,30.07
Georgia,1998,0.0,43.1716793783278,71.3308898141992,922.122882288904,47.1454884004294,34.3,47.6311004923449,Other/Global,39.7026910346813,0.0,0.0,0.0,12.95,0.0,0.0,15.0,0.54,989.5,-0.58,21,1.0,261,83.51,8.76,29.54
Georgia,1999,0.0,43.1716793783278,71.3308898141992,836.015708641432,47.354216326681,34.3,51.1421595496446,Other/Global,39.7146351993093,0.0,0.0,0.0,12.95,0.0,0.0,15.0,0.47,901.0,-0.15,22,1.0,240,83.82,7.92,30.04
Georgia,2000,0.0,43.1716793783278,71.3308898141992,749.908534993961,47.5064000407741,34.3,51.0870384028111,Other/Global,39.7265793639373,0.0,0.0,0.0,12.95,0.0,0.0,15.0,0.48,885.7,-0.6,19,1.0,219,84.71,8.77,30.51
Georgia,2001,0.0,42.3945891495179,70.8227614682108,1003.0906124319,47.5901834959651,34.3,51.7302869984026,Other/Global,39.8155130234566,0.0,0.0,0.0,12.72,0.0,0.0,15.0,0.49,891.2,-0.52,22,1.0,227,83.53,9.12,28.94
Georgia,2002,0.0,41.617498920708,70.3146331222225,1256.27268986985,47.5872323972961,34.3,52.7814296599184,Other/Global,39.904446682976,0.0,0.0,0.0,12.49,0.0,0.0,15.0,0.57,1003.4,-0.21,22,1.0,242,83.83,9.49,28.76
Georgia,2003,0.0,40.8404086918981,69.8065047762342,1509.4547673078,47.4855294336659,34.3,54.061933672943,Other/Global,39.9933803424953,0.0,0.0,0.0,12.25,0.0,0.0,15.0,0.53,840.1,-0.86,24,1.0,248,85.3,8.74,25.74
Georgia,2004,0.0,40.0633184630882,69.2983764302459,1762.63684474574,47.2826800682775,34.3,53.166676033348,Other/Global,40.0823140020147,0.0,0.0,0.0,12.02,0.0,0.0,15.0,0.58,1005.2,0.06,25,1.0,240,83.35,9.56,26.67
Georgia,2005,0.0,39.2862282342783,68.7902480842576,2015.81892218369,46.9963719375641,35.4,53.4606333233234,Other/Global,40.171247661534,0.0,0.0,0.0,11.79,0.0,0.0,15.0,0.69,916.8,-0.08,21,1.0,248,84.78,11.11,29.54
Georgia,2006,0.0,38.5091380054684,68.2821197382693,2269.00099962164,46.6406083478416,36.9,54.6300054827757,Other/Global,40.2601813210534,0.0,0.0,0.0,11.55,0.0,0.0,15.0,0.71,887.2,-0.47,22,1.0,230,85.51,11.89,27.46
Georgia,2007,0.0,37.7320477766585,67.773991392281,2522.18307705959,46.2293926054259,38.8,52.9201523139399,Other/Global,40.3491149805727,0.0,0.0,0.0,11.32,0.0,0.0,15.0,0.69,1100.1,0.15,24,1.0,231,84.57,12.1,26.59
Georgia,2008,0.0,36.9549575478486,67.2658630462927,2775.36515449753,45.7767280166327,34.9,52.4184575239942,Other/Global,40.4380486400921,0.0,0.0,0.0,11.09,0.0,0.0,15.0,0.76,815.5,-1.19,25,1.0,267,86.24,11.77,23.79
Georgia,2009,0.0,36.1778673190387,66.7577347003044,3028.54723193548,45.2966178877778,34.9,52.0772455997621,Other/Global,40.5269822996115,0.0,0.0,0.0,10.85,0.0,0.0,15.0,0.76,871.7,-0.55,28,1.0,294,84.38,12.82,23.44
Georgia,2010,0.0,35.4007770902288,66.2496063543161,3281.72930937343,44.8030655251772,37.3,50.8223833892206,Other/Global,40.6159159591308,0.0,0.0,0.0,10.62,0.0,0.0,15.0,0.66,801.4,-0.21,21,1.0,250,87.47,11.36,22.4
Georgia,2011,0.0,35.2801841991653,66.0346968053465,3442.70791681804,44.3100742351467,34.1,51.3277758679959,Other/Global,40.6159159591308,0.0,0.0,0.0,10.58,0.0,0.0,15.0,0.76,976.2,-0.47,26,1.0,274,85.25,11.38,20.8
Georgia,2012,0.0,35.1595913081018,65.819787256377,3603.68652426265,43.8316473240021,30.0,49.8845351119585,Other/Global,40.6159159591308,0.0,0.0,0.0,10.55,0.0,0.0,15.0,0.56,1035.1,-0.11,24,1.0,280,85.13,12.3,23.85
Georgia,2013,0.0,35.0389984170384,65.6048777074075,3764.66513170727,43.3817880980593,26.2,50.0884520202827,Other/Global,40.6159159591308,0.0,0.0,0.0,10.51,0.0,0.0,15.0,0.67,1033.6,-0.26,22,1.0,290,83.94,16.06,23.52
Georgia,2014,0.0,34.9184055259749,65.389968158438,3925.64373915188,42.9762387005742,23.5,48.8735263071823,Other/Global,40.6159159591308,0.0,0.0,0.0,10.48,0.0,0.0,15.0,0.69,997.9,-0.37,26,1.0,280,84.38,15.87,24.59
Georgia,2015,0.0,34.7978126349115,65.1750586094685,4086.6223465965,42.6196199544328,21.6,46.8993943013845,Other/Global,40.6159159591308,0.0,0.0,0.0,10.44,0.0,0.0,15.0,0.66,884.2,-1.4,25,1.0,275,84.78,13.34,26.21
Georgia,2016,0.0,34.6821125341775,65.1661009832394,4129.46927985961,42.3015967994938,22.0,46.7033383983026,Other/Global,40.6159159591308,0.0,0.0,0.0,10.4,0.0,0.0,15.0,0.88,870.8,-0.68,26,1.0,304,84.43,14.82,22.81
Georgia,2017,0.0,34.5664124334436,65.1571433570103,4172.31621312272,42.0003172794243,21.9,46.0174642277338,Other/Global,40.6159159591308,0.0,0.0,0.0,10.37,0.0,0.0,15.0,0.93,766.3,-1.44,32,1.0,269,84.39,15.04,26.5
Georgia,2018,0.0,34.4507123327097,65.1481857307813,4215.16314638584,41.6961818137424,20.1,41.8700517419472,Other/Global,40.6159159591308,0.0,0.0,0.0,10.34,0.0,0.0,15.0,1.11,1062.9,-0.83,29,1.0,307,85.89,16.81,24.96
Georgia,2019,0.0,34.3350122319758,65.1392281045522,4258.01007964895,41.3695908219657,19.5,41.1418446285733,Other/Global,40.6159159591308,0.0,0.0,0.0,10.3,0.0,0.0,15.0,1.05,937.5,-0.49,28,1.0,293,86.59,16.68,26.7
Georgia,2020,0.0,34.2193121312419,65.1302704783232,4300.85701291207,41.0009447236122,21.3,41.054721790325,Other/Global,40.6159159591308,0.0,0.0,0.0,10.27,0.0,0.0,15.0,0.91,860.6,-1.18,26,1.0,312,86.23,16.24,21.51
Germany,1990,6800.0,51.6483831237648,227.517053819494,22385.6778250275,19.9866789672253,16.1,3.64354776344305,Other/Global,32.3661673302208,1.22,32.64,48.11,50.81,8160.0,12240.0,42.42,0.42,1005.4,-0.09,20,1.0,221,77.7,8.31,44.76
Germany,1991,6703.0,51.3747899754519,228.325029767248,22539.6956415446,19.9803080171858,16.1,3.64354776344305,Other/Global,32.381634348237,1.21,32.17,48.03,50.67,8043.6,12065.4,42.4,0.44,821.4,-0.17,23,1.0,197,80.36,8.88,40.94
Germany,1992,6606.0,51.101196827139,229.133005715002,22693.7134580618,19.973944223909,16.1,3.55614043480647,Other/Global,32.3971013662533,1.19,31.71,47.95,50.53,7927.2,11890.8,42.38,0.44,931.7,-0.67,21,1.0,205,83.04,7.17,40.58
Germany,1993,6509.0,50.8276036788262,229.940981662756,22847.7312745789,19.9674416906306,16.1,3.49241223892923,Other/Global,32.413496791934,1.17,31.24,47.78,50.34,7810.8,11716.2,42.36,0.42,885.4,-0.84,18,1.0,208,80.13,9.49,41.92
Germany,1994,6412.0,50.5540105305133,230.74895761051,23001.7490910961,19.9606545205863,16.1,3.24876344254583,Other/Global,32.4298931568846,1.15,30.78,47.7,50.2,7694.4,11541.6,42.33,0.37,950.3,-0.05,17,1.0,252,81.67,9.45,40.22
Germany,1995,6315.0,50.2804173822005,231.556933558264,23155.7669076133,19.9534368170118,16.1,3.17017783481766,Other/Global,32.4462904611859,1.14,30.31,47.62,50.06,7578.0,11367.0,42.31,0.41,894.2,0.0,18,1.0,219,80.56,8.96,42.65
Germany,1996,6218.0,50.0068242338876,232.364909506018,23309.7847241304,19.9456426831429,16.1,2.93477985279435,Other/Global,32.4626887049185,1.12,29.85,47.54,49.92,7461.6,11192.4,42.28,0.5,783.2,-1.26,24,1.0,222,83.51,9.8,43.35
Germany,1997,6121.0,49.7332310855747,233.172885453772,23463.8025406476,19.9371262222152,16.1,2.94220631720949,Other/Global,32.4818793869073,1.1,29.38,47.46,49.77,7345.2,11017.8,42.26,0.54,905.3,-0.29,24,1.0,227,81.06,10.91,42.53
Germany,1998,6024.0,49.4596379372619,233.980861401526,23617.8203571647,19.9277415374643,16.1,2.77992529407154,Other/Global,32.500143258266,1.08,28.92,47.3,49.59,7228.8,10843.2,42.23,0.49,983.2,0.06,20,1.0,252,82.91,11.18,41.31
Germany,1999,5927.0,49.186044788949,234.78883734928,23771.8381736819,19.9173427321262,16.1,2.86390534226756,Other/Global,32.5193420826408,1.07,28.45,47.22,49.45,7112.4,10668.6,42.21,0.33,897.0,-0.89,21,1.0,226,81.28,11.33,43.65
Germany,2000,5830.0,48.9124516406362,235.596813297034,23925.8559901991,19.9057839094363,16.1,2.63752286933477,Other/Global,32.5376128385155,1.05,27.98,47.14,49.31,6996.0,10494.0,42.18,0.3,961.3,0.2,19,1.0,251,79.31,11.65,42.03
Germany,2001,5827.0,48.8122097183891,235.497822789834,25772.9670509421,19.8929191726305,16.1,2.61599256583608,Other/Global,32.5580395528805,1.05,27.97,47.14,49.27,6992.4,10488.6,42.17,0.45,815.7,-0.38,23,1.0,231,82.81,12.59,40.82
Germany,2002,5824.0,48.711967796142,235.398832282634,27620.0781116851,19.8786026249444,16.1,2.48709644827829,Other/Global,32.5775382674999,1.05,27.96,47.14,49.24,6988.8,10483.2,42.17,0.36,897.2,-0.39,22,1.0,233,79.97,11.92,40.79
Germany,2003,5821.0,48.611725873895,235.299841775434,29467.1891724281,19.8626883696138,16.1,2.42462694583117,Other/Global,32.5979759754594,1.05,27.94,47.06,49.17,6985.2,10477.8,42.16,0.6,849.3,-0.27,22,1.0,255,81.2,15.23,39.21
Germany,2004,5818.0,48.5114839516479,235.200851268234,31314.3002331711,19.8450305098743,16.1,2.35515518034185,Other/Global,32.6174843019755,1.05,27.93,47.06,49.14,6981.6,10472.4,42.16,0.63,959.1,0.03,24,1.0,271,84.56,14.23,38.98
Germany,2005,5815.0,48.4112420294008,235.101860761034,33161.4112939142,19.8254831489617,16.1,2.3258013941122,Other/Global,32.6341897006537,1.05,27.91,47.06,49.11,6978.0,10467.0,42.15,0.66,901.8,-0.49,22,1.0,250,86.1,15.58,39.94
Germany,2006,5812.0,48.3110001071538,235.002870253834,35008.5223546572,19.8039003901116,16.1,2.51144888364642,Other/Global,32.653704978206,1.05,27.9,47.06,49.08,6974.4,10461.6,42.15,0.59,954.5,-0.43,22,1.0,254,82.4,17.13,38.67
Germany,2007,5809.0,48.2107581849067,234.903879746634,36855.6334154002,19.7801363365598,16.1,2.29226746401861,Other/Global,32.6741618148966,1.05,27.88,47.06,49.05,6970.8,10456.2,42.15,0.76,986.3,-0.61,26,1.0,273,81.33,17.4,38.41
Germany,2008,5806.0,48.1105162626597,234.804889239434,38702.7444761432,19.7540450915419,16.1,1.62361397138887,Other/Global,32.6936867165763,1.05,27.87,46.98,48.98,6967.2,10450.8,42.14,0.66,954.6,-0.36,26,1.0,267,82.45,17.39,38.82
Germany,2009,5803.0,48.0102743404126,234.705898732234,40549.8555368862,19.7254807582938,16.1,1.64213520468111,Other/Global,32.7113393190098,1.04,27.85,46.98,48.95,6963.6,10445.4,42.14,0.59,921.2,-0.23,21,1.0,280,80.87,17.71,42.73
Germany,2010,5800.0,47.9100324181656,234.606908225034,42396.9665976293,19.694297440051,16.1,1.61830257757644,Other/Global,32.7308718478354,1.04,27.84,46.98,48.92,6960.0,10440.0,42.13,0.43,819.4,-0.71,19,1.0,249,81.97,18.44,38.9
Germany,2011,5480.0,47.9198392693946,234.516123954332,42303.5242603178,19.6594237071802,16.1,1.72134177495464,Other/Global,32.7375487720909,0.99,26.3,46.66,48.69,6576.0,9864.0,41.95,0.64,899.1,-1.17,22,1.0,262,84.39,17.52,42.17
Germany,2012,5160.0,47.9296461206236,234.42533968363,42210.0819230064,19.606552479782,16.1,1.57384407563171,Other/Global,32.7451655477133,0.93,24.77,46.33,48.45,6192.0,9288.0,41.76,0.8,856.7,-0.4,24,1.0,280,82.72,18.22,39.24
Germany,2013,4840.0,47.9394529718525,234.334555412928,42116.639585695,19.5267681599638,16.1,1.45894463226383,Other/Global,32.7189864709929,0.87,23.23,46.01,48.21,5808.0,8712.0,41.56,0.82,871.9,-0.69,24,1.0,291,80.76,19.75,40.9
Germany,2014,4520.0,47.9492598230816,234.243771142226,42023.1972483836,19.42425976257,16.1,1.43811499003853,Other/Global,32.7228432215535,0.81,21.7,45.61,47.93,5424.0,8136.0,41.34,0.71,869.5,-0.78,24,1.0,286,82.95,19.62,38.89
Germany,2015,4200.0,47.9590666743106,234.152986871524,41929.7549110722,19.3025628367186,16.1,1.39978647623171,Other/Global,32.7323281545606,0.76,20.16,45.21,47.64,5040.0,7560.0,41.11,0.77,821.1,-0.62,24,1.0,292,80.41,19.09,40.91
Germany,2016,4000.0,47.8666666025642,234.925853248328,43022.7786189471,19.1652129315275,16.1,1.30724054984753,Other/Global,32.685482024273,0.72,19.2,44.96,47.42,4800.0,7200.0,40.98,0.92,742.9,-0.8,29,1.0,304,80.23,21.07,45.05
Germany,2017,3800.0,47.7742665308178,235.698719625132,44115.802326822,19.0157455961147,16.1,1.27775937087065,Other/Global,32.6845464693591,0.68,18.24,44.72,47.21,4560.0,6840.0,40.84,0.86,846.1,-1.71,26,1.0,279,83.43,21.98,39.08
Germany,2018,3600.0,47.6818664590714,236.471586001936,45208.826034697,18.8576963795982,16.1,1.26910924531579,Other/Global,32.6836109680005,0.65,17.28,44.4,46.95,4320.0,6480.0,40.69,1.01,915.0,-0.63,31,1.0,311,81.61,22.85,39.87
Germany,2019,3400.0,47.589466387325,237.24445237874,46301.8497425719,18.6946008310961,16.1,1.18740607688,Other/Global,32.6826755201923,0.61,16.32,44.08,46.69,4080.0,6120.0,40.53,1.06,791.7,-1.64,30,1.0,321,84.44,22.89,38.07
Germany,2020,3200.0,47.4970663155786,238.017318755545,47394.8734504469,18.5299944997262,16.0,1.11355468975483,Other/Global,32.6826755201923,0.58,15.36,43.76,46.43,3840.0,5760.0,40.36,1.09,900.9,-0.72,33,1.0,304,81.31,22.5,42.62
Greenland,1990,0.0,0.693005560433128,0.162715832601697,18326.9295023252,20.02734375,23.1,18.5778506151342,Other/Global,0.0006438396254024,0.0,0.0,0.0,0.21,0.0,0.0,15.0,0.26,1052.0,0.34,21,33.26,326,78.01,7.8,5.0
Greenland,1991,0.0,0.682128685715189,0.160132883767157,18395.1442961678,19.8259506225586,23.1,18.5778506151342,Other/Global,0.0006438396254024,0.0,0.0,0.0,0.2,0.0,0.0,15.0,0.32,981.8,0.21,22,37.39,373,76.23,7.86,5.0
Greenland,1992,0.0,0.671251810997251,0.157549934932618,18463.3590900104,19.7009963989258,23.1,18.5778506151342,Other/Global,0.0006438396254024,0.0,0.0,0.0,0.2,0.0,0.0,15.0,0.33,1031.5,0.02,17,35.95,383,75.25,7.29,5.0
Greenland,1993,0.0,0.660374936279313,0.154966986098079,18531.573883853,19.532096862793,23.1,18.5778506151342,Other/Global,0.0006438396254024,0.0,0.0,0.0,0.2,0.0,0.0,15.0,0.37,931.3,-0.75,19,38.9,376,73.08,7.65,5.0
Greenland,1994,0.0,0.649498061561375,0.152384037263539,18599.7886776957,19.2061309814453,23.1,18.5778506151342,Other/Global,0.0006438396254024,0.0,0.0,0.0,0.19,0.0,0.0,15.0,0.43,993.4,-0.17,23,39.37,366,72.46,9.49,5.0
Greenland,1995,0.0,0.638621186843437,0.149801088429,18668.0034715383,18.9433364868164,23.1,18.5778506151342,Other/Global,0.0006438396254024,0.0,0.0,0.0,0.19,0.0,0.0,15.0,0.47,842.1,-0.45,23,38.82,380,72.84,9.45,5.0
Greenland,1996,0.0,0.627744312125498,0.147218139594461,18736.2182653809,18.9334182739258,23.1,18.5778506151342,Other/Global,0.0006438396254024,0.0,0.0,0.0,0.19,0.0,0.0,15.0,0.49,848.5,-0.26,20,35.45,357,73.42,9.8,5.0
Greenland,1997,0.0,0.61686743740756,0.144635190759921,18804.4330592236,18.927604675293,23.1,18.5778506151342,Other/Global,0.000535997076379583,0.0,0.0,0.0,0.19,0.0,0.0,15.0,0.32,680.9,-1.34,21,39.9,402,73.67,10.03,5.0
Greenland,1998,0.0,0.605990562689622,0.142052241925382,18872.6478530662,18.8797378540039,23.1,18.5778506151342,Other/Global,0.000535997076379583,0.0,0.0,0.0,0.18,0.0,0.0,15.0,0.49,994.9,0.23,22,37.99,386,74.68,10.85,5.0
Greenland,1999,0.0,0.595113687971684,0.139469293090843,18940.8626469088,18.8350296020508,23.1,18.5778506151342,Other/Global,0.000535997076379583,0.0,0.0,0.0,0.18,0.0,0.0,15.0,0.35,1023.2,-0.06,19,38.16,377,73.59,10.35,5.0
Greenland,2000,0.0,0.584236813253746,0.136886344256304,19009.0774407515,18.5482177734375,23.1,18.5778506151342,Other/Global,0.000535997076379583,0.0,0.0,0.0,0.18,0.0,0.0,15.0,0.39,855.7,-0.35,19,38.35,399,73.8,11.05,5.0
Greenland,2001,0.0,0.5849677183579,0.13697137288342,21535.889630686,18.2093887329102,23.1,18.5778506151342,Other/Global,0.000535997076379583,0.0,0.0,0.0,0.18,0.0,0.0,15.0,0.38,879.7,-0.52,19,38.86,391,72.94,12.51,5.0
Greenland,2002,0.0,0.585698623462054,0.137056401510537,24062.7018206206,17.9247131347656,23.1,18.5778506151342,Other/Global,0.000535997076379583,0.0,0.0,0.0,0.18,0.0,0.0,15.0,0.31,839.7,-0.39,18,40.38,391,71.18,12.7,5.0
Greenland,2003,0.0,0.586429528566208,0.137141430137653,26589.5140105552,17.6514053344727,23.1,18.5778506151342,Other/Global,0.000535997076379583,0.0,0.0,0.0,0.18,0.0,0.0,15.0,0.65,930.6,-0.15,23,43.63,440,69.29,12.83,5.0
Greenland,2004,0.0,0.587160433670362,0.13722645876477,29116.3262004897,17.4365692138672,23.1,18.5778506151342,Other/Global,0.000535997076379583,0.0,0.0,0.0,0.18,0.0,0.0,15.0,0.7,990.0,-0.63,24,38.12,413,73.21,13.64,5.0
Greenland,2005,0.0,0.587891338774515,0.137311487391887,31643.1383904243,17.3100891113281,23.1,18.5778506151342,Other/Global,0.000535997076379583,0.0,0.0,0.0,0.18,0.0,0.0,15.0,0.67,760.6,-1.2,27,43.9,429,70.24,14.98,5.0
Greenland,2006,0.0,0.58862224387867,0.137396516019003,34169.9505803589,17.1528015136719,23.1,18.5778506151342,Other/Global,0.000535997076379583,0.0,0.0,0.0,0.18,0.0,0.0,15.0,0.73,932.8,-0.42,23,43.64,458,72.24,13.64,6.75
Greenland,2007,0.0,0.589353148982824,0.13748154464612,36696.7627702934,16.7960433959961,23.1,18.5778506151342,Other/Global,0.000535997076379583,0.0,0.0,0.0,0.18,0.0,0.0,15.0,0.77,877.9,0.03,26,41.51,422,72.82,17.87,6.68
Greenland,2008,0.0,0.590084054086978,0.137566573273236,39223.574960228,16.378173828125,23.1,18.5778506151342,Other/Global,0.000535997076379583,0.0,0.0,0.0,0.18,0.0,0.0,15.0,0.58,909.1,-0.69,21,41.43,430,73.91,17.08,5.0
Greenland,2009,0.0,0.590814959191132,0.137651601900353,41750.3871501626,16.1443862915039,23.1,18.5778506151342,Other/Global,0.000535997076379583,0.0,0.0,0.0,0.18,0.0,0.0,15.0,0.64,936.7,0.22,22,40.56,442,73.37,18.37,5.0
Greenland,2010,0.0,0.591545864295286,0.13773663052747,44277.1993400972,15.7215118408203,23.1,18.5778506151342,Other/Global,0.000535997076379583,0.0,0.0,0.0,0.18,0.0,0.0,15.0,0.72,884.9,-0.03,26,41.62,457,70.06,19.25,5.0
Greenland,2011,0.0,0.591692045316116,0.137531977098306,44329.0304661853,15.4713973999023,23.1,18.5778506151342,Other/Global,0.000535997076379583,0.0,0.0,0.0,0.18,0.0,0.0,15.0,0.54,891.7,-0.49,21,42.47,457,69.71,19.33,5.0
Greenland,2012,0.0,0.591838226336947,0.137327323669143,44380.8615922734,15.1135406494141,23.1,18.5778506151342,Other/Global,0.000535997076379583,0.0,0.0,0.0,0.18,0.0,0.0,15.0,0.68,882.9,-0.69,23,43.63,451,69.58,18.42,5.0
Greenland,2013,0.0,0.591984407357778,0.13712267023998,44432.6927183615,14.6274108886719,23.1,18.5778506151342,Other/Global,0.000535997076379583,0.0,0.0,0.0,0.18,0.0,0.0,15.0,0.58,977.6,-0.41,26,44.14,462,70.15,19.05,5.0
Greenland,2014,0.0,0.592130588378609,0.136918016810817,44484.5238444496,14.3227615356445,23.1,18.5778506151342,Other/Global,0.000535997076379583,0.0,0.0,0.0,0.18,0.0,0.0,15.0,0.78,933.5,-0.53,26,45.72,466,68.77,19.1,5.0
Greenland,2015,0.0,0.59227676939944,0.136713363381654,44536.3549705377,13.953742980957,23.1,18.5778506151342,Other/Global,0.000535997076379583,0.0,0.0,0.0,0.18,0.0,0.0,15.0,0.81,917.6,-1.01,24,45.96,475,70.4,21.56,5.0
Greenland,2016,0.0,0.592281642100134,0.136836642709221,46591.6172118506,13.7738952636719,23.1,18.5778506151342,Other/Global,0.000535997076379583,0.0,0.0,0.0,0.18,0.0,0.0,15.0,0.75,798.3,-0.96,23,45.74,479,71.11,20.13,5.0
Greenland,2017,0.0,0.592286514800828,0.136959922036788,48646.8794531635,13.6084442138672,23.1,18.5778506151342,Other/Global,0.000535997076379583,0.0,0.0,0.0,0.18,0.0,0.0,15.0,1.04,869.7,-0.48,29,45.72,492,68.26,21.53,5.0
Greenland,2018,0.0,0.592291387501522,0.137083201364356,50702.1416944764,13.27490234375,23.1,18.5778506151342,Other/Global,0.000535997076379583,0.0,0.0,0.0,0.18,0.0,0.0,15.0,0.93,971.9,-0.69,28,47.9,488,66.54,23.79,5.0
Greenland,2019,0.0,0.592296260202216,0.137206480691923,52757.4039357893,12.9782104492188,23.1,18.5778506151342,Other/Global,0.000535997076379583,0.0,0.0,0.0,0.18,0.0,0.0,15.0,0.94,903.0,-0.81,28,47.84,516,70.51,22.53,5.0
Greenland,2020,0.0,0.592301132902911,0.137329760019491,54812.6661771023,12.7159118021885,23.1,18.5778506151342,Other/Global,0.000535997076379583,0.0,0.0,0.0,0.18,0.0,0.0,15.0,1.01,952.8,-1.14,30,47.65,504,68.92,24.24,5.0
Guatemala,1990,79680.0,39.9869354236655,84.2177398282941,847.688561830359,66.0987203438485,23.1,36.0795377693157,Other/Global,44.6173945502053,14.34,382.46,50.36,51.57,95616.0,143424.0,42.35,0.36,1031.8,0.26,19,1.0,191,83.81,5.23,32.76
Guatemala,1991,80069.0,40.4318029115341,86.7119718178425,927.816284618882,65.8434406738197,23.1,36.0795377693157,Other/Global,44.0836132885405,14.41,384.33,50.85,51.96,96082.8,144124.2,42.56,0.26,973.5,0.12,20,1.0,213,86.24,4.97,25.27
Guatemala,1992,80458.0,40.8766703994027,89.2062038073908,1007.9440074074,65.5665828699529,23.1,35.9363640062338,Other/Global,43.5498320268757,14.48,386.2,51.41,52.38,96549.6,144824.4,42.77,0.4,897.8,-0.31,22,1.0,209,85.73,5.54,30.49
Guatemala,1993,80847.0,41.3215378872713,91.7004357969392,1088.07173019592,65.2689926787685,23.1,35.8115383900367,Other/Global,43.0160507652109,14.55,388.07,51.89,52.76,97016.4,145524.6,42.98,0.47,849.4,-0.61,22,1.0,207,83.41,6.23,32.24
Guatemala,1994,81236.0,41.7664053751399,94.1946677864876,1168.19945298445,64.9243989229206,23.1,35.6747671055565,Other/Global,42.4822695035461,14.62,389.93,52.38,53.14,97483.2,146224.8,43.18,0.5,686.0,-1.2,26,1.0,239,85.05,7.62,28.44
Guatemala,1995,81625.0,42.2112728630085,96.688899776036,1248.32717577297,64.2443694882369,23.1,35.5040265357561,Other/Global,41.9484882418813,14.69,391.8,52.94,53.56,97950.0,146925.0,43.37,0.45,876.7,-0.29,22,1.0,217,85.28,5.84,31.84
Guatemala,1996,82014.0,42.6561403508771,99.1831317655844,1328.45489856149,63.1166288729056,23.1,35.4386549715418,Other/Global,41.4147069802165,14.76,393.67,53.42,53.94,98416.8,147625.2,43.57,0.39,864.1,-0.44,23,1.0,218,84.79,6.63,29.72
Guatemala,1997,82403.0,43.1010078387457,101.677363755132,1408.58262135002,61.6804357680909,23.1,35.2896740816856,Other/Global,40.8809257185517,14.83,395.53,53.91,54.33,98883.6,148325.4,43.76,0.32,921.3,-0.09,21,1.0,243,85.2,7.88,35.49
Guatemala,1998,82792.0,43.5458753266143,104.171595744681,1488.71034413854,60.0593284710677,23.1,35.1145248985933,Other/Global,40.3471444568869,14.9,397.4,54.47,54.75,99350.4,149025.6,43.94,0.38,877.8,-0.31,20,1.0,239,82.42,7.61,29.38
Guatemala,1999,83181.0,43.9907428144829,106.665827734229,1568.83806692706,58.3768452791109,23.1,36.1568571931463,Other/Global,39.8133631952221,14.97,399.27,54.96,55.13,99817.2,149725.8,44.13,0.28,864.4,-0.01,18,1.0,247,83.48,7.71,33.51
Guatemala,2000,83570.0,44.4356103023516,109.160059723778,1648.96578971559,56.7565244894953,23.1,37.2622490113935,Other/Global,39.2795819335573,15.04,401.14,55.44,55.51,100284.0,150426.0,44.31,0.16,747.6,-0.43,19,1.0,230,85.32,9.37,31.88
Guatemala,2001,86556.0,44.0207913400522,111.775326614408,1764.59517098135,55.321904399496,23.1,37.1559925134798,Other/Global,38.8254945875327,15.58,415.47,56.0,55.71,103867.2,155800.8,44.57,0.48,814.4,-0.61,21,1.0,245,82.98,7.16,32.37
Guatemala,2002,89542.0,43.6059723777528,114.390593505039,1880.22455224711,54.2245268061152,23.1,37.0181305798043,Other/Global,38.371407241508,16.12,429.8,56.65,55.95,107450.4,161175.6,44.83,0.58,927.4,0.08,25,1.0,225,82.77,10.24,31.98
Guatemala,2003,92528.0,43.1911534154535,117.00586039567,1995.85393351287,53.4134610277895,23.1,36.8230888909382,Other/Global,37.9173198954834,16.66,444.13,57.21,56.15,111033.6,166550.4,45.09,0.39,1026.2,0.23,26,1.0,220,83.79,11.01,34.68
Guatemala,2004,95514.0,42.7763344531541,119.621127286301,2111.48331477864,52.673180513364,23.1,36.6349990769537,Other/Global,37.4632325494588,17.19,458.47,57.78,56.35,114616.8,171925.2,45.34,0.56,880.7,-0.12,24,1.0,244,81.86,9.97,32.75
Guatemala,2005,98500.0,42.3615154908548,122.236394176932,2227.1126960444,51.9442048426166,23.1,35.2419965086409,Other/Global,37.0091452034341,17.73,472.8,58.34,56.55,118200.0,177300.0,45.58,0.74,914.4,-0.36,28,1.0,257,84.25,9.48,29.46
Guatemala,2006,101486.0,41.9466965285554,124.851661067562,2342.74207731016,51.2323643811666,23.1,33.7476837455853,Other/Global,36.5550578574095,18.27,487.13,58.9,56.74,121783.2,182674.8,45.83,0.89,964.0,-1.05,28,1.0,296,81.96,11.07,32.93
Guatemala,2007,104472.0,41.531877566256,127.466927958193,2458.37145857593,50.5434894946335,23.1,33.4385823350506,Other/Global,36.1009705113849,18.8,501.47,59.47,56.94,125366.4,188049.6,46.07,0.73,822.6,-0.45,26,1.0,282,85.59,11.71,32.64
Guatemala,2008,107458.0,41.1170586039567,130.082194848824,2574.00083984169,49.8834105486367,23.1,33.2154256583746,Other/Global,35.6468831653602,19.34,515.8,60.11,57.17,128949.6,193424.4,46.3,0.65,916.5,-0.42,25,1.0,250,82.23,10.41,34.08
Guatemala,2009,110444.0,40.7022396416573,132.697461739455,2689.63022110745,49.2579579087955,23.1,33.2703274025577,Other/Global,35.1927958193356,19.88,530.13,60.68,57.37,132532.8,198799.2,46.53,0.67,827.5,-0.79,25,1.0,283,85.29,12.19,32.58
Guatemala,2010,113430.0,40.287420679358,135.312728630086,2805.25960237322,48.6729619407294,23.1,33.0930539138506,Other/Global,34.7387084733109,20.42,544.46,61.24,57.55,136116.0,204174.0,46.76,0.77,955.6,-0.35,27,1.0,254,83.5,14.08,28.77
Guatemala,2011,105056.0,40.5614035087719,138.059333706607,3022.90874849671,48.1342530100577,23.1,37.0706296625039,Other/Global,34.4833893243748,18.91,504.27,61.08,57.46,126067.2,189100.8,46.71,0.59,899.5,-0.58,26,1.0,300,83.04,13.94,34.41
Guatemala,2012,96682.0,40.8353863381859,140.805938783128,3240.5578946202,47.6476614824,23.1,32.0521669307977,Other/Global,34.2280701754386,17.4,464.07,60.84,57.32,116018.4,174027.6,46.63,0.59,912.3,-0.36,24,1.0,273,84.27,13.77,34.58
Guatemala,2013,88308.0,41.1093691675998,143.552543859649,3458.20704074369,47.2190177233755,23.1,31.8398614600714,Other/Global,33.9727510265024,15.9,423.88,60.6,57.16,105969.6,158954.4,46.54,0.65,826.8,-0.94,25,1.0,276,84.53,14.09,33.58
Guatemala,2014,79934.0,41.3833519970138,146.299148936169,3675.85618686718,46.8541520986036,23.1,31.5335429790922,Other/Global,33.7174318775663,14.39,383.68,60.27,56.95,95920.8,143881.2,46.41,0.67,947.0,0.0,23,1.0,303,84.21,14.2,33.35
Guatemala,2015,71560.0,41.6573348264278,149.045754012691,3893.50533299068,46.5588949737039,23.1,31.875723341049,Other/Global,33.4621127286301,12.88,343.49,59.95,56.73,85872.0,128808.0,46.25,0.82,1058.2,-0.16,26,1.0,283,84.44,14.7,33.76
Guatemala,2016,69468.0,41.933557297499,151.631759985068,4010.32783639387,46.3390767142957,23.1,29.3773865696787,Other/Global,33.3538633818589,12.5,333.45,59.87,56.74,83361.6,125042.4,46.3,1.01,811.0,-1.22,30,1.0,321,84.8,14.91,35.6
Guatemala,2017,67376.0,42.2097797685703,154.217765957446,4127.15033979706,46.2005276859983,23.1,31.779564221315,Other/Global,33.2456140350877,12.13,323.4,59.79,56.74,80851.2,121276.8,46.34,0.97,864.7,-1.17,31,1.0,290,81.48,15.54,36.29
Guatemala,2018,65284.0,42.4860022396416,156.803771929824,4243.97284320026,46.154037696458,23.1,32.9162721680963,Other/Global,33.1373646883165,11.75,313.36,59.71,56.74,78340.8,117511.2,46.39,0.96,910.7,-0.65,30,1.0,315,83.99,14.47,34.92
Guatemala,2019,63192.0,42.7622247107129,159.389777902202,4360.79534660345,45.8117732732026,23.1,31.0846578149197,Other/Global,33.0291153415453,11.37,303.32,59.63,56.75,75830.4,113745.6,46.42,0.98,955.3,-0.54,31,1.0,307,82.12,14.44,35.4
Guatemala,2020,61100.0,43.0384471817842,161.97578387458,4477.61785000665,45.4516832088372,23.1,30.5953599922823,Other/Global,32.9208659947742,11.0,293.28,59.55,56.75,73320.0,109980.0,46.45,0.87,847.9,-0.75,28,1.0,319,82.17,15.97,34.81
Guinea,1990,69110.0,57.1793464105486,26.1857968419339,604.304422702532,71.7849583573884,43.7,72.8951103854913,Other/Global,29.6109392804819,12.44,331.73,63.17,62.96,82932.0,124398.0,35.17,0.34,665.1,-1.36,25,1.0,189,78.83,5.42,40.97
Guinea,1991,69110.0,57.1850227901676,26.9974759889304,595.689687124681,71.5287483815969,43.7,72.8951103854913,Other/Global,29.4697216343806,12.44,331.73,63.34,63.04,82932.0,124398.0,35.32,0.33,1000.4,-0.41,19,1.0,180,77.79,5.44,32.13
Guinea,1992,69110.0,57.1906991697867,27.809155135927,587.07495154683,71.2750651604562,43.7,72.6790440893666,Other/Global,29.3285039882793,12.44,331.73,63.5,63.12,82932.0,124398.0,35.47,0.38,952.5,0.06,22,1.0,197,80.14,6.02,34.93
Guinea,1993,69110.0,57.1963755494058,28.6208342829236,578.46021596898,71.0210886796462,43.7,72.5088075244631,Other/Global,29.1872863421781,12.44,331.73,63.58,63.17,82932.0,124398.0,35.62,0.69,752.3,-0.6,23,1.0,208,78.03,5.8,34.71
Guinea,1994,69110.0,57.2020519290249,29.4325134299202,569.845480391129,70.7639989248467,43.7,72.541712328414,Other/Global,29.0460686960768,12.44,331.73,63.74,63.25,82932.0,124398.0,35.76,0.47,843.1,-0.87,23,1.0,215,80.64,7.08,40.55
Guinea,1995,69110.0,57.2077283086439,30.2441925769168,561.230744813279,70.5009758817377,43.7,72.4793019911398,Other/Global,28.9048510499756,12.44,331.73,63.82,63.29,82932.0,124398.0,35.91,0.38,1017.2,0.56,23,1.0,214,81.97,7.55,35.95
Guinea,1996,69110.0,57.213404688263,31.0558717239133,552.616009235428,70.2284483004028,43.7,72.3023338570286,Other/Global,28.7636334038743,12.44,331.73,63.98,63.37,82932.0,124398.0,36.04,0.38,1007.5,0.14,21,1.0,193,82.02,7.82,32.43
Guinea,1997,69110.0,57.2190810678821,31.8675508709099,544.001273657577,69.9471680650928,43.7,71.9985558227357,Other/Global,28.6224157577731,12.44,331.73,64.06,63.41,82932.0,124398.0,36.18,0.48,966.8,-0.16,21,1.0,219,78.84,6.7,34.85
Guinea,1998,69110.0,57.2247574475012,32.6792300179065,535.386538079727,69.6601540530943,43.7,71.7181686265209,Other/Global,28.4811981116718,12.44,331.73,64.22,63.49,82932.0,124398.0,36.31,0.38,877.6,-0.5,22,1.0,232,78.72,7.66,37.64
Guinea,1999,69110.0,57.2304338271203,33.4909091649031,526.771802501876,69.36978345497,43.7,71.5212220581322,Other/Global,28.3399804655706,12.44,331.73,64.38,63.58,82932.0,124398.0,36.45,0.26,898.3,-0.63,22,1.0,232,81.08,7.63,36.63
Guinea,2000,69110.0,57.2361102067394,34.3025883118997,518.157066924026,69.0768894354776,43.7,71.2893530316117,Other/Global,28.1987628194693,12.44,331.73,64.46,63.62,82932.0,124398.0,36.57,0.47,881.2,-0.14,26,1.0,233,80.21,9.56,36.41
Guinea,2001,69110.0,57.641396915188,35.1031963210157,532.264892852754,68.7823051593746,43.7,70.8698742787054,Other/Global,28.0522545987303,12.44,331.73,64.63,63.82,82932.0,124398.0,36.7,0.39,982.0,-0.27,23,1.0,235,79.95,9.66,37.31
Guinea,2002,69110.0,58.0466836236366,35.9038043301318,546.372718781483,68.4868637914186,43.7,70.37812423689,Other/Global,27.9057463779912,12.44,331.73,64.71,63.99,82932.0,124398.0,36.82,0.66,821.6,-1.02,22,1.0,247,78.37,9.51,39.46
Guinea,2003,69110.0,58.4519703320853,36.7044123392479,560.480544710212,68.1913984963673,43.7,68.9631822085244,Other/Global,27.7592381572522,12.44,331.73,64.87,64.19,82932.0,124398.0,36.94,0.66,827.2,-0.47,26,1.0,233,79.98,10.08,39.31
Guinea,2004,69110.0,58.8572570405339,37.5050203483639,574.588370638941,67.8967424389784,43.7,68.0053981432642,Other/Global,27.6127299365131,12.44,331.73,65.03,64.39,82932.0,124398.0,37.06,0.61,972.5,-0.81,24,1.0,249,80.77,10.14,36.12
Guinea,2005,69110.0,59.2625437489825,38.30562835748,588.69619656767,67.6037287840093,43.7,66.7761955339765,Other/Global,27.4662217157741,12.44,331.73,65.11,64.55,82932.0,124398.0,37.18,0.8,888.2,-1.14,26,1.0,250,78.71,9.54,38.62
Guinea,2006,69110.0,59.6678304574312,39.1062363665961,602.804022496399,67.3131906962178,43.7,65.7813729955429,Other/Global,27.319713495035,12.44,331.73,65.27,64.75,82932.0,124398.0,37.29,0.73,1002.0,-0.25,25,1.0,241,80.09,11.53,41.42
Guinea,2007,69110.0,60.0731171658798,39.9068443757121,616.911848425128,67.0259613403614,43.7,64.0796881907257,Other/Global,27.1732052742959,12.44,331.73,65.43,64.95,82932.0,124398.0,37.41,0.79,838.0,-0.75,27,1.0,260,79.62,12.67,39.03
Guinea,2008,69110.0,60.4784038743285,40.7074523848282,631.019674353857,66.7428738811978,43.7,62.6022793362139,Other/Global,27.0266970535569,12.44,331.73,65.51,65.11,82932.0,124398.0,37.52,0.75,887.3,-0.5,27,1.0,237,78.55,11.84,37.7
Guinea,2009,69110.0,60.8836905827771,41.5080603939443,645.127500282586,66.4647614834846,43.7,61.5910018629073,Other/Global,26.8801888328178,12.44,331.73,65.67,65.32,82932.0,124398.0,37.63,0.61,817.9,-0.85,26,1.0,260,79.17,11.72,36.87
Guinea,2010,69110.0,61.2889772912258,42.3086684030604,659.235326211315,66.1924573119794,43.7,59.8361806635414,Other/Global,26.7336806120788,12.44,331.73,65.75,65.48,82932.0,124398.0,37.74,0.6,892.3,0.25,23,1.0,279,77.87,11.62,39.92
Guinea,2011,69064.0,62.2489215367084,43.4245596614032,676.859654320941,65.9267945314397,43.7,57.7296801165474,Other/Global,26.5871723913397,12.43,331.51,65.91,65.85,82876.8,124315.2,37.88,0.73,773.4,-1.07,24,1.0,283,79.91,12.38,39.65
Guinea,2012,69018.0,63.2088657821911,44.540450919746,694.483982430568,65.6686063066233,43.7,55.824662111075,Other/Global,26.4406641706007,12.42,331.29,66.08,66.22,82821.6,124232.4,38.03,0.63,852.7,-0.73,24,1.0,281,77.41,11.94,40.24
Guinea,2013,68972.0,64.1688100276737,45.6563421780888,712.108310540194,65.4187258022878,43.7,53.907331296504,Other/Global,26.2941559498616,12.41,331.07,66.16,66.54,82766.4,124149.6,38.17,0.66,776.8,-1.18,25,1.0,288,77.69,12.61,41.76
Guinea,2014,68926.0,65.1287542731564,46.7722334364316,729.732638649821,65.1822079173318,43.7,52.0316690578836,Other/Global,26.1476477291226,12.41,330.84,66.32,66.91,82711.2,124066.8,38.31,0.67,947.2,-0.34,26,1.0,297,79.25,13.6,40.58
Guinea,2015,68880.0,66.0886985186391,47.8881246947745,747.356966759448,64.9626808166504,43.7,51.7231767909932,Other/Global,26.0011395083835,12.4,330.62,66.4,67.24,82656.0,123984.0,38.44,0.85,949.1,-0.33,30,1.0,293,77.3,14.37,45.15
Guinea,2016,68704.0,66.6903717239134,49.1937677030766,808.617768800388,64.6899719238281,43.7,50.3134636437328,Other/Global,25.8383525964512,12.37,329.78,66.56,67.5,82444.8,123667.2,38.6,1.05,753.3,-0.97,31,1.0,312,76.65,13.32,42.85
Guinea,2017,68528.0,67.2920449291877,50.4994107113787,869.878570841328,64.4172668457031,43.7,49.2633426289937,Other/Global,25.675565684519,12.34,328.93,66.72,67.75,82233.6,123350.4,38.75,0.86,998.5,-0.81,25,1.0,266,77.85,15.04,47.39
Guinea,2018,68352.0,67.893718134462,51.8050537196809,931.139372882269,64.1445617675781,43.7,48.5915849298942,Other/Global,25.5127787725867,12.3,328.09,66.8,67.97,82022.4,123033.6,38.89,0.99,1091.6,-0.23,32,1.0,314,79.63,16.55,45.91
Guinea,2019,68176.0,68.4953913397363,53.110696727983,992.400174923209,63.8718452453613,43.7,48.2673703892797,Other/Global,25.3499918606544,12.27,327.24,66.96,68.23,81811.2,122716.8,39.04,1.11,895.5,-0.77,30,1.0,273,78.72,16.02,44.11
Guinea,2020,68000.0,69.0970645450106,54.4163397362852,1053.66097696415,63.5197791939449,43.7,49.7789511964888,Other/Global,25.1872049487221,12.24,326.4,67.04,68.44,81600.0,122400.0,39.18,0.99,840.6,-0.81,29,1.0,299,77.91,16.45,42.13
Guyana,1990,3790.0,3.61328727457455,3.80946913893828,528.851095342994,70.4312190448836,23.1,38.8239512947898,Other/Global,94.499110998222,0.68,18.19,3.63,13.41,4548.0,6822.0,24.21,0.31,1125.5,0.51,21,1.0,215,94.74,4.9,5.0
Guyana,1991,3855.0,3.61531927863855,3.81705765811531,569.14565098059,70.430373958388,23.1,38.8239512947898,Other/Global,94.479842519685,0.69,18.5,3.71,13.47,4626.0,6939.0,24.23,0.25,794.0,-0.39,19,1.0,217,94.17,3.69,5.0
Guyana,1992,3920.0,3.61735128270256,3.82464617729235,609.440206618186,70.4471347943714,23.1,37.5518663929689,Other/Global,94.4605740411481,0.71,18.82,3.71,13.5,4704.0,7056.0,24.26,0.43,901.1,-0.58,19,1.0,196,93.82,4.14,5.0
Guyana,1993,3985.0,3.61938328676657,3.83223469646939,649.734762255782,70.4883966464949,23.1,36.2393068180476,Other/Global,94.4413055626111,0.72,19.13,3.71,13.52,4782.0,7173.0,24.28,0.42,913.9,0.18,21,1.0,213,94.64,6.22,5.0
Guyana,1994,4050.0,3.62141529083058,3.83982321564643,690.029317893378,70.5514170287269,23.1,34.7989043687312,Other/Global,94.4220370840742,0.73,19.44,3.71,13.54,4860.0,7290.0,24.3,0.53,1007.1,0.23,29,1.0,209,93.96,6.69,5.0
Guyana,1995,4115.0,3.62344729489459,3.84741173482346,730.323873530974,70.633561878348,23.1,33.8550442603887,Other/Global,94.4027686055372,0.74,19.75,3.79,13.6,4938.0,7407.0,24.32,0.53,928.3,-0.73,22,1.0,234,93.48,7.35,5.0
Guyana,1996,4180.0,3.62547929895859,3.8550002540005,770.61842916857,70.7321971326387,23.1,32.2990642327185,Other/Global,94.3835001270003,0.75,20.06,3.79,13.62,5016.0,7524.0,24.35,0.62,859.6,-0.95,23,1.0,224,93.77,7.98,5.0
Guyana,1997,4245.0,3.6275113030226,3.86258877317754,810.912984806166,70.8446887288795,23.1,30.9798109725407,Other/Global,94.3642316484633,0.76,20.38,3.79,13.64,5094.0,7641.0,24.37,0.44,823.4,-0.92,25,1.0,218,93.94,6.87,5.0
Guyana,1998,4310.0,3.62954330708661,3.87017729235458,851.207540443762,70.9684026043511,23.1,30.2020230480967,Other/Global,94.3449631699263,0.78,20.69,3.79,13.66,5172.0,7758.0,24.39,0.4,872.1,-0.21,21,1.0,237,93.91,8.44,5.0
Guyana,1999,4375.0,3.63157531115062,3.87776581153162,891.502096081358,71.100704696334,23.1,28.5619833369839,Other/Global,94.3256946913894,0.79,21.0,3.87,13.72,5250.0,7875.0,24.41,0.39,818.9,-0.97,19,1.0,244,93.98,8.82,5.0
Guyana,2000,4440.0,3.63360731521463,3.88535433070866,931.796651718955,71.2389609421087,23.1,27.5047467836449,Other/Global,94.3064262128524,0.8,21.31,3.87,13.74,5328.0,7992.0,24.43,0.37,903.3,-0.38,22,1.0,236,92.36,9.67,6.2
Guyana,2001,5165.0,3.63549931419862,3.87744170688341,1296.79316624055,71.3805372789559,23.1,25.958042533918,Other/Global,94.2838658877318,0.93,24.79,3.95,13.97,6198.0,9297.0,24.6,0.47,854.2,-0.39,21,1.0,252,93.29,10.16,5.0
Guyana,2002,5890.0,3.63739131318262,3.86952908305816,1661.78968076214,71.5203223189308,23.1,24.6996099908721,Other/Global,94.2613055626111,1.06,28.27,4.03,14.18,7068.0,10602.0,24.74,0.48,779.8,-0.8,20,1.0,269,92.02,9.0,5.0
Guyana,2003,6615.0,3.63928331216662,3.86161645923291,2026.78619528374,71.6916527513338,23.1,24.6085314840636,Other/Global,94.2387452374905,1.19,31.75,4.11,14.37,7938.0,11907.0,24.87,0.59,999.6,-0.06,25,1.0,218,93.86,9.68,5.0
Guyana,2004,7340.0,3.64117531115062,3.85370383540766,2391.78270980534,71.9331149827477,23.1,24.1700229915046,Other/Global,94.2161849123698,1.32,35.23,4.11,14.5,8808.0,13212.0,24.98,0.75,859.3,-1.06,25,1.0,271,93.95,10.35,5.0
Guyana,2005,8065.0,3.64306731013462,3.84579121158242,2756.77922432693,72.2241449293807,23.1,24.4540301910591,Other/Global,94.1936245872492,1.45,38.71,4.19,14.66,9678.0,14517.0,25.08,0.61,797.6,-0.65,25,1.0,278,95.12,9.95,5.0
Guyana,2006,8790.0,3.64495930911861,3.83787858775717,3121.77573884853,72.5395417653879,23.1,23.3418250022995,Other/Global,94.1710642621285,1.58,42.19,4.27,14.81,10548.0,15822.0,25.17,0.81,885.5,-0.88,27,1.0,266,93.9,11.93,5.95
Guyana,2007,9515.0,3.64685130810261,3.82996596393192,3486.77225337013,72.8541046649245,23.1,21.9359434003557,Other/Global,94.1485039370079,1.71,45.67,4.35,14.96,11418.0,17127.0,25.25,0.83,904.3,-0.75,25,1.0,259,93.09,11.31,5.0
Guyana,2008,10240.0,3.64874330708661,3.82205334010667,3851.76876789172,73.1426328021458,23.1,21.5592640001268,Other/Global,94.1259436118872,1.84,49.15,4.35,15.05,12288.0,18432.0,25.33,0.7,759.1,-0.96,25,1.0,243,93.03,12.85,5.0
Guyana,2009,10965.0,3.65063530607061,3.81414071628142,4216.76528241332,73.379925351207,23.1,20.7359168712857,Other/Global,94.1033832867666,1.97,52.63,4.43,15.18,13158.0,19737.0,25.4,0.51,925.2,-0.29,21,1.0,271,94.31,13.56,5.0
Guyana,2010,11690.0,3.65252730505461,3.80622809245618,4581.76179693492,73.5407814862632,23.1,19.8721923591884,Other/Global,94.0808229616459,2.1,56.11,4.43,15.26,14028.0,21042.0,25.47,0.61,814.8,-0.76,24,1.0,268,92.72,12.56,5.0
Guyana,2011,11192.0,3.65252730505461,3.81590551181102,4793.49255868686,73.6000003814697,23.1,18.826660358389,Other/Global,94.0214376428753,2.01,53.72,4.51,15.24,13430.4,20145.6,25.42,0.75,1035.5,-0.37,25,1.0,256,93.72,11.8,5.08
Guyana,2012,10694.0,3.65252730505461,3.82558293116586,5005.22332043881,73.6000003814697,23.1,18.0719574971784,Other/Global,93.9620523241046,1.92,51.33,4.51,15.19,12832.8,19249.2,25.38,0.65,940.6,-0.47,23,1.0,271,94.68,13.59,5.0
Guyana,2013,10196.0,3.65252730505461,3.8352603505207,5216.95408219076,73.5996108646331,23.1,17.5323963083094,Other/Global,93.902667005334,1.84,48.94,4.51,15.13,12235.2,18352.8,25.33,0.61,866.8,-0.6,23,1.0,284,95.97,15.09,5.0
Guyana,2014,9698.0,3.65252730505461,3.84493776987554,5428.68484394271,73.5981847983843,23.1,17.3200176535606,Other/Global,93.8432816865634,1.75,46.55,4.59,15.1,11637.6,17456.4,25.28,0.7,839.2,-1.18,24,1.0,292,94.92,15.49,5.0
Guyana,2015,9200.0,3.65252730505461,3.85461518923038,5640.41560569466,73.5956081702421,23.1,17.2733258272005,Other/Global,93.7838963677927,1.66,44.16,4.59,15.03,11040.0,16560.0,25.23,0.88,890.5,-0.87,27,1.0,276,92.91,14.77,7.31
Guyana,2016,8886.0,3.60308654045365,3.84856948395984,5867.47436274833,73.5919107117101,23.1,16.7512847982362,Other/Global,93.7371602743206,1.6,42.65,4.59,14.98,10663.2,15994.8,25.19,0.93,948.0,-0.47,27,1.0,259,92.65,15.36,5.0
Guyana,2017,8572.0,3.55364577585269,3.84252377868931,6094.533119802,73.587094453427,23.1,16.3477151472976,Other/Global,93.6903733807468,1.54,41.15,4.59,14.91,10286.4,15429.6,25.14,0.93,896.9,-1.14,28,1.0,294,94.32,15.55,5.0
Guyana,2018,8258.0,3.50420501125173,3.83647807341877,6321.59187685568,73.5811621482116,23.1,15.9146527421358,Other/Global,93.6436372872746,1.49,39.64,4.59,14.85,9909.6,14864.4,25.1,0.96,881.6,-0.48,29,1.0,288,93.32,15.61,5.0
Guyana,2019,7944.0,3.45476424665077,3.83043236814824,6548.65063390935,73.5741165226942,23.1,15.2981983446759,Other/Global,93.5968503937008,1.43,38.13,4.67,14.83,9532.8,14299.2,25.05,0.97,903.7,-0.38,27,1.0,299,91.81,15.13,5.0
Guyana,2020,7630.0,3.40532348204982,3.82438666287771,6775.70939096303,73.5659602646324,23.1,15.6308605001777,Other/Global,87.2186227147864,1.37,36.62,9.19,17.02,9156.0,13734.0,25.0,0.92,850.8,-1.27,25,1.0,278,96.71,17.33,5.0
Honduras,1990,67370.0,29.6719992850121,44.512360353919,749.818113552631,59.5122591086311,23.1,28.5330472750472,Other/Global,62.452229868621,12.13,323.38,33.6,39.89,80844.0,121266.0,37.97,0.4,864.5,-0.03,19,1.0,199,87.24,4.23,19.61
Honduras,1991,65685.0,29.3279113414961,45.9399097327732,784.092702943619,59.0252245343198,23.1,28.5330472750472,Other/Global,62.264983465904,11.82,315.29,33.76,39.83,78822.0,118233.0,38.1,0.31,725.3,-0.87,18,1.0,213,88.62,5.17,25.16
Honduras,1992,64000.0,28.9838233979801,47.3674591116274,818.367292334608,58.547612550721,23.1,28.6332241965141,Other/Global,62.0777370631871,11.52,307.2,33.84,39.73,76800.0,115200.0,38.23,0.5,970.2,-0.04,22,1.0,204,86.8,5.93,21.76
Honduras,1993,62315.0,28.6397354544642,48.7950084904816,852.641881725597,58.0761792796115,23.1,28.0157231989605,Other/Global,61.8904906604701,11.22,299.11,33.92,39.64,74778.0,112167.0,38.34,0.56,916.4,-0.54,22,1.0,216,87.25,6.49,15.03
Honduras,1994,60630.0,28.2956475109482,50.2225578693359,886.916471116586,57.607680842768,23.1,27.6707579082684,Other/Global,61.7032442577531,10.91,291.02,34.0,39.54,72756.0,109134.0,38.45,0.53,830.8,-0.38,21,1.0,213,87.56,5.6,23.62
Honduras,1995,58945.0,27.9515595674322,51.6501072481901,921.191060507575,57.1388733619672,23.1,27.7410600239633,Other/Global,61.5159978550362,10.61,282.94,34.09,39.44,70734.0,106101.0,38.56,0.41,1044.8,0.28,23,1.0,192,87.13,5.76,20.6
Honduras,1996,57260.0,27.6074716239163,53.0776566270443,955.465649898564,56.6665129589857,23.1,28.6117080685352,Other/Global,61.3287514523193,10.31,274.85,34.17,39.34,68712.0,103068.0,38.66,0.45,900.1,-0.6,19,1.0,226,86.64,7.39,22.73
Honduras,1997,55575.0,27.2633836804003,54.5052060058986,989.740239289553,56.1873557556003,23.1,27.4441841343188,Other/Global,61.1415050496023,10.0,266.76,34.25,39.24,66690.0,100035.0,38.75,0.39,810.4,-0.96,21,1.0,216,90.27,7.84,20.06
Honduras,1998,53890.0,26.9192957368844,55.9327553847528,1024.01482868054,55.6981578735876,23.1,25.348913056209,Other/Global,60.9542586468853,9.7,258.67,34.25,39.1,64668.0,97002.0,38.84,0.3,962.1,-0.47,20,1.0,212,88.15,7.24,19.66
Honduras,1999,52205.0,26.5752077933684,57.360304763607,1058.28941807153,55.1956754347244,23.1,25.7932132073209,Other/Global,60.7670122441684,9.4,250.58,34.33,39.0,62646.0,93969.0,38.92,0.4,925.6,-0.18,19,1.0,245,85.91,8.87,17.54
Honduras,2000,50520.0,26.2311198498525,58.7878541424613,1092.56400746252,54.6766645607873,23.1,26.6796786801139,Other/Global,60.5797658414514,9.09,242.5,34.41,38.89,60624.0,90936.0,38.99,0.3,925.5,0.02,19,1.0,243,88.01,8.43,20.36
Honduras,2001,52117.0,26.5287335776208,60.3859460184109,1172.6403293783,54.1376966444085,23.1,27.5938484890009,Other/Global,60.3985164000357,9.38,250.16,34.65,39.14,62540.4,93810.6,39.22,0.54,859.7,-0.37,22,1.0,233,86.09,8.26,21.51
Honduras,2002,53714.0,26.8263473053892,61.9840378943605,1252.71665129408,53.5805809935884,23.1,29.3683903504207,Other/Global,60.2172669586201,9.67,257.83,34.89,39.39,64456.8,96685.2,39.45,0.47,929.6,-0.31,19,1.0,243,86.73,8.46,16.09
Honduras,2003,55311.0,27.1239610331575,63.5821297703101,1332.79297320986,53.009815395955,23.1,27.9721918450242,Other/Global,60.0360175172044,9.96,265.49,35.13,39.63,66373.2,99559.8,39.67,0.59,872.4,-0.91,24,1.0,252,87.8,10.03,18.23
Honduras,2004,56908.0,27.4215747609259,65.1802216462597,1412.86929512565,52.4260223903944,23.1,25.7745511923928,Other/Global,59.8547680757887,10.24,273.16,35.46,39.92,68289.6,102434.4,39.89,0.67,937.6,-0.62,25,1.0,227,88.24,10.22,17.68
Honduras,2005,58505.0,27.7191884886942,66.7783135222093,1492.94561704143,51.8296115821446,23.1,25.4291514770876,Other/Global,59.673518634373,10.53,280.82,35.7,40.17,70206.0,105309.0,40.1,0.67,740.6,-0.72,25,1.0,239,84.49,10.73,23.98
Honduras,2006,60102.0,28.0168022164626,68.3764053981589,1573.02193895721,51.2209925764436,23.1,27.7631558952695,Other/Global,59.4922691929574,10.82,288.49,35.94,40.41,72122.4,108183.6,40.31,0.77,858.1,-0.9,27,1.0,243,89.5,9.93,22.92
Honduras,2007,61699.0,28.3144159442309,69.9744972741085,1653.098260873,50.6005749785296,23.1,26.2780182644189,Other/Global,59.3110197515417,11.11,296.16,36.18,40.66,74038.8,111058.2,40.52,0.69,1030.4,-0.07,24,1.0,271,86.58,9.43,20.23
Honduras,2008,63296.0,28.6120296719993,71.5725891500581,1733.17458278878,49.9687683936407,23.1,25.988777464853,Other/Global,59.129770310126,11.39,303.82,36.42,40.9,75955.2,113932.8,40.73,0.78,831.0,-1.18,27,1.0,290,87.03,12.09,23.37
Honduras,2009,64893.0,28.9096433997676,73.1706810260077,1813.25090470456,49.3259824270149,23.1,27.1550242497906,Other/Global,58.9485208687103,11.68,311.49,36.66,41.14,77871.6,116807.4,40.93,0.57,843.9,-0.54,25,1.0,279,89.06,12.95,18.75
Honduras,2010,66490.0,29.207257127536,74.7687729019573,1893.32722662035,48.6726266838902,23.1,28.0306037749468,Other/Global,58.7672714272947,11.97,319.15,36.91,41.38,79788.0,119682.0,41.12,0.67,856.2,-0.82,25,1.0,275,89.2,11.09,22.37
Honduras,2011,73764.0,29.3985164000357,76.3264223791223,1968.90231325697,48.0091107695049,23.1,26.8998845960303,Other/Global,58.5677182947538,13.28,354.07,37.39,41.81,88516.8,132775.2,41.5,0.8,794.0,-0.68,27,1.0,262,86.36,12.44,23.88
Honduras,2012,81038.0,29.5897756725355,77.8840718562874,2044.4773998936,47.3358442890969,23.1,28.5136305189225,Other/Global,58.3681651622129,14.59,388.98,37.95,42.27,97245.6,145868.4,41.86,0.57,713.6,-0.85,29,1.0,292,88.33,15.28,21.17
Honduras,2013,88312.0,29.7810349450353,79.4417213334524,2120.05248653023,46.643620866747,23.1,26.2311979717499,Other/Global,58.168612029672,15.9,423.9,38.36,42.64,105974.4,158961.6,42.2,0.63,871.0,-0.75,24,1.0,279,87.2,14.01,22.49
Honduras,2014,95586.0,29.9722942175351,80.9993708106175,2195.62757316686,46.1231910875751,23.1,21.1163100874757,Other/Global,57.9690588971311,17.21,458.81,38.84,43.04,114703.2,172054.8,42.52,0.79,899.4,-0.67,35,1.0,273,90.14,15.0,23.76
Honduras,2015,102860.0,30.1635534900349,82.5570202877826,2271.20265980349,45.6171526248566,23.1,21.0491854409635,Other/Global,57.7695057645902,18.51,493.73,39.24,43.39,123432.0,185148.0,42.83,0.83,883.5,-0.88,27,1.0,302,86.1,15.64,25.31
Honduras,2016,96460.0,30.4549110733756,84.1341674859236,2278.48511648181,45.1131585421143,23.1,19.8831800387265,Other/Global,57.5837876485834,17.36,463.01,39.24,43.4,115752.0,173628.0,42.81,0.91,876.8,-1.23,27,1.0,315,88.82,14.33,20.15
Honduras,2017,90060.0,30.7462686567164,85.7113146840646,2285.76757316013,44.6122677660085,23.1,23.9436044061677,Other/Global,57.3966395567075,16.21,432.29,39.16,43.36,108072.0,162108.0,42.77,0.98,892.6,-1.07,30,1.0,309,86.06,16.98,23.07
Honduras,2018,83660.0,31.0376262400572,87.2884618822057,2293.05002983846,44.1147422283753,23.1,23.5398236570113,Other/Global,57.2094020913397,15.06,401.57,39.08,43.31,100392.0,150588.0,42.72,1.04,971.8,-0.53,31,1.0,337,85.4,14.09,21.78
Honduras,2019,77260.0,31.328983823398,88.8656090803467,2300.33248651678,43.6208438610234,23.1,22.5219034960644,Other/Global,57.0221646259719,13.91,370.85,39.0,43.26,92712.0,139068.0,42.65,1.09,875.5,-0.86,32,1.0,294,86.25,16.27,24.91
Honduras,2020,70860.0,31.6203414067388,90.4427562784878,2307.61494319511,43.1308345957315,23.1,23.5720715664459,Other/Global,56.8349271606042,12.75,340.13,38.84,43.15,85032.0,127548.0,42.55,1.03,845.6,-0.96,31,1.0,302,84.58,16.52,23.41
Hungary,1990,830.0,72.0373873372649,115.433270279292,3323.53967237633,38.999497805739,13.5,11.142616514046,Other/Global,20.1835985312118,0.15,3.98,43.27,51.82,996.0,1494.0,32.63,0.25,877.4,-0.37,19,1.0,190,75.32,4.12,50.63
Hungary,1991,896.0,71.3656727053014,115.283573021503,3454.17746595124,38.6767072558663,13.5,11.142616514046,Other/Global,20.3029598308668,0.16,4.3,43.67,51.92,1075.2,1612.8,32.82,0.39,946.2,0.12,18,1.0,194,76.22,4.8,45.9
Hungary,1992,962.0,70.6939580733379,115.133875763714,3584.81525952616,38.3524394019617,13.5,10.7877326975907,Other/Global,20.4223211305219,0.17,4.62,44.08,52.01,1154.4,1731.6,33.0,0.55,1012.8,-0.04,22,1.0,232,76.47,5.31,47.23
Hungary,1993,1028.0,70.0222434413744,114.984178505926,3715.45305310107,38.0269830101517,13.5,8.81619783259401,Other/Global,20.5439683952815,0.19,4.93,44.4,52.06,1233.6,1850.4,33.17,0.43,849.6,-0.3,23,1.0,198,78.04,5.04,51.78
Hungary,1994,1094.0,69.3505288094109,114.834481248137,3846.09084667599,37.7006268465631,13.5,8.43098296526214,Other/Global,20.6633429779657,0.2,5.25,44.72,52.09,1312.8,1969.2,33.33,0.37,907.8,-0.8,19,1.0,209,78.1,5.47,46.95
Hungary,1995,1160.0,68.6788141774474,114.684783990349,3976.7286402509,37.3736596773227,13.5,7.74709545710884,Other/Global,20.7827175606499,0.21,5.57,45.04,52.13,1392.0,2088.0,33.48,0.53,926.9,-1.51,22,1.0,240,77.24,6.74,49.11
Hungary,1996,1226.0,68.0070995454839,114.53508673256,4107.36643382582,37.0463702685571,13.5,7.93655098174125,Other/Global,20.9020921433341,0.22,5.88,45.37,52.16,1471.2,2206.8,33.61,0.41,820.4,-0.51,19,1.0,230,75.36,7.01,44.43
Hungary,1997,1292.0,67.3353849135204,114.385389474771,4238.00422740073,36.7190473863933,13.5,7.53624401889447,Other/Global,21.0355122494432,0.23,6.2,45.61,52.15,1550.4,2325.6,33.74,0.22,901.5,-0.6,16,1.0,213,75.05,7.27,43.16
Hungary,1998,1358.0,66.6636702815569,114.235692216983,4368.64202097565,36.3919797969578,13.5,7.08381020836942,Other/Global,21.1549665924276,0.24,6.52,45.85,52.13,1629.6,2444.4,33.87,0.44,782.6,-0.81,20,1.0,230,77.15,8.86,48.53
Hungary,1999,1424.0,65.9919556495934,114.085994959194,4499.27981455056,36.0654562663774,13.5,6.71255180580225,Other/Global,21.274420935412,0.26,6.84,46.09,52.11,1708.8,2563.2,33.99,0.33,758.3,-0.83,21,1.0,210,76.95,7.99,46.92
Hungary,2000,1490.0,65.32024101763,113.936297701406,4629.91760812548,35.7397655607789,13.5,6.24061921106578,Other/Global,21.4368444543629,0.27,7.15,46.25,52.04,1788.0,2682.0,34.1,0.39,929.2,0.26,20,1.0,236,77.41,9.21,44.07
Hungary,2001,1531.0,64.6901278846066,113.588755416077,5485.91018606061,35.353119716959,13.5,5.97504198045352,Other/Global,21.5765677304173,0.28,7.35,46.33,51.93,1837.2,2755.8,34.16,0.47,869.1,-0.36,19,1.0,243,80.22,9.5,47.77
Hungary,2002,1572.0,64.0600147515832,113.241213130748,6341.90276399574,34.9599990844727,13.5,5.90886567247634,Other/Global,21.7162910064718,0.28,7.55,46.41,51.81,1886.4,2829.6,34.21,0.52,916.0,-0.31,20,1.0,248,77.71,9.76,42.87
Hungary,2003,1613.0,63.4299016185599,112.893670845419,7197.89534193087,35.1547012329102,13.5,5.20124744857018,Other/Global,21.8560142825262,0.29,7.74,46.49,51.7,1935.6,2903.4,34.26,0.63,898.4,-0.26,25,1.0,277,77.55,9.43,42.0
Hungary,2004,1654.0,62.7997884855365,112.54612856009,8053.887919866,34.9774627685547,13.5,5.08584675656086,Other/Global,21.9957375585807,0.3,7.94,46.58,51.59,1984.8,2977.2,34.31,0.61,821.7,-0.64,22,1.0,264,78.75,10.89,43.35
Hungary,2005,1695.0,62.1696753525131,112.198586274761,8909.88049780114,33.8738632202148,15.9,4.70136403207076,Other/Global,22.1379310344828,0.31,8.14,46.66,51.47,2034.0,3051.0,34.36,0.73,896.2,-0.73,25,1.0,239,78.28,11.02,42.38
Hungary,2006,1736.0,61.5395622194898,111.851043989432,9765.87307573627,32.9844131469727,12.3,4.60141892800995,Other/Global,22.2776699029126,0.31,8.33,46.74,51.35,2083.2,3124.8,34.41,0.7,801.1,-0.57,26,1.0,261,79.78,12.81,40.21
Hungary,2007,1777.0,60.9094490864664,111.503501704103,10621.8656536714,32.9958343505859,12.4,4.43063220304173,Other/Global,22.4174087713425,0.32,8.53,46.82,51.23,2132.4,3198.6,34.45,0.78,1011.1,-0.59,22,1.0,262,79.52,13.06,41.9
Hungary,2008,1818.0,60.2793359534431,111.155959418774,11477.8582316065,31.9023013921117,12.4,4.31457271513659,Other/Global,22.5571476397723,0.33,8.73,46.82,51.07,2181.6,3272.4,34.5,0.76,791.3,-0.87,27,1.0,295,81.6,12.59,42.24
Hungary,2009,1859.0,59.6492228204197,110.808417133445,12333.8508095416,31.5407409667969,12.3,4.60902893731813,Other/Global,22.4662321882249,0.33,8.92,47.06,51.03,2230.8,3346.2,34.54,0.61,884.1,-1.01,23,1.0,264,79.19,12.86,43.0
Hungary,2010,1900.0,59.0191096873964,110.460874848117,13189.8433874768,30.4694519042969,14.1,4.54057953760319,Other/Global,22.6045509775765,0.34,9.12,47.06,50.87,2280.0,3420.0,34.58,0.74,816.4,-0.81,23,1.0,276,82.01,13.36,46.27
Hungary,2011,2088.0,58.7515577477255,109.840878269902,13108.4629615409,30.5220065917969,14.3,4.88585335122042,Other/Global,22.6364299127361,0.38,10.02,47.62,51.19,2505.6,3758.4,34.8,0.6,945.4,-0.27,22,1.0,281,80.6,14.25,43.21
Hungary,2012,2276.0,58.4840058080547,109.220881691688,13027.0825356049,30.4227673339844,15.0,5.06369050855927,Other/Global,22.6683088478957,0.41,10.92,48.19,51.5,2731.2,4096.8,34.99,0.72,873.2,-0.16,25,1.0,265,80.47,15.65,38.45
Hungary,2013,2464.0,58.2164538683839,108.600885113474,12945.7021096691,30.0722363733362,15.0,4.77732114730639,Other/Global,22.7001877830553,0.44,11.83,48.67,51.76,2956.8,4435.2,35.17,0.72,858.2,-1.18,26,1.0,261,77.51,16.13,45.82
Hungary,2014,2652.0,57.9489019287131,107.98088853526,12864.3216837332,29.6928946487992,14.9,4.67524521966147,Other/Global,22.5502301117686,0.48,12.73,49.23,52.06,3182.4,4773.6,35.33,0.89,967.9,-0.67,28,1.0,284,77.4,13.42,40.29
Hungary,2015,2840.0,57.6813499890423,107.360891957046,12782.9412577973,29.5152282714844,14.5,4.9001399780673,Other/Global,22.5818540433925,0.51,13.63,49.64,52.27,3408.0,5112.0,35.48,0.8,902.0,-0.39,26,1.0,301,78.1,17.13,40.66
Hungary,2016,2560.0,56.920167872014,107.081829936445,13503.739182663,29.5266189575195,13.4,5.03976889170395,Other/Global,22.5589524435678,0.46,12.29,48.99,51.58,3072.0,4608.0,35.2,0.86,941.0,-0.45,26,1.0,275,80.48,16.31,38.17
Hungary,2017,2280.0,56.1589857549857,106.802767915844,14224.5371075286,29.5457458496094,12.8,5.0366843206994,Other/Global,22.5429541968004,0.41,10.94,48.27,50.85,2736.0,4104.0,34.89,0.94,821.2,-0.96,26,1.0,297,81.32,15.79,39.03
Hungary,2018,2000.0,55.3978036379574,106.523705895244,14945.3350323944,29.5288238525391,12.3,4.90634361481413,Other/Global,22.5281612973921,0.36,9.6,47.46,50.05,2400.0,3600.0,34.54,0.96,787.4,-1.43,31,1.0,292,81.24,17.34,38.53
Hungary,2019,1720.0,54.6366215209291,106.244643874643,15666.13295726,29.5434722900391,12.3,4.73233560479278,Other/Global,22.5122726276572,0.31,8.26,46.49,49.14,2064.0,3096.0,34.14,1.07,908.4,-1.01,32,1.0,276,80.84,17.21,39.47
Hungary,2020,1440.0,53.8754394039009,105.965581854043,16386.9308821258,29.7082672119141,12.6,4.74154083828292,Other/Global,22.4962743808898,0.26,6.91,45.45,48.17,1728.0,2592.0,33.67,0.87,874.3,-0.41,24,1.0,312,82.07,19.68,39.45
Iceland,1990,0.0,18.9625935162095,2.54190523690773,26272.2452156659,9.3940887451172,10.0,10.1888110870103,Other/Global,0.170274314214464,0.0,0.0,0.0,5.69,0.0,0.0,15.0,0.19,950.1,0.0,15,28.34,325,76.11,7.98,10.75
Iceland,1991,0.0,18.9506234413965,2.56821845386533,26895.3785904229,9.0989074707031,10.0,10.1888110870103,Other/Global,0.183002493765586,0.0,0.0,0.0,5.69,0.0,0.0,15.0,0.25,893.6,-0.11,18,27.69,329,74.66,8.15,13.88
Iceland,1992,0.0,18.9386533665835,2.59453167082294,27518.5119651799,8.854362487793,10.0,10.4525768101619,Other/Global,0.195730673316708,0.0,0.0,0.0,5.68,0.0,0.0,15.0,0.47,916.4,-0.36,23,30.67,347,74.07,11.07,10.4
Iceland,1993,0.0,18.9266832917705,2.62084488778054,28141.6453399369,8.703742980957,10.0,9.19228803038049,Other/Global,0.20845885286783,0.0,0.0,0.0,5.68,0.0,0.0,15.0,0.57,770.1,-1.24,20,26.85,321,75.96,10.18,13.72
Iceland,1994,0.0,18.9147132169576,2.64715810473815,28764.7787146939,8.55055999755859,10.0,9.06136507753502,Other/Global,0.221187032418953,0.0,0.0,0.0,5.67,0.0,0.0,15.0,0.44,1051.1,0.43,21,31.22,351,74.07,9.93,10.17
Iceland,1995,0.0,18.9027431421446,2.67347132169576,29387.9120894509,8.36000823974609,10.0,9.57348520367357,Other/Global,0.233915211970075,0.0,0.0,0.0,5.67,0.0,0.0,15.0,0.43,886.9,-0.24,23,28.78,341,74.84,12.29,9.21
Iceland,1996,0.0,18.8907730673316,2.69978453865336,30011.0454642079,8.1598358154297,10.0,9.97641912443184,Other/Global,0.246643391521197,0.0,0.0,0.0,5.67,0.0,0.0,15.0,0.42,955.8,0.54,18,27.21,296,75.63,12.33,10.87
Iceland,1997,0.0,18.8788029925187,2.72609775561097,30634.1788389649,7.98110198974609,10.0,9.08437839945814,Other/Global,0.259371571072319,0.0,0.0,0.0,5.66,0.0,0.0,15.0,0.48,833.1,-0.91,21,29.98,327,73.07,11.26,10.97
Iceland,1998,0.0,18.8668329177057,2.75241097256857,31257.3122137219,8.3239902737178,10.0,8.64751272369069,Other/Global,0.272099750623441,0.0,0.0,0.0,5.66,0.0,0.0,15.0,0.3,924.6,0.09,18,29.44,340,74.34,11.58,9.49
Iceland,1999,0.0,18.8548628428927,2.77872418952618,31880.4455884789,8.1878658138013,10.0,8.9164422525085,Other/Global,0.284827930174564,0.0,0.0,0.0,5.66,0.0,0.0,15.0,0.39,795.8,-1.05,22,29.25,355,73.79,12.78,10.69
Iceland,2000,0.0,18.8428927680798,2.80503740648379,32503.578963236,8.0325807968358,10.0,8.71327992231124,Other/Global,0.297556109725686,0.0,0.0,0.0,5.65,0.0,0.0,15.0,0.47,936.2,-0.21,22,29.64,363,72.7,13.05,10.36
Iceland,2001,0.0,18.8279301745635,2.84178154613466,33630.8678409171,7.9547695439641,10.0,7.71182383915749,Other/Global,0.312359102244389,0.0,0.0,0.0,5.65,0.0,0.0,15.0,0.48,871.5,-0.19,19,28.71,368,74.86,13.16,11.44
Iceland,2002,0.0,18.8129675810473,2.87852568578553,34758.1567185983,7.8325977401088,10.0,7.36914934938823,Other/Global,0.327162094763092,0.0,0.0,0.0,5.64,0.0,0.0,15.0,0.52,902.3,-1.03,25,29.04,374,73.1,14.26,12.53
Iceland,2003,0.0,18.7980049875311,2.9152698254364,35885.4455962794,7.6764440683137,10.0,6.98440270690841,Other/Global,0.341965087281795,0.0,0.0,0.0,5.64,0.0,0.0,15.0,0.66,955.8,-0.4,23,30.27,375,73.6,16.22,11.26
Iceland,2004,0.0,18.7830423940149,2.95201396508728,37012.7344739606,7.5622706624646,9.7,6.32095549888159,Other/Global,0.356768079800499,0.0,0.0,0.0,5.63,0.0,0.0,15.0,0.43,801.4,-0.84,20,28.42,375,74.23,16.21,9.55
Iceland,2005,0.0,18.7680798004987,2.98875810473815,38140.0233516417,7.62255898493601,9.6,6.53015562493045,Other/Global,0.371571072319202,0.0,0.0,0.0,5.63,0.0,0.0,15.0,0.75,845.2,-0.99,26,29.22,398,73.56,16.23,10.68
Iceland,2006,0.0,18.7531172069825,3.02550224438902,39267.3122293228,7.8050990961187,10.1,6.31382169502563,Other/Global,0.386374064837905,0.0,0.0,0.0,5.63,0.0,0.0,15.0,0.67,936.6,-0.3,22,24.58,365,78.48,16.2,13.39
Iceland,2007,0.0,18.7381546134663,3.0622463840399,40394.601107004,7.63854282967711,10.1,5.91911566459962,Other/Global,0.401177057356608,0.0,0.0,0.0,5.62,0.0,0.0,15.0,0.58,1067.9,0.43,23,28.25,377,76.74,16.92,10.07
Iceland,2008,0.0,18.7231920199501,3.09899052369077,41521.8899846852,6.9353557825784,10.2,4.60355035938397,Other/Global,0.415980049875312,0.0,0.0,0.0,5.62,0.0,0.0,15.0,0.75,889.0,-0.68,25,31.42,401,72.68,18.12,9.47
Iceland,2009,0.0,18.7082294264339,3.13573466334164,42649.1788623663,6.5558659446293,9.8,4.8338886571071,Other/Global,0.430783042394015,0.0,0.0,0.0,5.61,0.0,0.0,15.0,0.79,947.3,-0.41,26,24.84,383,77.86,18.6,8.31
Iceland,2010,0.0,18.6932668329177,3.17247880299252,43776.4677400475,6.5411651892114,9.2,5.58693636892321,Other/Global,0.445586034912718,0.0,0.0,0.0,5.61,0.0,0.0,15.0,0.64,891.4,-0.51,23,30.41,420,71.7,18.72,10.01
Iceland,2011,0.0,18.68927680798,3.19796309226932,45722.3134736247,6.58893887572999,7.9,5.48892459543211,Other/Global,0.452548628428928,0.0,0.0,0.0,5.61,0.0,0.0,15.0,0.72,1055.4,-0.06,26,28.64,377,73.16,20.21,13.02
Iceland,2012,0.0,18.6852867830423,3.22344738154613,47668.159207202,6.485107421875,9.3,5.54851857481436,Other/Global,0.459511221945137,0.0,0.0,0.0,5.61,0.0,0.0,15.0,0.78,760.2,-1.42,26,25.17,358,76.41,19.08,9.91
Iceland,2013,0.0,18.6812967581047,3.24893167082294,49614.0049407793,6.3833274841308,7.9,4.44490772235511,Other/Global,0.466473815461347,0.0,0.0,0.0,5.6,0.0,0.0,15.0,0.79,907.6,-0.27,26,27.93,400,73.69,21.47,11.3
Iceland,2014,0.0,18.677306733167,3.27441596009975,51559.8506743566,6.3803283684195,9.2,4.53557863422667,Other/Global,0.473436408977556,0.0,0.0,0.0,5.6,0.0,0.0,15.0,0.88,770.0,-1.05,27,28.63,382,75.03,21.85,10.39
Iceland,2015,0.0,18.6733167082294,3.29990024937656,53505.6964079339,6.272080231434,8.8,4.23885263520567,Other/Global,0.480399002493766,0.0,0.0,0.0,5.6,0.0,0.0,15.0,0.87,699.5,-1.25,28,29.55,407,74.42,20.88,10.27
Iceland,2016,0.0,18.6518339675951,3.36681298934554,54830.1449978594,6.2177352905274,10.1,3.8950105237093,Other/Global,0.485386533665835,0.0,0.0,0.0,5.6,0.0,0.0,15.0,0.89,923.8,-0.87,27,27.76,434,75.01,22.08,13.99
Iceland,2017,0.0,18.6303512269608,3.43372572931452,56154.5935877849,6.2281017689908,8.8,3.75622973823003,Other/Global,0.492568578553616,0.0,0.0,0.0,5.59,0.0,0.0,15.0,0.82,911.2,-0.76,25,29.6,418,76.9,24.38,11.05
Iceland,2018,0.0,18.6088684863265,3.5006384692835,57479.0421777105,6.1473332974513,8.8,4.02956118339603,Other/Global,0.496280868789051,0.0,0.0,0.0,5.58,0.0,0.0,15.0,0.97,877.2,-0.9,28,30.91,428,73.79,24.18,8.83
Iceland,2019,0.0,18.5873857456922,3.56755120925247,58803.490767636,6.0229152583869,8.8,4.03613668687776,Other/Global,0.502727362888029,0.0,0.0,0.0,5.58,0.0,0.0,15.0,0.93,891.5,-1.23,28,30.33,422,74.36,24.25,8.28
Iceland,2020,0.0,18.565903005058,3.63446394922146,60127.9393575616,5.8632897125278,8.8,4.04334918297893,Other/Global,0.5092730338193,0.0,0.0,0.0,5.57,0.0,0.0,15.0,1.17,1147.9,-0.62,30,30.97,457,73.91,25.18,9.21
India,1990,384000.0,61.0162821750376,290.923964159707,371.085936203765,74.4215982654965,45.3,63.1283195373591,Other/Global,21.5048483278902,69.12,1843.2,81.31,75.36,460800.0,691200.0,57.48,0.26,833.3,-0.61,28,1.0,210,78.11,4.57,51.69
India,1991,408550.0,61.0015505231754,297.413643998533,378.252364477114,74.2202389094181,45.3,63.1283195373591,Other/Global,21.6277129951332,73.54,1961.04,81.63,75.6,490260.0,735390.0,57.92,0.35,891.8,-0.15,30,1.0,200,81.54,5.23,56.26
India,1992,433100.0,60.9868188713133,303.903323837359,385.418792750464,74.0191423297343,45.3,62.8983336367001,Other/Global,21.7505776623761,77.96,2078.88,81.87,75.79,519720.0,779580.0,58.35,0.44,796.1,-0.89,32,1.0,233,77.52,6.07,54.62
India,1993,457650.0,60.9720872194511,310.393003676185,392.585221023814,73.8232185318808,45.3,62.6630638065269,Other/Global,21.873442329619,82.38,2196.72,82.03,75.93,549180.0,823770.0,58.77,0.44,868.7,-0.76,36,1.0,217,79.55,7.15,55.67
India,1994,482200.0,60.957355567589,316.882683515012,399.751649297164,73.6289811361128,45.3,62.3712403783223,Other/Global,21.996306996862,86.8,2314.56,82.27,76.12,578640.0,867960.0,59.17,0.58,823.1,-0.96,35,1.0,211,80.1,5.3,55.53
India,1995,506750.0,60.9426239157269,323.372363353838,406.918077570514,73.4338227860632,45.3,61.9744284767541,Other/Global,22.1191716641049,91.22,2432.4,82.43,76.26,608100.0,912150.0,59.56,0.39,806.3,-0.76,34,1.0,190,80.39,7.39,56.13
India,1996,531300.0,60.9278922638647,329.862043192664,414.084505843863,73.2351361253651,45.3,61.5133808555238,Other/Global,22.2420363313478,95.63,2550.24,82.59,76.39,637560.0,956340.0,59.95,0.43,981.8,-0.18,34,1.0,227,78.84,6.55,58.92
India,1997,555850.0,60.9131606120026,336.351723031491,421.250934117213,73.0303137976514,45.3,61.1586254457877,Other/Global,22.3649009985907,100.05,2668.08,82.76,76.53,667020.0,1000530.0,60.32,0.33,927.5,0.48,34,1.0,221,80.11,6.24,59.57
India,1998,580400.0,60.8984289601404,342.841402870317,428.417362390563,72.8167484465553,45.3,60.647957461241,Other/Global,22.4877656658337,104.47,2785.92,82.92,76.66,696480.0,1044720.0,60.69,0.26,841.3,-0.09,34,1.0,227,77.97,8.65,61.61
India,1999,604950.0,60.8836973082783,349.331082709143,435.583790663913,72.5918327157097,45.3,59.8780266801724,Other/Global,22.6106303330766,108.89,2903.76,83.0,76.75,725940.0,1088910.0,61.04,0.32,643.1,-0.8,33,1.0,230,81.23,7.43,56.78
India,2000,629500.0,60.8689656564162,355.82076254797,442.750218937263,72.3529592487477,45.3,59.607310099104,Other/Global,22.7334950003195,113.31,3021.6,83.16,76.88,755400.0,1133100.0,61.39,0.39,795.6,-0.31,36,1.0,211,79.04,9.16,58.25
India,2001,633390.0,60.821810916894,362.061831265408,533.227136114903,72.0971347903364,45.3,58.8908092207151,Other/Global,22.7975675957473,114.01,3040.27,83.08,76.83,760068.0,1140102.0,61.62,0.41,1040.2,-0.16,36,1.0,281,78.65,9.62,59.74
India,2002,637280.0,60.7746561773718,368.302899982846,623.704053292544,71.8243121089544,45.3,58.2078564520654,Other/Global,22.8616401911751,114.71,3058.94,83.08,76.82,764736.0,1147104.0,61.84,0.45,805.1,-1.04,35,1.0,235,78.49,10.71,62.81
India,2003,641170.0,60.7275014378496,374.543968700284,714.180970470185,71.5339712302,45.3,57.1646505429386,Other/Global,22.9257127866029,115.41,3077.62,83.08,76.82,769404.0,1154106.0,62.06,0.47,911.3,-0.67,35,1.0,259,79.63,10.54,58.58
India,2004,645060.0,60.6803466983274,380.785037417722,804.657887647825,71.2273932771472,37.2,55.9994573237763,Other/Global,22.9897853820307,116.11,3096.29,83.0,76.77,774072.0,1161108.0,62.27,0.64,937.9,0.01,39,1.0,249,77.38,10.98,62.18
India,2005,648950.0,60.6331919588052,387.026106135161,895.134804825466,70.9054502840893,37.2,55.0204533123109,Other/Global,23.0538579774586,116.81,3114.96,83.0,76.76,778740.0,1168110.0,62.49,0.57,839.6,-0.82,38,1.0,215,80.35,11.28,59.38
India,2006,652840.0,60.586037219283,393.267174852599,985.611722003107,70.5690142853196,37.2,54.2730178999296,Other/Global,23.1179305728864,117.51,3133.63,82.92,76.72,783408.0,1175112.0,62.7,0.78,754.3,-1.49,43,1.0,257,78.59,10.91,62.86
India,2007,656730.0,60.5388824797608,399.508243570037,1076.08863918074,70.2189573151316,37.2,53.3688684377217,Other/Global,23.1820031683142,118.21,3152.3,82.92,76.71,788076.0,1182114.0,62.91,0.73,626.4,-1.63,40,1.0,265,80.88,12.21,61.41
India,2008,660620.0,60.4917277402385,405.749312287475,1166.56555635838,69.8561514078185,37.2,52.8791883959001,Other/Global,23.246075763742,118.91,3170.98,82.92,76.7,792744.0,1189116.0,63.12,0.59,875.5,-0.63,38,1.0,259,77.84,11.3,59.45
India,2009,664510.0,60.4445730007163,411.990381004913,1257.04247353602,69.4814685976737,29.8,51.9444266180638,Other/Global,23.3101483591698,119.61,3189.65,82.84,76.66,797412.0,1196118.0,63.32,0.66,755.1,-0.93,40,1.0,292,79.5,11.41,61.61
India,2010,668400.0,60.3974182611942,418.231449722352,1347.51939071367,69.0957809189906,29.8,51.056070239905,Other/Global,23.3742209545976,120.31,3208.32,82.84,76.65,802080.0,1203120.0,63.52,0.6,833.9,-0.63,39,1.0,301,80.02,12.78,63.39
India,2011,667080.0,60.4042795784998,423.918468311813,1394.8151443869,68.7253497146691,21.9,49.0753059155876,Other/Global,23.4638216864714,120.07,3201.98,82.68,76.57,800496.0,1200744.0,63.68,0.67,720.0,-1.38,39,1.0,282,80.14,13.68,56.68
India,2012,665760.0,60.4111408958055,429.605486901274,1442.11089806014,68.4101064395601,21.9,47.0881544623322,Other/Global,23.5534224183453,119.84,3195.65,82.59,76.52,798912.0,1198368.0,63.84,0.76,798.9,-0.74,42,1.0,287,78.73,12.94,64.54
India,2013,664440.0,60.4180022131111,435.292505490735,1489.40665173337,68.0903210764763,21.9,46.2418839816327,Other/Global,23.6430231502191,119.6,3189.31,82.51,76.48,797328.0,1195992.0,63.99,0.54,823.0,-0.88,38,1.0,267,77.86,13.15,60.07
India,2014,663120.0,60.4248635304168,440.979524080196,1536.70240540661,67.7711766591179,21.9,45.2547111152237,Other/Global,23.732623882093,119.36,3182.98,82.35,76.4,795744.0,1193616.0,64.14,0.75,841.9,-0.84,41,1.0,270,78.8,12.7,62.84
India,2015,661800.0,60.4317248477225,446.666542669658,1583.99815907985,67.4527009977701,21.9,44.2796936892031,Other/Global,23.8222246139668,119.12,3176.64,82.27,76.36,794160.0,1191240.0,64.29,0.8,731.4,-1.0,41,1.0,281,80.74,13.58,63.34
India,2016,647040.0,60.3545686619422,451.68426417417,1648.60703053921,67.1349219027177,21.9,43.2048505926307,Other/Global,23.9116908102072,116.47,3105.79,82.03,76.19,776448.0,1164672.0,64.35,0.94,918.1,-0.88,46,1.0,325,81.87,14.07,58.19
India,2017,632280.0,60.2774124761619,456.701985678682,1713.21590199858,66.8178671842461,21.9,42.2671064682124,Other/Global,24.0014933455312,113.81,3034.94,81.79,76.02,758736.0,1138104.0,64.4,0.96,776.4,-1.35,43,1.0,290,77.43,16.0,62.51
India,2018,617520.0,60.2002562903817,461.719707183194,1777.82477345795,66.5015646526402,21.9,41.2949989249141,Other/Global,24.0909595417716,111.15,2964.1,81.55,75.85,741024.0,1111536.0,64.45,0.92,691.9,-1.25,42,1.0,321,78.51,15.08,64.67
India,2019,602760.0,60.1231001046014,466.737428687706,1842.43364491732,66.1860421181853,21.9,40.6518149993227,Other/Global,24.1807620770956,108.5,2893.25,81.31,75.67,723312.0,1084968.0,64.49,0.98,818.9,-1.31,43,1.0,294,77.34,16.18,67.66
India,2020,588000.0,60.0459439188212,471.755150192218,1907.04251637669,65.8713273911667,21.9,44.6754951957099,Other/Global,24.270228273336,105.84,2822.4,81.06,75.49,705600.0,1058400.0,64.53,0.93,832.2,-1.09,42,1.0,294,78.78,14.99,65.67
Indonesia,1990,2526000.0,24.8861484789437,101.293959383297,578.420121135382,69.4054821911275,17.5,47.6552936266812,Other/Global,65.4377142478624,454.68,12124.8,41.1,46.82,3031200.0,4546800.0,52.42,0.36,609.7,-1.09,84,1.0,196,87.46,5.63,40.75
Indonesia,1991,2370492.0,24.7739676378423,102.673250707253,596.949221516936,68.4008047748247,17.5,47.6552936266812,Other/Global,64.4846735152382,426.69,11378.36,41.98,47.15,2844590.4,4266885.6,52.38,0.34,724.5,-0.24,79,1.0,199,86.82,5.16,33.46
Indonesia,1992,2214984.0,24.6617867967409,104.052542031209,615.47832189849,67.3085007644951,17.5,46.937789084465,Other/Global,63.531632782614,398.7,10631.92,42.95,47.51,2657980.8,3986971.2,52.33,0.55,615.3,-1.21,79,1.0,200,90.28,4.27,36.01
Indonesia,1993,2059476.0,24.5496059556396,105.431833355165,634.007422280044,66.1444577771693,17.5,46.0823797916019,Other/Global,62.5785920499898,370.71,9885.48,43.84,47.83,2471371.2,3707056.8,52.27,0.43,643.3,-1.06,72,1.0,238,89.69,5.32,39.09
Indonesia,1994,1903968.0,24.4374251145382,106.811124679122,652.536522661598,64.9327994661188,17.5,45.0750433614673,Other/Global,61.6255513173656,342.71,9139.05,44.72,48.14,2284761.6,3427142.4,52.19,0.39,583.3,-1.21,66,1.0,217,88.63,5.5,36.28
Indonesia,1995,1748460.0,24.3252442734369,108.190416003078,671.065623043153,63.6976494846153,17.5,43.977317972511,Other/Global,60.6725105847414,314.72,8392.61,45.53,48.4,2098152.0,3147228.0,52.09,0.32,755.8,-1.06,63,1.0,218,88.24,6.69,32.09
Indonesia,1996,1592952.0,24.2130634323355,109.569707327034,689.594723424707,62.4631314859301,17.5,43.1125537326424,Other/Global,59.7194698521172,286.73,7646.17,46.33,48.65,1911542.4,2867313.6,51.96,0.27,723.6,-0.77,58,1.0,225,89.47,6.6,32.18
Indonesia,1997,1437444.0,24.1008825912341,110.948998650991,708.123823806261,61.253369123335,17.5,42.6095983129829,Other/Global,58.766429119493,258.74,6899.73,47.14,48.89,1724932.8,2587399.2,51.81,0.26,693.9,-0.9,52,1.0,242,87.22,7.03,32.75
Indonesia,1998,1281936.0,23.9887017501328,112.328289974947,726.652924187815,60.0924860501013,17.5,45.061151322047,Other/Global,57.8133883868688,230.75,6153.29,47.78,49.03,1538323.2,2307484.8,51.63,0.39,593.8,-1.24,52,1.0,232,88.74,6.98,31.53
Indonesia,1999,1126428.0,23.8765209090314,113.707581298903,745.182024569369,59.0046059195008,23.4,45.2595697154355,Other/Global,56.8603476542447,202.76,5406.85,48.43,49.15,1351713.6,2027570.4,51.4,0.41,880.4,-0.36,47,1.0,240,87.75,7.05,28.21
Indonesia,2000,970920.0,23.7643400679301,115.08687262286,763.711124950924,58.0138459399344,19.1,45.3480777562457,Other/Global,53.943528667353,174.77,4660.42,51.17,50.3,1165104.0,1747656.0,51.12,0.27,685.3,-0.82,40,1.0,254,91.32,9.07,26.81
Indonesia,2001,939441.0,24.0447321278772,116.696844719014,993.908360833596,57.0981104813843,18.4,43.8339408350719,Other/Global,53.8572019777163,169.1,4509.32,51.17,50.34,1127329.2,1690993.8,51.16,0.51,740.0,-1.03,42,1.0,226,86.81,9.63,28.19
Indonesia,2002,907962.0,24.3251241878244,118.306816815169,1224.10559671626,56.2175930969624,18.2,44.4511073028184,Other/Global,53.7708752880796,163.43,4358.22,51.09,50.34,1089554.4,1634331.6,51.2,0.47,819.7,-0.63,43,1.0,233,88.04,8.71,29.27
Indonesia,2003,876483.0,24.6055162477716,119.916788911323,1454.30283259894,55.3698238478128,17.4,46.4767505563493,Other/Global,53.684548598443,157.77,4207.12,51.09,50.38,1051779.6,1577669.4,51.23,0.59,699.1,-1.51,46,1.0,251,86.75,10.06,26.55
Indonesia,2004,845004.0,24.8859083077188,121.526761007478,1684.50006848161,54.5523263558112,16.7,43.4188155877323,Other/Global,53.5982219088063,152.1,4056.02,51.01,50.38,1014004.8,1521007.2,51.25,0.77,679.1,-1.45,45,1.0,242,89.13,9.36,23.65
Indonesia,2005,813525.0,25.166300367666,123.136733103633,1914.69730436428,53.7626242428331,16.0,44.1138547379172,Other/Global,53.5118952191696,146.43,3904.92,51.01,50.42,976230.0,1464345.0,51.27,0.77,632.5,-1.09,47,1.0,253,89.06,11.12,27.2
Indonesia,2006,782046.0,25.4466924276132,124.746705199787,2144.89454024695,52.9982411307543,17.8,42.1550386598117,Other/Global,53.4255685295329,140.77,3753.82,50.93,50.41,938455.2,1407682.8,51.28,0.7,863.8,-0.59,42,1.0,243,87.25,10.79,24.84
Indonesia,2007,750567.0,25.7270844875604,126.356677295942,2375.09177612963,52.2567006414504,16.6,41.3676021746378,Other/Global,53.3392418398962,135.1,3602.72,50.85,50.4,900680.4,1351020.6,51.29,0.65,766.3,-0.97,42,1.0,250,86.53,10.72,31.25
Indonesia,2008,719088.0,26.0074765475076,127.966649392096,2605.2890120123,51.5355263967971,15.4,40.7045813010654,Other/Global,53.2529151502595,129.44,3451.62,50.77,50.39,862905.6,1294358.4,51.29,0.54,1047.9,0.63,40,1.0,283,87.49,10.91,25.49
Indonesia,2009,687609.0,26.2878686074548,129.576621488251,2835.48624789497,50.83224201867,14.1,40.0562763550069,Other/Global,53.1665884606228,123.77,3300.52,50.68,50.37,825130.8,1237696.2,51.28,0.62,737.9,-1.44,37,1.0,265,87.04,13.02,27.17
Indonesia,2010,656130.0,26.568260667402,131.186593584406,3065.68348377765,50.1478624851112,13.3,38.7302728008608,Other/Global,53.0802617709861,118.1,3149.42,50.6,50.36,787356.0,1181034.0,51.26,0.64,747.5,-1.35,38,1.0,267,87.88,11.45,26.0
Indonesia,2011,610104.0,26.776850087802,132.837061782064,3110.19132647319,49.5169982910156,12.5,36.8121228894469,Other/Global,52.586919226916,109.82,2928.5,50.93,50.49,732124.8,1098187.2,51.18,0.57,781.6,-0.34,39,1.0,265,89.7,12.88,26.25
Indonesia,2012,564078.0,26.985439508202,134.487529979723,3154.69916916874,48.8406066894531,12.0,35.5604756448204,Other/Global,52.0935766828458,101.53,2707.57,51.09,50.54,676893.6,1015340.4,51.08,0.64,851.8,-0.66,38,1.0,267,88.5,11.8,28.81
Indonesia,2013,518052.0,27.194028928602,136.137998177381,3199.20701186428,48.1692504882812,11.4,34.6902320718856,Other/Global,51.6002341387757,93.25,2486.65,51.33,50.61,621662.4,932493.6,50.96,0.69,800.2,-0.96,35,1.0,269,88.56,12.95,29.11
Indonesia,2014,472026.0,27.402618349002,137.78846637504,3243.71485455983,47.4997863769531,11.3,34.0046946767182,Other/Global,51.1068915947056,84.96,2265.72,51.49,50.63,566431.2,849646.8,50.81,0.73,892.3,-0.97,35,1.0,268,87.59,13.09,28.18
Indonesia,2015,426000.0,27.6112077694021,139.438934572699,3288.22269725538,46.8279228210449,11.2,32.7770295687741,Other/Global,50.6135490506354,76.68,2044.8,51.57,50.6,511200.0,766800.0,50.63,0.76,770.6,-0.91,37,1.0,281,90.72,12.53,28.67
Indonesia,2016,362550.0,27.8819643369787,140.825404376733,3401.31873535259,46.187442779541,10.9,31.5553329221477,Other/Global,50.7434545269582,65.26,1740.24,50.85,50.12,435060.0,652590.0,50.28,0.9,746.0,-1.07,36,1.0,293,87.62,14.46,25.44
Indonesia,2017,299100.0,28.1527209045554,142.211874180766,3514.41477344981,45.5458984375,10.6,30.5222024429742,Other/Global,50.0393338229866,53.84,1435.68,50.77,49.92,358920.0,538380.0,49.83,0.98,720.3,-1.71,39,1.0,308,88.28,15.02,24.05
Indonesia,2018,235650.0,28.4234774721321,143.598343984801,3627.51081154702,44.9043159484863,9.8,29.4464900769988,Other/Global,49.7168177792076,42.42,1131.12,50.12,49.37,282780.0,424170.0,49.26,0.9,693.8,-1.45,35,1.0,300,88.66,14.75,24.5
Indonesia,2019,172200.0,28.6942340397088,144.984813788835,3740.60684964424,44.2617950439453,9.4,28.4631336137713,Other/Global,49.3942964092507,31.0,826.56,49.15,48.56,206640.0,309960.0,48.47,1.11,837.9,-1.2,34,1.0,290,87.22,15.59,26.62
Indonesia,2020,108750.0,28.9649906072855,146.371283592869,3853.70288774146,43.7214712351232,9.8,29.3087481652973,Other/Global,49.0717803654717,19.58,522.0,47.62,47.29,130500.0,195750.0,47.27,0.99,862.9,-0.84,31,1.0,301,87.46,16.29,27.95
Iran,1990,0.0,37.7587858247992,35.8432746383752,2137.94222739877,39.0452192448637,23.1,18.5778506151342,Other/Global,28.6435234422283,0.0,0.0,0.0,11.33,0.0,0.0,15.0,0.27,849.5,-0.72,17,1.0,195,84.33,3.31,21.98
Iran,1991,0.0,37.8437584420049,36.3368137110439,2089.14939049267,39.0452192448637,23.1,18.5778506151342,Other/Global,28.6435234422283,0.0,0.0,0.0,11.35,0.0,0.0,15.0,0.4,999.5,0.39,19,1.0,197,85.01,5.22,23.81
Iran,1992,0.0,37.9287310592106,36.8303527837127,2040.35655358658,39.0452192448637,23.1,18.5778506151342,Other/Global,28.6435234422283,0.0,0.0,0.0,11.38,0.0,0.0,15.0,0.42,998.2,0.27,18,1.0,205,86.72,6.05,24.05
Iran,1993,0.0,38.0137036764163,37.3238918563815,1991.56371668049,39.0452192448637,23.1,18.5778506151342,Other/Global,28.6435234422283,0.0,0.0,0.0,11.4,0.0,0.0,15.0,0.51,873.2,-0.61,19,1.0,228,86.34,6.17,23.13
Iran,1994,0.0,38.0986762936221,37.8174309290503,1942.7708797744,39.0452192448637,23.1,18.5778506151342,Other/Global,28.6435234422283,0.0,0.0,0.0,11.43,0.0,0.0,15.0,0.47,756.5,-0.92,24,1.0,228,85.75,6.56,25.94
Iran,1995,0.0,38.1836489108278,38.3109700017191,1893.9780428683,39.0452192448637,23.1,18.5778506151342,Other/Global,28.6435234422283,0.0,0.0,0.0,11.46,0.0,0.0,15.0,0.39,854.7,-0.5,18,1.0,245,86.0,6.56,26.82
Iran,1996,0.0,38.2686215280335,38.8045090743878,1845.18520596221,39.0452192448637,23.1,18.5778506151342,Other/Global,28.6435234422283,0.0,0.0,0.0,11.48,0.0,0.0,15.0,0.45,852.0,-0.75,22,1.0,211,84.84,7.34,29.81
Iran,1997,0.0,38.3535941452393,39.2980481470566,1796.39236905612,39.0452192448637,23.1,18.5778506151342,Other/Global,28.6435234422283,0.0,0.0,0.0,11.51,0.0,0.0,15.0,0.3,847.4,-0.55,20,1.0,211,86.0,8.28,28.93
Iran,1998,0.0,38.438566762445,39.7915872197254,1747.59953215003,39.0452192448637,23.1,18.5778506151342,Other/Global,28.6435234422283,0.0,0.0,0.0,11.53,0.0,0.0,15.0,0.38,844.2,-0.57,18,1.0,226,84.66,9.81,26.63
Iran,1999,0.0,38.5235393796507,40.2851262923942,1698.80669524394,39.0452192448637,23.1,18.5778506151342,Other/Global,28.6435234422283,0.0,0.0,0.0,11.56,0.0,0.0,15.0,0.37,847.7,0.01,22,1.0,253,82.86,7.35,24.21
Iran,2000,0.0,38.6085119968565,40.778665365063,1650.01385833785,39.0452192448637,23.1,18.5778506151342,Other/Global,28.6435234422283,0.0,0.0,0.0,11.58,0.0,0.0,15.0,0.38,869.1,-0.12,19,1.0,207,87.0,7.88,26.62
Iran,2001,0.0,37.6050124020727,41.4541597902699,2114.13191615951,39.0452192448637,23.1,18.5778506151342,Other/Global,28.6435234422283,0.0,0.0,0.0,11.28,0.0,0.0,15.0,0.43,849.2,-0.23,22,1.0,244,84.8,8.22,20.73
Iran,2002,0.0,36.6015128072889,42.1296542154768,2578.24997398118,39.0452192448637,23.1,18.5778506151342,Other/Global,28.6435234422283,0.0,0.0,0.0,10.98,0.0,0.0,15.0,0.36,916.7,-0.12,18,1.0,241,86.56,10.47,25.39
Iran,2003,0.0,35.5980132125052,42.8051486406837,3042.36803180285,39.0452192448637,23.1,18.5778506151342,Other/Global,28.6435234422283,0.0,0.0,0.0,10.68,0.0,0.0,15.0,0.53,928.8,-0.66,22,1.0,259,85.12,11.14,24.23
Iran,2004,0.0,34.5945136177214,43.4806430658906,3506.48608962452,39.0452192448637,23.1,18.5778506151342,Other/Global,28.6435234422283,0.0,0.0,0.0,10.38,0.0,0.0,15.0,0.65,827.1,-0.78,29,1.0,259,82.57,10.96,23.08
Iran,2005,0.0,33.5910140229377,44.1561374910975,3970.60414744619,39.0452192448637,23.1,18.5778506151342,Other/Global,28.6435234422283,0.0,0.0,0.0,10.08,0.0,0.0,15.0,0.71,1001.7,0.06,25,1.0,265,85.96,9.73,20.8
Iran,2006,0.0,32.5875144281539,44.8316319163044,4434.72220526786,39.0452192448637,23.1,18.5778506151342,Other/Global,28.6435234422283,0.0,0.0,0.0,9.78,0.0,0.0,15.0,0.64,821.6,-1.15,20,1.0,267,84.09,11.0,23.38
Iran,2007,0.0,31.5840148333701,45.5071263415113,4898.84026308953,39.0452192448637,23.1,18.5778506151342,Other/Global,28.6435234422283,0.0,0.0,0.0,9.48,0.0,0.0,15.0,0.83,770.6,-0.9,27,1.0,305,87.46,11.97,19.25
Iran,2008,0.0,30.5805152385864,46.1826207667182,5362.9583209112,39.0452192448637,23.1,18.5778506151342,Other/Global,28.6435234422283,0.0,0.0,0.0,9.17,0.0,0.0,15.0,0.64,930.5,0.29,26,1.0,293,86.53,12.42,22.77
Iran,2009,0.0,29.5770156438026,46.8581151919251,5827.07637873287,39.0452192448637,23.1,18.5778506151342,Other/Global,28.6435234422283,0.0,0.0,0.0,8.87,0.0,0.0,15.0,0.76,834.6,-0.51,24,1.0,283,88.52,14.14,21.29
Iran,2010,0.0,28.5735160490189,47.5336096171321,6291.19443655454,39.0452192448637,23.1,18.5778506151342,Other/Global,28.6435234422283,0.0,0.0,0.0,8.57,0.0,0.0,15.0,0.69,925.7,-0.04,25,1.0,266,87.59,13.89,20.38
Iran,2011,0.0,28.5016331442324,48.1719504408261,6023.50226030798,39.0452192448637,23.1,18.5778506151342,Other/Global,28.6435234422283,0.0,0.0,0.0,8.55,0.0,0.0,15.0,0.59,707.7,-1.05,21,1.0,272,86.09,14.19,17.54
Iran,2012,0.0,28.4297502394459,48.8102912645202,5755.81008406143,39.0452192448637,23.1,18.5778506151342,Other/Global,28.6435234422283,0.0,0.0,0.0,8.53,0.0,0.0,15.0,0.8,1011.4,0.02,24,1.0,298,88.15,13.39,18.19
Iran,2013,0.0,28.3578673346595,49.4486320882143,5488.11790781488,39.0452192448637,23.1,18.5778506151342,Other/Global,28.6435234422283,0.0,0.0,0.0,8.51,0.0,0.0,15.0,0.59,953.8,-0.51,22,1.0,302,85.49,14.4,16.51
Iran,2014,0.0,28.285984429873,50.0869729119084,5220.42573156833,39.0452192448637,23.1,18.5778506151342,Other/Global,28.6435234422283,0.0,0.0,0.0,8.49,0.0,0.0,15.0,0.82,780.0,-0.82,25,1.0,275,87.01,13.09,21.16
Iran,2015,0.0,28.2141015250866,50.7253137356025,4952.73355532178,39.0452192448637,23.1,18.5778506151342,Other/Global,28.6435234422283,0.0,0.0,0.0,8.46,0.0,0.0,15.0,0.89,781.7,-0.91,28,1.0,261,85.16,14.81,19.54
Iran,2016,0.0,28.3682611892526,51.3936183844758,4602.68685126176,39.0452192448637,23.1,18.5778506151342,Other/Global,28.6435234422283,0.0,0.0,0.0,8.51,0.0,0.0,15.0,0.83,1033.8,-0.13,26,1.0,267,87.78,15.21,18.52
Iran,2017,0.0,28.5224208534186,52.0619230333491,4252.64014720174,39.0452192448637,23.1,18.5778506151342,Other/Global,28.6435234422283,0.0,0.0,0.0,8.56,0.0,0.0,15.0,1.06,841.0,-0.65,27,1.0,316,87.62,14.4,19.44
Iran,2018,0.0,28.6765805175847,52.7302276822225,3902.59344314172,39.0452192448637,23.1,18.5778506151342,Other/Global,28.6435234422283,0.0,0.0,0.0,8.6,0.0,0.0,15.0,0.97,833.3,-1.16,30,1.0,322,87.43,15.49,21.94
Iran,2019,0.0,28.8307401817507,53.3985323310958,3552.5467390817,39.0452192448637,23.1,18.5778506151342,Other/Global,28.6435234422283,0.0,0.0,0.0,8.65,0.0,0.0,15.0,1.02,718.7,-1.48,32,1.0,305,86.12,17.23,17.69
Iran,2020,0.0,28.9848998459168,54.0668369799692,3202.50003502169,39.0452192448637,23.1,18.5778506151342,Other/Global,28.6435234422283,0.0,0.0,0.0,8.7,0.0,0.0,15.0,1.02,871.9,-0.88,29,1.0,314,88.83,16.35,19.22
Iraq,1990,0.0,21.121247456387,40.1975581315591,10261.4157706888,30.2802680933424,23.1,17.9331648042665,Other/Global,1.8382605116949,0.0,0.0,0.0,6.34,0.0,0.0,15.0,0.26,881.8,-0.58,18,1.0,230,90.26,6.54,11.52
Iraq,1991,133.0,20.951459862359,41.7621030248988,9433.2931096587,30.6355855920855,23.1,17.9331648042665,Other/Global,1.84146146283467,0.02,0.64,38.76,31.91,159.6,239.4,24.96,0.4,957.2,-0.06,20,1.0,237,89.49,8.21,12.56
Iraq,1992,266.0,20.7816722683311,43.3266479182385,8605.1704486286,31.0334172626589,23.1,17.6942180267972,Other/Global,1.84466241397444,0.05,1.28,44.16,35.44,319.2,478.8,26.47,0.46,788.0,-1.26,23,1.0,221,88.56,6.19,14.14
Iraq,1993,399.0,20.6118846743031,44.8911928115782,7777.0477875985,31.440976463911,23.1,17.4629853397196,Other/Global,1.84786336511421,0.07,1.92,47.38,37.52,478.8,718.2,27.41,0.3,778.3,-0.33,18,1.0,214,88.88,7.49,16.78
Iraq,1994,532.0,20.4420970802752,46.455737704918,6948.9251265684,31.8254765546902,23.1,17.2175550909547,Other/Global,1.85106431625397,0.1,2.55,49.64,38.96,638.4,957.6,28.11,0.55,936.0,-0.31,22,1.0,211,89.32,6.91,15.88
Iraq,1995,665.0,20.2723094862473,48.0202825982577,6120.80246553831,32.154130893845,23.1,16.9520130791357,Other/Global,1.85426526739374,0.12,3.19,51.41,40.08,798.0,1197.0,28.69,0.31,980.5,-0.14,20,1.0,217,88.06,8.2,16.55
Iraq,1996,798.0,20.1025218922193,49.5848274915974,5292.67980450821,32.3941528402236,23.1,16.3524109988586,Other/Global,1.85746621853351,0.14,3.83,52.86,40.99,957.6,1436.4,29.19,0.5,774.2,-1.07,22,1.0,213,90.45,7.54,15.87
Iraq,1997,931.0,19.9327342981914,51.1493723849372,4464.55714347811,32.5104648936738,23.1,15.6403697087922,Other/Global,1.86066716967327,0.17,4.47,54.07,41.74,1117.2,1675.8,29.63,0.48,986.4,-0.17,21,1.0,238,90.98,8.67,12.6
Iraq,1998,1064.0,19.7629467041634,52.7139172782769,3636.43448244801,32.5082726654763,23.1,14.4404799501772,Other/Global,1.86386812081304,0.19,5.11,55.12,42.38,1276.8,1915.2,30.03,0.28,902.9,-0.01,18,1.0,230,91.56,9.18,17.89
Iraq,1999,1197.0,19.5931591101355,54.2784621716166,2808.31182141791,32.4557700635481,23.1,13.9383831853796,Other/Global,1.86706907195281,0.22,5.75,56.08,42.96,1436.4,2154.6,30.39,0.34,987.2,0.18,16,1.0,223,89.14,8.18,15.96
Iraq,2000,1330.0,19.4233715161076,55.8430070649564,1980.18916038782,32.3668086152129,23.1,13.3973726672747,Other/Global,1.87027002309258,0.24,6.38,56.89,43.45,1596.0,2394.0,30.73,0.31,894.2,-0.48,16,1.0,256,91.25,9.44,18.05
Iraq,2001,2111.0,19.3733487870424,57.4067460526954,2228.34544051059,32.248058483348,23.1,12.9677887337513,Other/Global,1.87187049866246,0.38,10.13,60.52,45.84,2533.2,3799.8,31.86,0.42,698.0,-1.26,20,1.0,250,91.33,7.64,17.86
Iraq,2002,2892.0,19.3233260579772,58.9704850404344,2476.50172063336,32.1061898308304,23.1,13.0636578510737,Other/Global,1.87347097423234,0.52,13.88,63.01,47.47,3470.4,5205.6,32.67,0.48,887.5,-0.23,24,1.0,250,88.86,9.53,14.38
Iraq,2003,3673.0,19.273303328912,60.5342240281734,2724.65800075613,31.9478728205375,23.1,12.921862184442,Other/Global,1.87507144980223,0.66,17.63,64.95,48.73,4407.6,6611.4,33.32,0.64,984.4,-0.45,27,1.0,247,88.43,10.9,13.64
Iraq,2004,4454.0,19.2232805998469,62.0979630159125,2972.81428087891,31.7797776153462,23.1,12.7773182657685,Other/Global,1.87667192537211,0.8,21.38,66.4,49.69,5344.8,8017.2,33.87,0.75,828.0,-0.82,24,1.0,260,90.95,12.17,10.2
Iraq,2005,5235.0,19.1732578707817,63.6617020036515,3220.97056100168,31.608574378134,23.1,12.5892796397493,Other/Global,1.87827240094199,0.94,25.13,67.69,50.52,6282.0,9423.0,34.35,0.81,868.3,-0.72,28,1.0,251,89.0,9.67,15.06
Iraq,2006,6016.0,19.1232351417165,65.2254409913905,3469.12684112445,31.4409332717778,23.1,12.2473978452644,Other/Global,1.87987287651188,1.08,28.88,68.82,51.25,7219.2,10828.8,34.78,0.68,885.2,-0.5,23,1.0,301,88.79,10.2,14.7
Iraq,2007,6797.0,19.0732124126514,66.7891799791296,3717.28312124723,31.283524459155,23.1,11.9484868876787,Other/Global,1.88147335208176,1.22,32.63,69.78,51.87,8156.4,12234.6,35.18,0.71,667.2,-1.09,25,1.0,297,90.66,11.1,13.56
Iraq,2008,7578.0,19.0231896835862,68.3529189668686,3965.43940137,31.1430181031426,23.1,11.5955355597369,Other/Global,1.88307382765165,1.36,36.37,70.59,52.4,9093.6,13640.4,35.55,0.57,1032.8,-0.39,20,1.0,254,88.03,12.07,13.89
Iraq,2009,8359.0,18.973166954521,69.9166579546076,4213.59568149277,31.0257671494716,23.1,11.1914686221038,Other/Global,1.89790937557561,1.5,40.12,71.39,52.91,10030.8,15046.2,35.89,0.62,826.9,-1.31,22,1.0,266,89.17,11.83,15.98
Iraq,2010,9140.0,18.9231442254559,71.4803969423467,4461.75196161555,30.9417046621526,23.1,10.9068302586482,Other/Global,1.89952109044023,1.65,43.87,72.12,53.37,10968.0,16452.0,36.22,0.73,939.4,-0.62,26,1.0,260,87.48,13.48,11.23
Iraq,2011,8634.0,19.4113565700599,74.488216403986,4457.42994779717,30.8747766130084,23.1,10.6355579461548,Other/Global,1.89952109044023,1.55,41.44,71.64,53.21,10360.8,15541.2,36.3,0.77,892.0,-0.1,25,1.0,249,88.59,12.92,18.0
Iraq,2012,8128.0,19.8995689146639,77.4960358656254,4453.10793397879,30.7777786254883,23.1,10.1514140506754,Other/Global,1.89952109044023,1.46,39.01,71.15,53.03,9753.6,14630.4,36.37,0.56,999.6,0.49,26,1.0,306,88.69,12.96,17.63
Iraq,2013,7622.0,20.3877812592679,80.5038553272648,4448.78592016042,30.555549621582,23.1,9.78731204102822,Other/Global,1.90036118379833,1.37,36.59,70.67,52.86,9146.4,13719.6,36.42,0.64,931.6,0.14,25,1.0,282,88.45,13.07,15.6
Iraq,2014,7116.0,20.8759936038719,83.5116747889042,4444.46390634204,30.3333358764648,23.1,9.62677961926753,Other/Global,1.90036118379833,1.28,34.16,70.1,52.63,8539.2,12808.8,36.45,0.74,880.4,-0.72,26,1.0,271,88.71,14.33,16.6
Iraq,2015,6610.0,21.364205948476,86.5194942505436,4440.14189252367,30.079475402832,23.1,9.46441408054111,Other/Global,1.90036118379833,1.19,31.73,69.54,52.4,7932.0,11898.0,36.46,0.84,827.7,-1.45,28,1.0,265,86.64,15.03,17.83
Iraq,2016,6608.0,21.4464657653917,88.618357245965,4411.15140426139,30.0876221740357,23.1,8.9479793599827,Other/Global,1.90036118379833,1.19,31.72,69.54,52.43,7929.6,11894.4,36.59,0.82,963.0,-1.15,28,1.0,298,87.88,15.77,18.98
Iraq,2017,6606.0,21.5287255823074,90.7172202413864,4382.16091599911,30.1055488809247,23.1,9.02787488227848,Other/Global,1.90036118379833,1.19,31.71,69.54,52.45,7927.2,11890.8,36.72,0.98,749.3,-1.47,25,1.0,304,90.68,15.11,21.56
Iraq,2018,6604.0,21.6109853992231,92.8160832368078,4353.17042773683,30.1234851134158,23.1,8.89088391833978,Other/Global,1.90036118379833,1.19,31.7,69.54,52.47,7924.8,11887.2,36.84,0.95,950.9,-0.65,29,1.0,308,89.41,16.17,16.6
Iraq,2019,6602.0,21.6932452161388,94.9149462322292,4324.17993947455,30.1316604614258,23.1,8.52954667554379,Other/Global,1.90035242899592,1.19,31.69,69.54,52.5,7922.4,11883.6,36.96,1.0,811.3,-0.71,28,1.0,321,88.41,17.43,20.54
Iraq,2020,6600.0,21.7755050330546,97.0138092276507,4295.18945121228,30.1316833496094,23.1,8.75855500186981,Other/Global,1.90035242899592,1.19,31.68,69.54,52.52,7920.0,11880.0,37.08,1.04,999.4,-0.24,29,1.0,322,88.22,17.53,17.52
Ireland,1990,620.0,65.864421541588,51.0084772826245,14031.3025675469,43.0904058867955,13.8,13.9053374401732,Other/Global,6.70111772390768,0.11,2.98,48.35,52.14,744.0,1116.0,28.75,0.27,912.8,-0.11,20,1.0,184,78.9,6.27,41.28
Ireland,1991,620.0,65.6593990419509,51.4311801422557,15261.6290312972,42.9384419362789,13.8,13.9053374401732,Other/Global,6.9460299027435,0.11,2.98,48.19,52.0,744.0,1116.0,28.78,0.31,951.5,-0.34,18,1.0,191,78.14,7.71,41.46
Ireland,1992,620.0,65.4543765423138,51.853883001887,16491.9554950475,42.7517921885787,13.8,13.4963029781998,Other/Global,7.19094208157933,0.11,2.98,48.11,51.9,744.0,1116.0,28.81,0.39,906.5,-0.58,20,1.0,225,76.74,7.59,44.04
Ireland,1993,620.0,65.2493540426767,52.2765858615183,17722.2819587978,42.5352505105284,13.8,13.0967809884352,Other/Global,7.43585426041516,0.11,2.98,47.95,51.75,744.0,1116.0,28.83,0.43,759.7,-0.74,20,1.0,205,77.5,7.95,40.62
Ireland,1994,620.0,65.0443315430396,52.6992887211496,18952.6084225481,42.3010134630763,13.8,12.5795881906167,Other/Global,7.68076643925098,0.11,2.98,47.86,51.65,744.0,1116.0,28.86,0.42,831.1,-0.36,23,1.0,196,76.7,8.12,41.88
Ireland,1995,620.0,64.8393090434025,53.1219915807809,20182.9348862985,42.0608055725237,13.8,12.0083069146725,Other/Global,7.92567861808681,0.11,2.98,47.7,51.51,744.0,1116.0,28.89,0.42,953.7,-0.04,18,1.0,201,77.41,10.85,40.54
Ireland,1996,620.0,64.6342865437654,53.5446944404122,21413.2613500488,41.8256838322335,13.8,11.2386935648753,Other/Global,8.17059079692263,0.11,2.98,47.62,51.41,744.0,1116.0,28.92,0.54,913.3,-0.7,21,1.0,239,79.11,9.43,40.61
Ireland,1997,620.0,64.4292640441283,53.9673973000435,22643.5878137991,41.5941788095149,13.8,10.9128462859317,Other/Global,8.41550297575845,0.11,2.98,47.46,51.26,744.0,1116.0,28.95,0.43,994.4,0.17,21,1.0,242,79.04,10.43,44.06
Ireland,1998,620.0,64.2242415444912,54.3901001596748,23873.9142775494,41.3592316099847,13.8,9.10265128595966,Other/Global,8.66041515459428,0.11,2.98,47.3,51.12,744.0,1116.0,28.97,0.35,932.2,-0.04,20,1.0,234,79.63,9.6,41.24
Ireland,1999,620.0,64.0192190448541,54.8128030193061,25104.2407412997,41.1199901392616,13.8,8.64113011715241,Other/Global,8.90532733343011,0.11,2.98,47.22,51.02,744.0,1116.0,29.0,0.43,822.6,-0.92,19,1.0,221,78.62,12.57,39.82
Ireland,2000,620.0,63.814196545217,55.2355058789374,26334.5672050501,40.8752002108575,13.8,7.95130308685316,Other/Global,9.15023951226593,0.11,2.98,47.06,50.88,744.0,1116.0,29.03,0.37,836.2,-0.74,19,1.0,238,76.69,12.22,40.19
Ireland,2001,620.0,64.0636376832631,56.3314283640586,28563.5071487699,40.6236076382844,13.8,7.10455785413614,Other/Global,9.28091159820003,0.11,2.98,46.98,50.91,744.0,1116.0,29.1,0.54,908.2,-0.2,21,1.0,240,76.94,13.91,41.82
Ireland,2002,620.0,64.3130788213093,57.4273508491798,30792.4470924898,40.3632740009269,13.8,7.03106368379433,Other/Global,9.41158368413413,0.11,2.98,46.98,50.99,744.0,1116.0,29.16,0.54,714.8,-1.12,21,1.0,239,78.94,13.96,41.36
Ireland,2003,620.0,64.5625199593554,58.523273334301,33021.3870362096,40.0879857367427,13.8,6.49516978356483,Other/Global,9.54225577006822,0.11,2.98,46.9,51.02,744.0,1116.0,29.23,0.57,1033.8,0.47,22,1.0,259,78.43,14.5,41.67
Ireland,2004,620.0,64.8119610974016,59.6191958194222,35250.3269799295,39.8005249145712,13.8,6.37262256762949,Other/Global,9.67292785600232,0.11,2.98,46.82,51.06,744.0,1116.0,29.3,0.68,935.3,-0.28,24,1.0,245,76.86,15.78,41.28
Ireland,2005,620.0,65.0614022354478,60.7151183045434,37479.2669236494,39.5117011993539,13.8,5.89397847523862,Other/Global,9.80359994193642,0.11,2.98,46.74,51.09,744.0,1116.0,29.36,0.57,998.1,-0.27,19,1.0,264,77.77,15.81,44.17
Ireland,2006,620.0,65.3108433734939,61.8110407896646,39708.2068673692,39.2296322568407,13.8,5.63296292313558,Other/Global,9.93427202787052,0.11,2.98,46.66,51.13,744.0,1116.0,29.43,0.63,773.5,-0.93,25,1.0,265,80.4,15.06,43.43
Ireland,2007,620.0,65.5602845115401,62.9069632747858,41937.1468110891,38.9398020625766,13.8,5.44100416824384,Other/Global,10.0649441138046,0.11,2.98,46.58,51.16,744.0,1116.0,29.49,0.63,999.5,-0.15,24,1.0,242,79.18,17.46,42.04
Ireland,2008,620.0,65.8097256495862,64.002885759907,44166.0867548089,38.6418096115004,13.8,5.2862261364258,Other/Global,10.1956161997387,0.11,2.98,46.58,51.24,744.0,1116.0,29.55,0.72,1078.4,-0.2,26,1.0,297,79.8,18.85,42.95
Ireland,2009,620.0,66.0591667876324,65.0988082450283,46395.0266985288,38.3578977271202,13.8,5.59115203892228,Other/Global,10.3262882856728,0.11,2.98,46.49,51.27,744.0,1116.0,29.61,0.82,794.3,-1.28,23,1.0,279,76.52,17.99,41.27
Ireland,2010,620.0,66.3086079256786,66.1947307301495,48623.9666422487,38.1089310651488,13.8,5.75125420319131,Other/Global,10.4569603716069,0.11,2.98,46.41,51.3,744.0,1116.0,29.68,0.83,961.6,-0.25,26,1.0,250,79.88,17.71,42.95
Ireland,2011,620.0,65.9079692263027,66.606407316011,51749.2010174241,37.9127264179723,13.8,5.72373076711203,Other/Global,10.5565103788649,0.11,2.98,46.33,51.14,744.0,1116.0,29.7,0.7,900.0,-0.31,25,1.0,256,77.35,19.67,41.5
Ireland,2012,620.0,65.5073305269269,67.0180839018725,54874.4353925995,37.7470681488962,13.8,5.78611402820796,Other/Global,10.6560603861228,0.11,2.98,46.33,51.02,744.0,1116.0,29.72,0.69,776.4,-0.78,23,1.0,304,79.96,21.35,43.05
Ireland,2013,620.0,65.1066918275511,67.429760487734,57999.6697677749,37.5952842243882,13.8,5.77701963826635,Other/Global,10.7556103933808,0.11,2.98,46.25,50.86,744.0,1116.0,29.74,0.54,939.4,0.15,20,1.0,287,78.6,21.0,42.23
Ireland,2014,620.0,64.7060531281753,67.8414370735955,61124.9041429503,37.464598269423,13.8,5.44130125806165,Other/Global,10.8551604006387,0.11,2.98,46.17,50.7,744.0,1116.0,29.77,0.7,966.6,-0.5,23,1.0,296,79.03,22.7,41.74
Ireland,2015,620.0,64.3054144287995,68.2531136594571,64250.1385181257,37.3607876507236,13.8,5.32101226360809,Other/Global,10.9547104078966,0.11,2.98,46.17,50.58,744.0,1116.0,29.79,0.75,851.8,-0.26,26,1.0,297,79.21,23.97,42.29
Ireland,2016,596.0,64.5434751052401,69.2337784874437,68702.9249366756,37.2770600876266,13.8,5.28052712454424,Other/Global,11.0661924807664,0.11,2.86,45.77,50.4,715.2,1072.8,29.75,0.83,993.2,-0.62,26,1.0,311,78.43,23.98,42.79
Ireland,2017,572.0,64.7815357816809,70.2144433154303,73155.7113552255,37.0964803478768,13.8,5.0458993333045,Other/Global,11.1775293946872,0.1,2.75,45.45,50.26,686.4,1029.6,29.71,0.93,766.6,-1.49,27,1.0,315,78.95,26.77,44.56
Ireland,2018,548.0,65.0195964581216,71.195108143417,77608.4977737755,36.9155496523221,13.8,4.76307245854298,Other/Global,11.2355929743069,0.1,2.63,45.12,50.11,657.6,986.4,29.66,0.95,780.4,-1.69,27,1.0,289,76.97,27.32,44.13
Ireland,2019,524.0,65.2576571345623,72.1757729714036,82061.2841923254,36.7262990845873,13.8,4.42881782518225,Other/Global,11.2936565539265,0.09,2.52,44.8,49.97,628.8,943.2,29.6,0.84,910.9,-0.77,26,1.0,313,77.98,27.02,44.67
Ireland,2020,500.0,65.495717811003,73.1564377993903,86514.0706108754,36.5286633275085,12.9,4.47968889076715,Other/Global,11.3517201335462,0.09,2.4,44.4,49.78,600.0,900.0,29.54,1.05,902.0,-0.98,28,1.0,288,79.01,29.43,42.25
Isle of Man,1990,0.0,69.4736842105263,120.905263157895,11049.8949396235,48.2979802955388,23.1,18.5778506151342,Other/Global,6.07017543859649,0.0,0.0,0.0,20.84,0.0,0.0,15.0,0.18,842.7,-0.18,17,1.0,187,77.21,5.5,48.3
Isle of Man,1991,0.0,70.2105263157894,122.088245614035,12061.0450763988,48.2526260529174,23.1,18.5778506151342,Other/Global,6.07017543859649,0.0,0.0,0.0,21.06,0.0,0.0,15.0,0.36,964.8,0.0,18,1.0,203,76.48,6.28,51.7
Isle of Man,1992,0.0,70.9473684210526,123.271228070175,13072.1952131742,48.2397700106838,23.1,18.5778506151342,Other/Global,6.07017543859649,0.0,0.0,0.0,21.28,0.0,0.0,15.0,0.56,942.5,-0.66,24,1.0,185,76.99,7.25,48.54
Isle of Man,1993,0.0,71.6842105263157,124.454210526315,14083.3453499496,48.2301698623305,23.1,18.5778506151342,Other/Global,6.07017543859649,0.0,0.0,0.0,21.51,0.0,0.0,15.0,0.36,968.7,-0.18,18,1.0,203,74.89,8.41,49.49
Isle of Man,1994,0.0,72.4210526315789,125.637192982456,15094.4954867249,48.2228752418414,23.1,18.5778506151342,Other/Global,6.07017543859649,0.0,0.0,0.0,21.73,0.0,0.0,15.0,0.25,890.1,-0.34,18,1.0,185,77.6,8.25,50.02
Isle of Man,1995,0.0,73.1578947368421,126.820175438596,16105.6456235003,48.2161154120209,23.1,18.5778506151342,Other/Global,6.07017543859649,0.0,0.0,0.0,21.95,0.0,0.0,15.0,0.42,948.2,-0.71,20,1.0,221,73.67,9.15,50.03
Isle of Man,1996,0.0,73.8947368421052,128.003157894736,17116.7957602757,48.2081184220434,23.1,18.5778506151342,Other/Global,6.07017543859649,0.0,0.0,0.0,22.17,0.0,0.0,15.0,0.5,864.3,-0.81,21,1.0,249,75.95,10.49,53.31
Isle of Man,1997,0.0,74.6315789473684,129.186140350877,18127.945897051,48.1981632781752,23.1,18.5778506151342,Other/Global,6.07017543859649,0.0,0.0,0.0,22.39,0.0,0.0,15.0,0.55,1064.3,-0.12,21,1.0,229,76.7,10.09,50.35
Isle of Man,1998,0.0,75.3684210526315,130.369122807017,19139.0960338264,48.1876638913624,23.1,18.5778506151342,Other/Global,6.07017543859649,0.0,0.0,0.0,22.61,0.0,0.0,15.0,0.27,835.0,0.0,18,1.0,232,75.71,9.91,53.9
Isle of Man,1999,0.0,76.1052631578947,131.552105263157,20150.2461706018,48.178341752653,23.1,18.5778506151342,Other/Global,6.07017543859649,0.0,0.0,0.0,22.83,0.0,0.0,15.0,0.41,1068.4,0.29,21,1.0,230,74.86,11.5,53.78
Isle of Man,2000,0.0,76.8421052631579,132.735087719298,21161.3963073772,48.1719112411556,23.1,18.5778506151342,Other/Global,6.07017543859649,0.0,0.0,0.0,23.05,0.0,0.0,15.0,0.36,902.8,-0.08,20,1.0,253,76.56,11.04,52.62
Isle of Man,2001,0.0,76.7684210526315,134.176140350877,26103.9880794768,48.1732273641485,23.1,18.5778506151342,Other/Global,6.07017543859649,0.0,0.0,0.0,23.03,0.0,0.0,15.0,0.43,790.0,-1.16,18,1.0,241,74.43,12.37,51.95
Isle of Man,2002,0.0,76.6947368421052,135.617192982456,31046.5798515765,48.2705949187416,23.1,18.5778506151342,Other/Global,6.07017543859649,0.0,0.0,0.0,23.01,0.0,0.0,15.0,0.72,1009.4,0.15,24,1.0,229,77.3,14.17,52.73
Isle of Man,2003,0.0,76.6210526315789,137.058245614035,35989.1716236762,48.4610905414899,23.1,18.5778506151342,Other/Global,6.07017543859649,0.0,0.0,0.0,22.99,0.0,0.0,15.0,0.46,910.1,0.06,19,1.0,252,75.04,15.31,55.14
Isle of Man,2004,0.0,76.5473684210526,138.499298245614,40931.7633957759,48.6739463997343,23.1,18.5778506151342,Other/Global,6.07017543859649,0.0,0.0,0.0,22.96,0.0,0.0,15.0,0.66,968.1,-0.9,22,1.0,276,75.02,15.81,55.01
Isle of Man,2005,0.0,76.4736842105263,139.940350877193,45874.3551678756,48.8391617904427,23.1,18.5778506151342,Other/Global,6.07017543859649,0.0,0.0,0.0,22.94,0.0,0.0,15.0,0.73,997.9,-0.47,25,1.0,235,76.21,16.83,54.48
Isle of Man,2006,0.0,76.3999999999999,141.381403508772,50816.9469399753,48.8851287584219,23.1,18.5778506151342,Other/Global,6.07017543859649,0.0,0.0,0.0,22.92,0.0,0.0,15.0,0.81,927.0,-0.41,25,1.0,246,74.98,19.66,52.74
Isle of Man,2007,0.0,76.3263157894736,142.822456140351,55759.538712075,48.7646518920586,23.1,18.5778506151342,Other/Global,6.07017543859649,0.0,0.0,0.0,22.9,0.0,0.0,15.0,0.73,852.6,-0.55,24,1.0,262,75.48,17.57,53.02
Isle of Man,2008,0.0,76.2526315789473,144.26350877193,60702.1304841747,48.5316336903946,23.1,18.5778506151342,Other/Global,6.07017543859649,0.0,0.0,0.0,22.88,0.0,0.0,15.0,0.73,978.1,-0.53,25,1.0,261,76.07,20.74,54.22
Isle of Man,2009,0.0,76.178947368421,145.704561403509,65644.7222562744,48.2694624571785,23.1,18.5778506151342,Other/Global,6.07017543859649,0.0,0.0,0.0,22.85,0.0,0.0,15.0,0.65,900.1,-0.61,23,1.0,276,73.93,21.58,52.52
Isle of Man,2010,0.0,76.1052631578947,147.145614035088,70587.3140283741,48.0603829699083,23.1,18.5778506151342,Other/Global,6.07017543859649,0.0,0.0,0.0,22.83,0.0,0.0,15.0,0.68,954.9,-0.54,24,1.0,259,76.16,22.35,54.7
Isle of Man,2011,0.0,75.3052631578947,147.047368421052,73420.5549711539,47.9753675902473,23.1,18.5778506151342,Other/Global,6.07017543859649,0.0,0.0,0.0,22.59,0.0,0.0,15.0,0.62,727.7,-1.04,23,1.0,269,73.59,23.72,52.84
Isle of Man,2012,0.0,74.5052631578947,146.949122807017,76253.7959139337,47.9444682677371,23.1,18.5778506151342,Other/Global,6.07017543859649,0.0,0.0,0.0,22.35,0.0,0.0,15.0,0.7,935.8,-0.08,23,1.0,281,75.81,23.52,54.08
Isle of Man,2013,0.0,73.7052631578946,146.850877192982,79087.0368567135,47.9195892907074,23.1,18.5778506151342,Other/Global,6.07017543859649,0.0,0.0,0.0,22.11,0.0,0.0,15.0,0.66,848.9,-0.93,25,1.0,286,75.6,24.06,48.74
Isle of Man,2014,0.0,72.9052631578947,146.752631578947,81920.2777994933,47.9002086596101,23.1,18.5778506151342,Other/Global,6.07017543859649,0.0,0.0,0.0,21.87,0.0,0.0,15.0,0.77,1032.3,0.13,24,1.0,327,74.65,26.74,49.87
Isle of Man,2015,0.0,72.1052631578947,146.654385964912,84753.5187422732,47.8835159525474,23.1,18.5778506151342,Other/Global,6.07017543859649,0.0,0.0,0.0,21.63,0.0,0.0,15.0,0.81,949.8,-0.72,26,1.0,303,78.45,26.17,49.93
Isle of Man,2016,0.0,71.7894736842104,146.819649122806,83705.5216007505,47.8668467830525,23.1,18.5778506151342,Other/Global,6.07017543859649,0.0,0.0,0.0,21.54,0.0,0.0,15.0,0.97,919.2,-0.97,27,1.0,272,76.7,26.84,51.24
Isle of Man,2017,0.0,71.4736842105263,146.984912280701,82657.5244592278,47.8501584255691,23.1,18.5778506151342,Other/Global,6.07017543859649,0.0,0.0,0.0,21.44,0.0,0.0,15.0,0.94,938.9,-0.38,27,1.0,283,75.8,25.35,49.48
Isle of Man,2018,0.0,71.1578947368421,147.150175438596,81609.5273177051,47.8348106135462,23.1,18.5778506151342,Other/Global,6.07017543859649,0.0,0.0,0.0,21.35,0.0,0.0,15.0,0.84,820.1,-0.66,25,1.0,281,76.83,25.99,54.41
Isle of Man,2019,0.0,70.8421052631579,147.315438596491,80561.5301761824,47.8210101752422,23.1,18.5778506151342,Other/Global,6.07017543859649,0.0,0.0,0.0,21.25,0.0,0.0,15.0,1.1,1029.9,-0.19,30,1.0,329,79.72,27.81,47.43
Isle of Man,2020,0.0,70.5263157894737,147.480701754386,79513.5330346598,47.8090480213134,23.1,18.5778506151342,Other/Global,6.07017543859649,0.0,0.0,0.0,21.16,0.0,0.0,15.0,0.92,1059.3,-0.6,27,1.0,293,75.62,28.69,51.73
Italy,1990,11900.0,57.2574886947061,192.850430111183,20873.7834092719,33.290631920781,18.9,8.42041238104702,Other/Global,25.8058209513447,2.14,57.12,56.08,57.19,14280.0,21420.0,42.98,0.22,930.0,-0.22,18,1.0,213,80.93,7.08,46.55
Italy,1991,11951.0,56.8195478044589,192.820930557006,20805.4054247055,33.2992711522614,18.9,8.42041238104702,Other/Global,26.0708578423039,2.15,57.36,55.92,56.98,14341.2,21511.8,42.99,0.29,1025.8,0.43,18,1.0,215,79.15,9.31,44.82
Italy,1992,12002.0,56.3816069142117,192.79143100283,20737.0274401391,33.2953060974203,18.9,8.0007799700683,Other/Global,26.3358947332631,2.16,57.61,55.76,56.78,14402.4,21603.6,43.0,0.51,853.0,-0.55,22,1.0,189,80.93,9.4,42.93
Italy,1993,12053.0,55.9436660239646,192.761931448654,20668.6494555728,33.2731646986051,18.9,7.08270366933322,Other/Global,26.6009316242222,2.17,57.85,55.6,56.57,14463.6,21695.4,43.01,0.26,834.8,-0.75,16,1.0,208,79.67,9.45,43.26
Italy,1994,12104.0,55.5057251337174,192.732431894478,20600.2714710064,33.2350508696335,18.9,6.89787718453059,Other/Global,26.8659685151814,2.18,58.1,55.44,56.37,14524.8,21787.2,43.02,0.7,901.8,-0.42,26,1.0,214,80.38,9.98,44.66
Italy,1995,12155.0,55.0677842434703,192.702932340302,20531.8934864401,33.1833900526281,18.9,6.58300226451368,Other/Global,27.1310054061406,2.19,58.34,55.2,56.12,14586.0,21879.0,43.03,0.52,933.3,-0.52,23,1.0,197,80.87,10.53,39.57
Italy,1996,12206.0,54.6298433532231,192.673432786125,20463.5155018738,33.1206076897111,18.9,6.12894313874519,Other/Global,27.3960422970997,2.2,58.59,55.04,55.91,14647.2,21970.8,43.05,0.43,867.0,0.08,20,1.0,251,82.38,9.43,41.23
Italy,1997,12257.0,54.1919024629759,192.643933231949,20395.1375173074,33.049129223005,18.9,5.88060355000141,Other/Global,27.6610791880589,2.21,58.83,54.88,55.71,14708.4,22062.6,43.06,0.38,941.6,0.3,18,1.0,231,79.13,9.84,41.16
Italy,1998,12308.0,53.7539615727288,192.614433677773,20326.7595327411,32.9713800946321,18.9,5.76578321457956,Other/Global,27.9261160790181,2.22,59.08,54.71,55.5,14769.6,22154.4,43.07,0.39,923.0,-0.05,20,1.0,256,83.05,11.15,43.06
Italy,1999,12359.0,53.3160206824816,192.584934123597,20258.3815481747,32.8897857467149,18.9,5.42122781382977,Other/Global,28.1911529699772,2.22,59.32,54.55,55.29,14830.8,22246.2,43.08,0.41,818.7,-0.19,21,1.0,268,78.82,9.96,43.89
Italy,2000,12410.0,52.8780797922345,192.555434569421,20190.0035636084,32.8067716213757,18.9,5.23184875671704,Other/Global,28.3014561169763,2.23,59.57,54.47,55.12,14892.0,22338.0,43.09,0.45,940.0,-0.21,20,1.0,241,81.62,11.59,45.41
Italy,2001,12434.0,52.435360715276,193.528422010158,21756.6894621029,32.72480117712,18.9,5.21018697781138,Other/Global,28.5242325458714,2.24,59.68,54.31,54.91,14920.8,22381.2,43.13,0.49,967.6,0.06,23,1.0,248,81.41,12.31,37.5
Italy,2002,12458.0,51.9926416383176,194.501409450895,23323.3753605975,32.6461213433462,18.9,4.92535966082019,Other/Global,28.7470089747665,2.24,59.8,54.15,54.7,14949.6,22424.4,43.17,0.51,912.2,0.08,23,1.0,234,81.29,13.12,38.96
Italy,2003,12482.0,51.5499225613591,195.474396891633,24890.061259092,32.5700585388213,18.9,4.71599780636006,Other/Global,28.9697854036616,2.25,59.91,53.99,54.49,14978.4,22467.6,43.21,0.56,990.7,-0.07,22,1.0,269,81.61,13.63,40.11
Italy,2004,12506.0,51.1072034844007,196.44738433237,26456.7471575866,32.4927500260092,19.2,4.13690493965038,Other/Global,29.1925618325567,2.25,60.03,53.83,54.28,15007.2,22510.8,43.26,0.63,801.1,-0.91,25,1.0,252,82.3,12.76,41.69
Italy,2005,12530.0,50.6644844074422,197.420371773108,28023.4330560811,32.4102830681581,19.3,4.19830732846638,Other/Global,29.4153382614518,2.26,60.14,53.67,54.07,15036.0,22554.0,43.3,0.68,935.9,-0.94,24,1.0,250,82.34,13.04,41.89
Italy,2006,12554.0,50.2217653304838,198.393359213845,29590.1189545757,32.3187449285166,19.5,4.27257715592701,Other/Global,29.6381146903469,2.26,60.26,53.51,53.86,15064.8,22597.2,43.34,0.81,804.9,-0.99,24,1.0,248,81.68,15.07,37.79
Italy,2007,12578.0,49.7790462535253,199.366346654582,31156.8048530702,32.2142228703331,18.9,3.9670483677237,Other/Global,29.860891119242,2.26,60.37,53.34,53.65,15093.6,22640.4,43.38,0.77,809.4,-0.67,27,1.0,264,82.85,17.59,40.68
Italy,2008,12602.0,49.3363271765669,200.33933409532,32723.4907515648,32.0928041568559,18.4,3.69908053221732,Other/Global,30.0836675481371,2.27,60.49,53.18,53.44,15122.4,22683.6,43.42,0.47,848.0,-0.27,18,1.0,276,81.84,15.48,34.59
Italy,2009,12626.0,48.8936080996084,201.312321536057,34290.1766500593,31.9505760513335,18.7,3.6907559214922,Other/Global,30.3064439770322,2.27,60.6,53.02,53.23,15151.2,22726.8,43.46,0.73,823.1,-0.69,27,1.0,273,82.34,16.61,40.08
Italy,2010,12650.0,48.45088902265,202.285308976795,35856.8625485539,31.7836258170143,19.8,3.76818760767575,Other/Global,30.5292204059273,2.28,60.72,52.86,53.02,15180.0,22770.0,43.5,0.67,854.6,-0.85,22,1.0,281,83.73,17.72,39.23
Italy,2011,12674.0,47.5156737161755,202.562734091262,34813.4666338717,31.5984926110489,19.5,3.68074889500005,Other/Global,30.7111775407652,2.28,60.84,52.78,52.7,15208.8,22813.2,43.51,0.64,881.3,-1.17,25,1.0,274,84.0,17.27,38.53
Italy,2012,12698.0,46.5804584097011,202.840159205729,33770.0707191896,31.2391205764741,19.3,3.69245856607223,Other/Global,30.8931346756031,2.29,60.95,52.62,52.34,15237.6,22856.4,43.53,0.62,965.4,-0.43,22,1.0,288,84.06,18.45,37.4
Italy,2013,12722.0,45.6452431032267,203.117584320196,32726.6748045074,30.6926010083924,19.4,3.60134692377298,Other/Global,31.075091810441,2.29,61.07,52.46,51.98,15266.4,22899.6,43.54,0.78,872.8,-0.81,24,1.0,291,81.81,18.72,37.46
Italy,2014,12746.0,44.7100277967523,203.395009434663,31683.2788898253,30.4192361385121,19.9,3.643046036788,Other/Global,31.2570489452789,2.29,61.18,52.38,51.66,15295.2,22942.8,43.56,0.82,771.6,-1.18,28,1.0,306,83.78,19.61,37.73
Italy,2015,12770.0,43.7748124902779,203.672434549131,30639.8829751432,30.3899993896484,20.6,3.75137163801591,Other/Global,31.4390060801169,2.3,61.3,52.22,51.3,15324.0,22986.0,43.57,0.75,989.7,-0.12,25,1.0,303,84.06,19.04,39.87
Italy,2016,12792.0,43.4863027156031,203.137767737574,30930.2037125418,30.4030767474714,20.3,3.88444985202648,Other/Global,31.6209699781549,2.3,61.4,52.14,51.18,15350.4,23025.6,43.56,0.92,831.5,-0.37,27,1.0,297,85.7,18.76,33.77
Italy,2017,12814.0,43.1977929409283,202.603100926017,31220.5244499405,30.4819215740618,20.3,3.78281502530874,Other/Global,31.8029338761929,2.31,61.51,51.97,51.01,15376.8,23065.2,43.55,0.87,893.8,-0.68,26,1.0,304,84.6,20.14,35.6
Italy,2018,12836.0,42.9092831662535,202.068434114461,31510.8451873392,30.5199966430664,20.1,3.73909753402816,Other/Global,31.9848977742309,2.31,61.61,51.81,50.85,15403.2,23104.8,43.53,0.87,934.2,-0.65,31,1.0,284,82.97,19.83,37.03
Italy,2019,12858.0,42.6207733915787,201.533767302904,31801.1659247379,30.4949989318847,20.0,3.87830880419639,Other/Global,32.1669704480973,2.31,61.72,51.73,50.72,15429.6,23144.4,43.52,0.95,914.4,-0.79,29,1.0,324,83.34,19.99,35.62
Italy,2020,12880.0,42.332263616904,200.999100491348,32091.4866621366,30.4812507629394,20.1,4.01161495625894,Other/Global,32.3489349614665,2.32,61.82,51.57,50.56,15456.0,23184.0,43.51,1.06,986.0,-0.52,29,1.0,305,80.82,20.38,35.79
Jamaica,1990,890.0,43.9519852262235,219.748568790397,1929.59891905857,50.5505638621528,19.9,28.9554332294954,Other/Global,48.1329639889197,0.16,4.27,28.36,36.03,1068.0,1602.0,35.92,0.35,938.2,-0.4,16,1.0,202,83.37,4.39,36.19
Jamaica,1991,869.0,43.9796860572484,221.853361034164,2081.94827995293,50.3414892853948,19.9,28.9554332294954,Other/Global,48.130378578024,0.16,4.17,28.28,35.97,1042.8,1564.2,35.9,0.38,831.0,-0.5,19,1.0,200,83.01,6.06,39.14
Jamaica,1992,848.0,44.0073868882733,223.958153277931,2234.2976408473,50.1206375900381,19.9,28.657847985463,Other/Global,48.1277931671283,0.15,4.07,28.2,35.91,1017.6,1526.4,35.87,0.46,1074.2,0.35,19,1.0,197,82.82,6.45,33.26
Jamaica,1993,827.0,44.0350877192982,226.062945521698,2386.64700174167,49.8948824651087,19.9,25.9086537954495,Other/Global,48.1252077562327,0.15,3.97,28.12,35.84,992.4,1488.6,35.84,0.48,915.4,-0.27,20,1.0,202,82.51,6.22,35.75
Jamaica,1994,806.0,44.0627885503232,228.167737765466,2538.99636263604,49.6652124073273,19.9,25.2461159051122,Other/Global,48.122622345337,0.15,3.87,27.96,35.74,967.2,1450.8,35.81,0.4,888.1,-0.22,20,1.0,202,85.28,6.04,41.76
Jamaica,1995,785.0,44.0904893813481,230.272530009233,2691.34572353041,49.4330286033444,19.9,24.4673861413737,Other/Global,48.1200369344414,0.14,3.77,27.88,35.67,942.0,1413.0,35.78,0.47,977.0,0.01,21,1.0,218,80.2,6.95,35.52
Jamaica,1996,764.0,44.118190212373,232.377322253,2843.69508442478,49.1997322398105,19.9,23.9376117383367,Other/Global,48.1174515235457,0.14,3.67,27.72,35.57,916.8,1375.2,35.74,0.48,919.9,-0.85,21,1.0,237,81.9,6.62,36.35
Jamaica,1997,743.0,44.145891043398,234.482114496768,2996.04444531915,48.9667245033761,19.9,22.5068109651842,Other/Global,48.11486611265,0.13,3.57,27.64,35.5,891.6,1337.4,35.7,0.45,931.8,-0.06,22,1.0,228,86.28,7.54,36.64
Jamaica,1998,722.0,44.1735918744229,236.586906740535,3148.39380621352,48.7354065806917,19.9,22.3145700004671,Other/Global,48.1122807017544,0.13,3.47,27.56,35.43,866.4,1299.6,35.66,0.47,1099.3,0.09,19,1.0,242,84.59,6.8,37.26
Jamaica,1999,701.0,44.2012927054478,238.691698984302,3300.74316710789,48.5071796584077,19.9,21.932287335086,Other/Global,48.1096952908587,0.13,3.36,27.4,35.32,841.2,1261.8,35.61,0.43,877.9,-0.75,22,1.0,242,83.77,8.32,38.42
Jamaica,2000,680.0,44.2289935364728,240.79649122807,3453.09252800226,48.2834449231748,19.9,22.2749279325893,Other/Global,48.1071098799631,0.12,3.26,27.32,35.25,816.0,1224.0,35.56,0.42,874.5,-0.75,21,1.0,232,83.39,9.52,40.74
Jamaica,2001,674.0,43.6962142197599,242.096048014773,3588.78101323323,48.065809421576,19.9,22.1617490409873,Other/Global,48.4529085872576,0.12,3.24,27.07,34.95,808.8,1213.2,35.56,0.53,909.2,-0.26,21,1.0,261,82.82,8.79,39.28
Jamaica,2002,668.0,43.1634349030471,243.395604801477,3724.4694984642,47.8532777687355,19.9,21.5283405504667,Other/Global,48.7987072945522,0.12,3.21,26.83,34.66,801.6,1202.4,35.56,0.5,985.6,-0.18,23,1.0,261,82.13,10.44,37.6
Jamaica,2003,662.0,42.6306555863342,244.69516158818,3860.15798369518,47.6435108580442,19.9,21.7610294183923,Other/Global,49.1445060018467,0.12,3.18,26.59,34.37,794.4,1191.6,35.56,0.51,779.4,-1.31,25,1.0,262,84.23,10.51,41.32
Jamaica,2004,656.0,42.0978762696214,245.994718374884,3995.84646892615,47.4362344044338,19.9,19.7943065007546,Other/Global,49.4903047091413,0.12,3.15,26.43,34.12,787.2,1180.8,35.55,0.63,742.7,-0.88,26,1.0,259,84.89,10.77,36.73
Jamaica,2005,650.0,41.5650969529086,247.294275161588,4131.53495415713,47.2314762073766,19.9,19.4302229126049,Other/Global,49.8361034164358,0.12,3.12,26.19,33.83,780.0,1170.0,35.55,0.63,853.0,-1.09,22,1.0,251,83.23,10.37,37.42
Jamaica,2006,644.0,41.0323176361957,248.593831948291,4267.2234393881,47.0292640663451,19.9,19.6018327338396,Other/Global,50.1819021237304,0.12,3.09,25.95,33.54,772.8,1159.2,35.55,0.67,769.2,-0.93,23,1.0,255,82.01,10.49,37.29
Jamaica,2007,638.0,40.4995383194829,249.893388734995,4402.91192461907,46.8296257808113,19.9,19.0038900305356,Other/Global,50.5277008310249,0.11,3.06,25.79,33.29,765.6,1148.4,35.55,0.71,865.9,-0.61,21,1.0,263,85.12,12.42,38.49
Jamaica,2008,632.0,39.96675900277,251.192945521698,4538.60040985005,46.6325891502476,19.9,18.6837047390625,Other/Global,50.8734995383195,0.11,3.03,25.54,32.99,758.4,1137.6,35.54,0.64,940.1,-0.11,23,1.0,287,85.39,11.08,34.24
Jamaica,2009,626.0,39.4339796860572,252.492502308402,4674.28889508102,46.4381819741262,19.9,20.253901863912,Other/Global,51.219298245614,0.11,3.0,25.3,32.7,751.2,1126.8,35.54,0.66,828.7,-0.23,22,1.0,287,85.59,12.11,34.24
Jamaica,2010,620.0,38.9012003693444,253.792059095106,4809.977380312,46.2464320519194,19.9,20.3062801605114,Other/Global,51.5650969529086,0.11,2.98,25.14,32.45,744.0,1116.0,35.54,0.5,785.8,-1.19,24,1.0,252,84.53,13.02,37.92
Jamaica,2011,604.0,38.8217913204062,254.7886611265,4915.84334076321,46.043413890872,19.9,17.6237324953195,Other/Global,51.9161588180979,0.11,2.9,24.82,32.23,724.8,1087.2,35.47,0.66,905.5,-0.53,26,1.0,281,82.15,15.15,39.61
Jamaica,2012,588.0,38.7423822714681,255.785263157894,5021.70930121442,45.7521182296268,19.9,18.1092597469873,Other/Global,52.2672206832872,0.11,2.82,24.5,32.01,705.6,1058.4,35.41,0.65,968.9,-0.37,24,1.0,243,83.29,14.19,35.31
Jamaica,2013,572.0,38.6629732225299,256.781865189289,5127.57526166563,45.451180188017,24.6,18.2208286605266,Other/Global,52.6182825484765,0.1,2.75,24.25,31.83,686.4,1029.6,35.34,0.62,764.3,-0.82,22,1.0,278,86.33,13.48,33.52
Jamaica,2014,556.0,38.5835641735918,257.778467220683,5233.44122211684,45.1339604329605,20.0,18.4513819140207,Other/Global,52.9693444136657,0.1,2.67,23.93,31.61,667.2,1000.8,35.27,0.8,965.6,-0.36,26,1.0,278,83.18,14.39,33.66
Jamaica,2015,540.0,38.5041551246537,258.775069252078,5339.30718256806,44.8004751985076,21.2,17.7449074478575,Other/Global,53.320406278855,0.1,2.59,23.69,31.43,648.0,972.0,35.19,0.89,965.3,-0.6,28,1.0,300,85.66,14.61,38.12
Jamaica,2016,524.0,38.5041551246537,259.29593721145,5331.25480766301,44.450740722385,17.1,16.7224670562586,Other/Global,53.6786703601108,0.09,2.52,23.37,31.23,628.8,943.2,35.11,0.76,976.3,-0.49,24,1.0,278,83.6,15.44,32.7
Jamaica,2017,508.0,38.5041551246537,259.816805170822,5323.20243275796,44.0847732451693,19.3,16.7607997632023,Other/Global,54.0378578024007,0.09,2.44,23.05,31.03,609.6,914.4,35.02,0.88,997.4,-0.71,27,1.0,275,83.48,16.36,36.22
Jamaica,2018,492.0,38.5041551246537,260.337673130194,5315.15005785292,43.702589009675,12.6,16.2611064537037,Other/Global,54.3970452446907,0.09,2.36,22.8,30.86,590.4,885.6,34.93,0.92,1076.1,0.15,26,1.0,294,87.02,15.44,35.77
Jamaica,2019,476.0,38.5041551246537,260.858541089566,5307.09768294787,43.3042042604926,11.0,15.2306387135388,Other/Global,54.7553093259464,0.09,2.28,22.48,30.66,571.2,856.8,34.83,0.93,871.5,-0.7,27,1.0,305,87.06,16.47,34.8
Jamaica,2020,460.0,38.5041551246537,261.379409048938,5299.04530804283,42.8896352436373,11.0,15.9364245096076,Other/Global,55.1144967682364,0.08,2.21,22.16,30.46,552.0,828.0,34.73,1.06,908.7,-0.54,27,1.0,283,85.02,17.48,34.46
Jordan,1990,0.0,11.7883046237534,41.0461015412511,1148.59005469899,24.8506317531731,15.7,4.71085824638699,Other/Global,1.10494106980961,0.0,0.0,0.0,3.54,0.0,0.0,15.0,0.25,866.7,-0.4,16,1.0,221,90.92,3.71,10.52
Jordan,1991,0.0,11.8209428830462,43.0463701269265,1190.79205216956,23.7064740355052,15.7,4.71085824638699,Other/Global,1.10494106980961,0.0,0.0,0.0,3.55,0.0,0.0,15.0,0.32,900.2,-0.45,21,1.0,204,92.73,4.95,10.8
Jordan,1992,0.0,11.853581142339,45.0466387126019,1232.99404964014,22.7906178895759,15.7,4.59420472901557,Other/Global,1.10494106980961,0.0,0.0,0.0,3.56,0.0,0.0,15.0,0.24,1022.6,-0.11,17,1.0,211,89.59,5.15,11.7
Jordan,1993,0.0,11.8862194016319,47.0469072982773,1275.19604711072,22.1424990518743,15.7,4.55364774389313,Other/Global,1.10494106980961,0.0,0.0,0.0,3.57,0.0,0.0,15.0,0.49,792.4,-0.64,23,1.0,231,92.93,5.82,10.45
Jordan,1994,0.0,11.9188576609247,49.0471758839528,1317.3980445813,21.814293703153,15.7,4.50762954855866,Other/Global,1.10494106980961,0.0,0.0,0.0,3.58,0.0,0.0,15.0,0.35,831.1,-0.82,18,1.0,207,93.89,4.44,9.62
Jordan,1995,0.0,11.9514959202176,51.0474444696282,1359.60004205187,21.7508718552548,15.7,4.44361114699892,Other/Global,1.10494106980961,0.0,0.0,0.0,3.59,0.0,0.0,15.0,0.44,1010.2,0.57,19,1.0,243,92.16,6.04,10.05
Jordan,1996,0.0,11.9841341795104,53.0477130553036,1401.80203952245,21.739410208453,15.7,4.41164677153546,Other/Global,1.10494106980961,0.0,0.0,0.0,3.6,0.0,0.0,15.0,0.44,981.6,-0.47,23,1.0,225,90.06,5.3,11.82
Jordan,1997,0.0,12.0167724388032,55.0479816409791,1444.00403699303,21.7310609119853,15.7,4.35592841447212,Other/Global,1.10494106980961,0.0,0.0,0.0,3.61,0.0,0.0,15.0,0.5,870.9,-0.41,23,1.0,240,93.28,6.52,6.55
Jordan,1998,0.0,12.0494106980961,57.0482502266545,1486.20603446361,21.7248727779277,15.7,4.29879309176073,Other/Global,1.10494106980961,0.0,0.0,0.0,3.61,0.0,0.0,15.0,0.27,968.4,0.48,18,1.0,238,91.81,7.87,10.97
Jordan,1999,0.0,12.0820489573889,59.0485188123299,1528.40803193419,21.719894618356,15.7,4.22902132785824,Other/Global,1.10494106980961,0.0,0.0,0.0,3.62,0.0,0.0,15.0,0.13,927.3,0.17,14,1.0,246,91.26,8.48,9.05
Jordan,2000,0.0,12.1146872166818,61.0487873980054,1570.61002940477,21.7151752453461,15.7,4.14710242857611,Other/Global,1.10494106980961,0.0,0.0,0.0,3.63,0.0,0.0,15.0,0.41,1020.0,0.12,23,1.0,240,90.26,8.22,11.07
Jordan,2001,0.0,12.0321889838624,63.1631506045891,1785.39559808723,21.7097634709739,15.7,4.04854123439841,Other/Global,1.10494106980961,0.0,0.0,0.0,3.61,0.0,0.0,15.0,0.59,906.0,-0.74,22,2.1,240,89.47,7.26,8.32
Jordan,2002,0.0,11.9496907510431,65.2775138111729,2000.1811667697,21.7027081073153,15.7,3.94003856215658,Other/Global,1.10494106980961,0.0,0.0,0.0,3.58,0.0,0.0,15.0,0.61,982.1,-0.63,23,1.14,275,92.77,8.89,12.13
Jordan,2003,0.0,11.8671925182237,67.3918770177567,2214.96673545217,21.6930579664462,15.7,4.04829462733022,Other/Global,1.10494106980961,0.0,0.0,0.0,3.56,0.0,0.0,15.0,0.59,1111.4,0.46,20,1.5,251,91.12,8.77,11.67
Jordan,2004,0.0,11.7846942854044,69.5062402243405,2429.75230413464,21.6814649629689,15.7,4.11448185091036,Other/Global,1.10494106980961,0.0,0.0,0.0,3.54,0.0,0.0,15.0,0.6,947.8,0.13,23,2.63,243,90.5,9.98,9.14
Jordan,2005,0.0,11.7021960525851,71.6206034309242,2644.53787281711,21.587873769333,15.7,3.96709441288489,Other/Global,1.10494106980961,0.0,0.0,0.0,3.51,0.0,0.0,15.0,0.76,903.9,-0.73,26,4.62,293,89.68,10.67,9.67
Jordan,2006,0.0,11.6196978197657,73.734966637508,2859.32344149957,21.244387426459,15.7,3.87733791247041,Other/Global,1.10494106980961,0.0,0.0,0.0,3.49,0.0,0.0,15.0,0.64,957.8,-0.66,24,3.52,266,87.82,9.72,9.54
Jordan,2007,0.0,11.5371995869464,75.8493298440918,3074.10901018204,20.6641729250356,15.7,3.7819021593745,Other/Global,1.10494106980961,0.0,0.0,0.0,3.46,0.0,0.0,15.0,0.76,870.8,-1.44,26,1.5,239,91.26,11.11,10.83
Jordan,2008,0.0,11.454701354127,77.9636930506756,3288.89457886451,19.8709033792449,15.7,3.65654576260922,Other/Global,1.10494106980961,0.0,0.0,0.0,3.44,0.0,0.0,15.0,0.75,1091.0,-0.26,22,2.45,260,90.78,10.07,14.83
Jordan,2009,0.0,11.3722031213077,80.0780562572594,3503.68014754698,18.8882519032695,15.7,3.55361702261961,Other/Global,1.09822031989187,0.0,0.0,0.0,3.41,0.0,0.0,15.0,0.77,914.4,-0.6,26,4.05,254,91.72,12.09,7.19
Jordan,2010,0.0,11.2897048884884,82.1924194638432,3718.46571622945,17.7398916112916,15.7,3.50223574641965,Other/Global,1.09822031989187,0.0,0.0,0.0,3.39,0.0,0.0,15.0,0.88,878.2,-0.3,29,5.31,280,90.25,12.5,11.53
Jordan,2011,0.0,11.4113539085379,87.2559157467897,3783.32392917867,16.4494956174936,15.7,3.4482969064011,Other/Global,1.09822031989187,0.0,0.0,0.0,3.42,0.0,0.0,15.0,0.68,833.1,-0.57,24,3.22,313,88.92,11.84,12.07
Jordan,2012,0.0,11.5330029285875,92.3194120297363,3848.18214212789,15.0407370360577,15.7,3.38677933826728,Other/Global,1.09822031989187,0.0,0.0,0.0,3.46,0.0,0.0,15.0,0.61,987.8,-0.1,22,5.89,308,88.41,12.28,10.47
Jordan,2013,0.0,11.654651948637,97.3829083126828,3913.04035507711,13.5372889811665,15.7,3.37430073596762,Other/Global,1.09822031989187,0.0,0.0,0.0,3.5,0.0,0.0,15.0,0.69,969.4,-0.44,24,7.1,310,89.44,15.24,8.51
Jordan,2014,0.0,11.7763009686866,102.446404595629,3977.89856802633,11.9628245670022,15.7,3.40751846904561,Other/Global,1.09822031989187,0.0,0.0,0.0,3.53,0.0,0.0,15.0,0.6,860.2,-0.79,25,5.41,298,87.52,14.49,11.79
Jordan,2015,0.0,11.8979499887362,107.509900878576,4042.75678097555,10.1118608060867,15.7,3.43812841701753,Other/Global,1.09822031989187,0.0,0.0,0.0,3.57,0.0,0.0,15.0,0.76,946.1,-0.03,22,9.52,325,88.82,14.05,10.08
Jordan,2016,0.0,11.836084161541,110.480808510595,4038.61345190314,9.43727205293,15.7,3.42868342180535,Other/Global,1.09822031989187,0.0,0.0,0.0,3.55,0.0,0.0,15.0,0.85,779.3,-1.02,27,5.85,332,88.77,14.72,13.74
Jordan,2017,0.0,11.7742183343458,113.451716142615,4034.47012283073,9.1235390285572,15.7,3.37515414360984,Other/Global,1.09822031989187,0.0,0.0,0.0,3.53,0.0,0.0,15.0,0.9,914.8,-1.3,25,7.66,299,88.49,14.41,9.97
Jordan,2018,0.0,11.7123525071506,116.422623774634,4030.32679375832,8.7991140900271,15.7,3.74240874282297,Other/Global,1.09822031989187,0.0,0.0,0.0,3.51,0.0,0.0,15.0,1.0,936.2,-0.88,32,4.63,361,89.0,15.92,12.75
Jordan,2019,0.0,11.6504866799554,119.393531406654,4026.1834646859,8.484033507493,15.7,3.35614007541066,Other/Global,1.09804716534901,0.0,0.0,0.0,3.5,0.0,0.0,15.0,0.94,1036.6,-0.55,28,7.69,320,87.31,16.03,11.42
Jordan,2020,0.0,11.5886208527603,122.364439038674,4022.0401356135,8.17832770076809,15.7,3.3047371778049,Other/Global,1.09804716534901,0.0,0.0,0.0,3.48,0.0,0.0,15.0,1.08,838.3,-1.23,31,8.35,336,86.4,17.09,15.31
Kazakhstan,1990,22000.0,80.1050857502685,6.69858465755454,10196.1226255982,42.7921426359258,4.3,37.9980422570247,Other/Global,1.17093788198689,3.96,105.6,79.61,76.59,26400.0,39600.0,27.87,0.27,795.1,-0.4,17,1.0,201,76.27,6.85,51.7
Kazakhstan,1991,22000.0,80.1050857502685,6.69858465755454,10196.1226255982,42.8457337610473,4.3,37.9980422570247,Other/Global,1.17093788198689,3.96,105.6,79.61,76.59,26400.0,39600.0,27.87,0.34,825.7,-0.55,21,1.0,204,75.13,7.49,47.84
Kazakhstan,1992,22000.0,80.1050857502685,6.69858465755454,10196.1226255982,42.9214910772794,4.3,38.114529354644,Other/Global,1.17093788198689,3.96,105.6,79.61,76.59,26400.0,39600.0,27.87,0.37,790.4,-0.68,23,1.0,201,73.26,7.48,46.46
Kazakhstan,1993,22000.0,80.1050857502685,6.69858465755454,10196.1226255982,43.0159431298747,4.3,38.4070999180885,Other/Global,1.17074086009557,3.96,105.6,79.61,76.59,26400.0,39600.0,27.87,0.45,1004.3,0.38,20,1.0,227,75.27,7.0,51.91
Kazakhstan,1994,22000.0,80.1050857502685,6.69858465755454,10196.1226255982,43.1256184640856,4.3,38.6727066777067,Other/Global,1.17054383820425,3.96,105.6,79.61,76.59,26400.0,39600.0,27.87,0.51,1021.3,-0.21,25,1.0,235,75.55,6.46,48.29
Kazakhstan,1995,22000.0,80.1050857502685,6.69858465755454,10196.1226255982,43.2470456251644,4.3,38.7425862186133,Other/Global,1.17034681631292,3.96,105.6,79.61,76.59,26400.0,39600.0,27.87,0.37,923.0,0.34,21,1.0,236,75.72,7.69,49.19
Kazakhstan,1996,22000.0,80.1050857502685,6.69858465755454,10196.1226255982,43.3767531583635,4.3,38.396852311834,Other/Global,1.1701497944216,3.96,105.6,79.61,76.59,26400.0,39600.0,27.87,0.36,995.1,-0.17,21,1.0,226,74.76,8.27,48.32
Kazakhstan,1997,22000.0,80.1050857502685,6.69858465755454,10196.1226255982,43.5112696089353,4.3,37.9799318797435,Other/Global,1.16995277253028,3.96,105.6,79.61,76.59,26400.0,39600.0,27.87,0.36,908.1,-0.23,20,1.0,219,74.63,9.01,48.15
Kazakhstan,1998,22000.0,80.1050857502685,6.69858465755454,10196.1226255982,43.6471235221322,4.3,37.8082234181529,Other/Global,1.16975575063896,3.96,105.6,79.61,76.59,26400.0,39600.0,27.87,0.26,889.8,-0.33,19,1.0,229,73.31,8.62,47.58
Kazakhstan,1999,22000.0,80.1050857502685,6.69858465755454,10196.1226255982,43.7897457672399,4.3,37.2479782311272,Other/Global,1.16955872874764,3.96,105.6,79.61,76.59,26400.0,39600.0,27.87,0.3,870.7,-0.3,18,1.0,234,76.02,8.49,44.78
Kazakhstan,2000,22000.0,80.1050857502685,6.69858465755454,10196.1226255982,43.9760392342056,4.3,36.5881878095628,Other/Global,1.16936170685632,3.96,105.6,79.61,76.59,26400.0,39600.0,27.87,0.36,872.5,-0.25,20,1.0,224,75.22,10.03,52.1
Kazakhstan,2001,22000.0,80.1050857502685,6.69858465755454,10196.1226255982,44.2186282868669,4.3,35.5177706536488,Other/Global,1.16659302885506,3.96,105.6,79.61,76.59,26400.0,39600.0,27.87,0.51,773.5,-0.7,22,1.0,245,75.61,12.14,48.96
Kazakhstan,2002,22000.0,80.1050857502685,6.69858465755454,10196.1226255982,44.4954088738415,4.3,35.4782401276311,Other/Global,1.16382431381265,3.96,105.6,79.61,76.59,26400.0,39600.0,27.87,0.53,918.5,-0.59,22,1.16,273,72.08,11.73,48.4
Kazakhstan,2003,22000.0,80.1050857502685,6.69858465755454,10196.1226255982,44.7884722763408,4.3,35.2540306549935,Other/Global,1.16105563581139,3.96,105.6,79.61,76.59,26400.0,39600.0,27.87,0.59,894.1,-0.83,22,1.0,247,75.57,11.92,50.42
Kazakhstan,2004,22000.0,80.1050857502685,6.69858465755454,10196.1226255982,45.0799097755767,4.3,33.5013479307042,Other/Global,1.15828695781013,3.96,105.6,79.61,76.59,26400.0,39600.0,27.87,0.71,957.0,0.37,24,1.0,260,74.45,11.05,47.44
Kazakhstan,2005,22000.0,80.1050857502685,6.69858465755454,10196.1226255982,45.3518126527608,4.3,32.4052464964521,Other/Global,1.15551827980887,3.96,105.6,79.61,76.59,26400.0,39600.0,27.87,0.68,904.8,-0.67,27,1.0,246,75.42,11.13,49.3
Kazakhstan,2006,22000.0,80.1050857502685,6.69858465755454,10196.1226255982,45.5862721891047,4.3,31.5350852661228,Other/Global,1.15274956476646,3.96,105.6,79.61,76.59,26400.0,39600.0,27.87,0.75,884.3,-0.44,24,2.68,280,72.06,12.72,47.02
Kazakhstan,2007,22000.0,80.1050857502685,6.69858465755454,10196.1226255982,45.7653796658201,4.3,31.2245243364866,Other/Global,1.1499808867652,3.96,105.6,79.61,76.59,26400.0,39600.0,27.87,0.72,827.7,-1.3,24,1.0,253,76.6,13.5,47.87
Kazakhstan,2008,22000.0,80.1050857502685,6.69858465755454,10196.1226255982,45.8712263641187,4.3,30.1601585235058,Other/Global,1.14721220876394,3.96,105.6,79.61,76.59,26400.0,39600.0,27.87,0.73,903.1,-0.66,28,2.62,267,72.75,12.66,49.73
Kazakhstan,2009,22000.0,80.1050857502685,6.69858465755454,10196.1226255982,45.8832855251115,4.3,29.0166252437857,Other/Global,1.14444349372152,3.96,105.6,79.61,76.59,26400.0,39600.0,27.87,0.63,956.4,-0.35,25,1.0,278,75.81,12.78,49.11
Kazakhstan,2010,22000.0,80.1050857502685,6.69858465755454,10196.1226255982,45.7945872502898,4.3,28.2828628055327,Other/Global,1.14167481572027,3.96,105.6,79.61,76.59,26400.0,39600.0,27.87,0.46,805.9,-0.54,19,2.19,264,73.52,13.2,47.91
Kazakhstan,2011,22000.0,80.1050857502685,6.69858465755454,10196.1226255982,45.6003913574482,4.3,26.4539322900539,Other/Global,1.15843793754862,3.96,105.6,79.61,76.59,26400.0,39600.0,27.87,0.63,904.4,-1.31,24,1.62,286,76.3,14.18,50.02
Kazakhstan,2012,22000.0,80.1050857502685,6.69858465755454,10196.1226255982,45.30791807162,4.3,25.5395338375296,Other/Global,1.17520102233582,3.96,105.6,79.61,76.59,26400.0,39600.0,27.87,0.77,916.0,-0.51,26,3.8,308,73.24,14.34,47.01
Kazakhstan,2013,22000.0,80.1050857502685,6.69858465755454,10196.1226255982,44.9220235178748,4.3,24.1943279939116,Other/Global,1.19196410712301,3.96,105.6,79.61,76.59,26400.0,39600.0,27.87,0.76,839.9,-1.15,25,1.0,287,76.69,14.78,46.73
Kazakhstan,2014,22000.0,80.1050857502685,6.69858465755454,10196.1226255982,44.4475638212822,4.3,21.8961884828685,Other/Global,1.20872722895136,3.96,105.6,79.61,76.59,26400.0,39600.0,27.87,0.82,850.3,-0.72,25,5.08,318,72.1,16.14,47.66
Kazakhstan,2015,22000.0,80.1050857502685,6.69858465755454,10196.1226255982,43.8893951069118,4.3,18.0128552002403,Other/Global,1.22549031373856,3.96,105.6,79.61,76.59,26400.0,39600.0,27.87,0.91,915.8,-0.99,29,2.54,278,72.24,16.22,48.1
Kazakhstan,2016,21980.0,79.9487350446345,6.80214786828165,9913.19969605385,43.2523734998333,4.3,16.3281046197709,Other/Global,1.23632625847316,3.96,105.5,79.53,76.5,26376.0,39564.0,27.92,0.89,806.7,-1.28,30,1.15,302,74.74,15.73,47.81
Kazakhstan,2017,21960.0,79.7923843390006,6.90571107900877,9630.27676650951,42.5413551251163,4.3,15.3632871855099,Other/Global,1.24716079564396,3.95,105.41,79.53,76.46,26352.0,39528.0,27.96,0.96,925.4,-0.77,27,2.77,299,73.37,16.2,47.53
Kazakhstan,2018,21940.0,79.6360336333666,7.00927428973589,9347.35383696516,41.7611961078305,4.3,14.3163639032135,Other/Global,1.25799207319332,3.95,105.31,79.53,76.41,26328.0,39492.0,28.01,0.94,825.7,-1.32,26,1.06,308,73.78,17.35,50.1
Kazakhstan,2019,21920.0,79.4796829277327,7.11283750046301,9064.43090742082,40.9167525730454,4.3,13.7617849437852,Other/Global,1.26882246175501,3.95,105.22,79.53,76.36,26304.0,39456.0,28.06,0.98,982.4,-0.65,30,1.0,329,76.07,17.3,51.22
Kazakhstan,2020,21900.0,79.3233322220988,7.21640071119013,8781.50797787648,40.0128806458308,5.3,13.457537388077,Other/Global,1.27965329481053,3.94,105.12,79.53,76.31,26280.0,39420.0,28.1,1.04,1084.4,-0.58,30,3.37,274,71.69,18.54,47.86
Kuwait,1990,0.0,7.91245791245791,94.5465207631874,10937.5415268808,2.0262163945664,23.1,2.43148926698093,Other/Global,0.193602693602694,0.0,0.0,0.0,2.37,0.0,0.0,15.0,0.37,831.1,-1.08,22,30.28,317,78.66,6.68,10.66
Kuwait,1991,0.0,7.95173961840628,96.0610549943882,11773.42209118,2.019654963012,23.1,2.43148926698093,Other/Global,0.201459034792368,0.0,0.0,0.0,2.39,0.0,0.0,15.0,0.33,942.7,0.18,18,28.92,290,76.88,6.85,8.1
Kuwait,1992,0.0,7.99102132435465,97.5755892255891,12609.3026554792,2.0110560018406,23.1,2.37459946873772,Other/Global,0.209315375982043,0.0,0.0,0.0,2.4,0.0,0.0,15.0,0.36,841.9,-0.87,18,26.63,300,76.72,6.76,9.48
Kuwait,1993,0.0,8.03030303030303,99.0901234567899,13445.1832197784,1.9985411426554,23.1,2.26722819511972,Other/Global,0.217171717171717,0.0,0.0,0.0,2.41,0.0,0.0,15.0,0.44,983.3,-0.13,20,27.37,318,78.41,6.4,10.7
Kuwait,1994,0.0,8.0695847362514,100.60465768799,14281.0637840776,1.98023201705971,23.1,2.16208464671702,Other/Global,0.225028058361392,0.0,0.0,0.0,2.42,0.0,0.0,15.0,0.5,798.8,-0.51,20,31.02,357,76.14,9.01,8.19
Kuwait,1995,0.0,8.10886644219977,102.119191919191,15116.9443483768,1.95037943826441,23.1,2.07890400854172,Other/Global,0.232884399551066,0.0,0.0,0.0,2.43,0.0,0.0,15.0,0.32,938.4,-0.31,23,30.04,355,76.27,9.52,11.47
Kuwait,1996,0.0,8.14814814814814,103.633726150392,15952.824912676,1.8521996112366,23.1,2.13443397748377,Other/Global,0.240740740740741,0.0,0.0,0.0,2.44,0.0,0.0,15.0,0.23,830.2,-0.66,17,27.28,347,77.2,10.26,8.62
Kuwait,1997,0.0,8.18742985409652,105.148260381593,16788.7054769752,1.674682169783,23.1,2.18086424904802,Other/Global,0.248597081930415,0.0,0.0,0.0,2.46,0.0,0.0,15.0,0.34,883.4,-0.26,22,28.03,350,79.11,8.7,12.21
Kuwait,1998,0.0,8.22671156004489,106.662794612794,17624.5860412744,1.4519720811814,23.1,2.22124087083202,Other/Global,0.25645342312009,0.0,0.0,0.0,2.47,0.0,0.0,15.0,0.27,817.5,-0.16,18,29.51,331,77.36,10.49,11.97
Kuwait,1999,0.0,8.26599326599326,108.177328843995,18460.4666055736,1.2163258547982,23.1,2.29797277732851,Other/Global,0.264309764309764,0.0,0.0,0.0,2.48,0.0,0.0,15.0,0.33,965.8,-0.4,17,29.13,365,76.33,10.15,12.6
Kuwait,2000,0.0,8.30527497194164,109.691863075196,19296.3471698729,1.0,23.1,2.36610633523753,Other/Global,0.272166105499439,0.0,0.0,0.0,2.49,0.0,0.0,15.0,0.38,833.0,-0.57,21,32.61,361,75.47,11.11,12.52
Kuwait,2001,0.0,8.32772166105499,115.239915824915,21287.9376749011,0.765246037116896,23.1,2.4192343119163,Other/Global,0.280022446689113,0.0,0.0,0.0,2.5,0.0,0.0,15.0,0.41,944.2,-0.7,24,28.5,364,76.31,10.62,14.62
Kuwait,2002,0.0,8.35016835016835,120.787968574635,23279.5281799293,0.490972311919506,23.1,2.46541800651254,Other/Global,0.287878787878788,0.0,0.0,0.0,2.51,0.0,0.0,15.0,0.62,872.5,-0.71,20,30.62,356,77.25,12.01,12.06
Kuwait,2003,0.0,8.3726150392817,126.336021324354,25271.1186849575,0.234420571934805,23.1,2.50469630557295,Other/Global,0.295735129068462,0.0,0.0,0.0,2.51,0.0,0.0,15.0,0.6,890.8,-0.5,25,30.3,370,78.76,13.15,8.45
Kuwait,2004,0.0,8.39506172839506,131.884074074074,27262.7091899857,0.052832564689993,23.1,2.60415792115137,Other/Global,0.303591470258137,0.0,0.0,0.0,2.52,0.0,0.0,15.0,0.67,911.8,-0.75,24,27.48,363,79.12,14.23,11.89
Kuwait,2005,0.0,8.41750841750842,137.432126823793,29254.2996950139,0.0,23.1,2.70295612605775,Other/Global,0.311447811447811,0.0,0.0,0.0,2.53,0.0,0.0,15.0,0.74,839.1,-0.93,27,26.51,369,77.52,15.19,11.01
Kuwait,2006,0.0,8.43995510662177,142.980179573513,31245.8902000421,0.0,23.1,2.64573187750732,Other/Global,0.319304152637486,0.0,0.0,0.0,2.53,0.0,0.0,15.0,0.63,916.8,-0.87,23,29.65,367,75.43,16.54,9.48
Kuwait,2007,0.0,8.46240179573513,148.528232323232,33237.4807050703,0.0,23.1,2.58045306995905,Other/Global,0.327160493827161,0.0,0.0,0.0,2.54,0.0,0.0,15.0,0.81,1022.4,-0.22,25,30.98,399,75.96,15.85,15.06
Kuwait,2008,0.0,8.48484848484848,154.076285072952,35229.0712100985,0.0,23.1,2.51265363809225,Other/Global,0.335016835016835,0.0,0.0,0.0,2.55,0.0,0.0,15.0,0.7,837.8,-0.45,24,32.86,381,72.87,16.25,12.18
Kuwait,2009,0.0,8.50729517396184,159.624337822671,37220.6617151267,0.0,23.1,2.4688345018005,Other/Global,0.34287317620651,0.0,0.0,0.0,2.55,0.0,0.0,15.0,0.73,993.7,-0.6,24,29.43,415,77.78,17.58,10.1
Kuwait,2010,0.0,8.5297418630752,165.172390572391,39212.252220155,0.0,23.1,2.44065973889369,Other/Global,0.350729517396184,0.0,0.0,0.0,2.56,0.0,0.0,15.0,0.57,1019.8,-0.24,24,31.44,390,76.37,18.23,12.09
Kuwait,2011,0.0,8.50056116722783,175.174657687991,37346.2443060379,0.0,23.1,2.40380672086459,Other/Global,0.350729517396184,0.0,0.0,0.0,2.55,0.0,0.0,15.0,0.52,834.7,-0.48,22,30.69,373,75.81,17.19,18.39
Kuwait,2012,0.0,8.47138047138047,185.176924803591,35480.2363919209,0.0,23.1,2.3560234167844,Other/Global,0.350729517396184,0.0,0.0,0.0,2.54,0.0,0.0,15.0,0.72,783.6,-0.6,26,34.12,419,73.77,17.21,17.08
Kuwait,2013,0.0,8.4421997755331,195.179191919192,33614.2284778038,0.0,23.1,2.31095030306469,Other/Global,0.350729517396184,0.0,0.0,0.0,2.53,0.0,0.0,15.0,0.72,924.2,-0.94,24,31.86,408,75.23,20.12,16.28
Kuwait,2014,0.0,8.41301907968574,205.181459034792,31748.2205636868,0.0,23.1,2.26534444766701,Other/Global,0.350729517396184,0.0,0.0,0.0,2.52,0.0,0.0,15.0,0.67,856.2,-0.73,22,31.66,403,77.36,18.6,16.57
Kuwait,2015,0.0,8.38383838383838,215.183726150393,29882.2126495698,0.0,23.1,2.1986488786787,Other/Global,0.350729517396184,0.0,0.0,0.0,2.52,0.0,0.0,15.0,0.74,1049.5,-0.01,27,32.98,446,74.28,19.12,13.98
Kuwait,2016,0.0,8.39057239057239,221.532693602693,28952.9852366346,0.0,23.1,2.14936879171515,Other/Global,0.350729517396184,0.0,0.0,0.0,2.52,0.0,0.0,15.0,0.97,902.8,-0.8,29,33.41,442,73.09,19.18,14.15
Kuwait,2017,0.0,8.39730639730639,227.881661054994,28023.7578236995,0.0,23.1,2.10900463822288,Other/Global,0.350729517396184,0.0,0.0,0.0,2.52,0.0,0.0,15.0,0.85,835.8,-1.64,28,35.62,451,72.37,19.34,17.55
Kuwait,2018,0.0,8.4040404040404,234.230628507295,27094.5304107643,0.0,23.1,2.09367973408935,Other/Global,0.350729517396184,0.0,0.0,0.0,2.52,0.0,0.0,15.0,1.12,808.2,-1.05,32,33.93,426,75.42,20.22,19.93
Kuwait,2019,0.0,8.41077441077441,240.579595959596,26165.3029978292,0.0,23.1,2.03916813289584,Other/Global,0.350729517396184,0.0,0.0,0.0,2.52,0.0,0.0,15.0,0.93,987.2,0.0,28,34.97,440,72.51,21.23,15.04
Kuwait,2020,0.0,8.41750841750842,246.928563411897,25236.0755848941,0.0,23.1,2.01531365732852,Other/Global,0.350729517396184,0.0,0.0,0.0,2.53,0.0,0.0,15.0,1.05,854.3,-0.96,31,32.24,431,76.6,20.13,17.2
Kyrgyzstan,1990,0.0,55.8602711157456,25.5389051094891,605.798144966488,39.0452192448637,23.1,18.5778506151342,Other/Global,28.6435234422283,0.0,0.0,0.0,16.76,0.0,0.0,15.0,0.24,903.5,-0.49,17,1.0,176,80.24,4.69,35.26
Kyrgyzstan,1991,0.0,55.8602711157456,25.5389051094891,573.180504316275,39.0452192448637,23.1,18.5778506151342,Other/Global,28.6435234422283,0.0,0.0,0.0,16.76,0.0,0.0,15.0,0.39,976.5,-0.21,18,1.0,211,78.33,5.78,33.83
Kyrgyzstan,1992,0.0,55.8602711157456,25.5389051094891,540.562863666063,39.0452192448637,23.1,18.5778506151342,Other/Global,28.6435234422283,0.0,0.0,0.0,16.76,0.0,0.0,15.0,0.35,861.3,0.12,19,1.0,216,81.38,5.16,34.44
Kyrgyzstan,1993,0.0,55.8602711157456,25.5389051094891,507.945223015851,39.0452192448637,23.1,18.5778506151342,Other/Global,28.6435234422283,0.0,0.0,0.0,16.76,0.0,0.0,15.0,0.42,896.3,-0.08,23,1.0,216,80.16,4.75,32.74
Kyrgyzstan,1994,0.0,55.8602711157456,25.5389051094891,475.327582365638,39.0452192448637,23.1,18.5778506151342,Other/Global,28.6435234422283,0.0,0.0,0.0,16.76,0.0,0.0,15.0,0.45,898.7,-0.17,22,1.0,221,80.93,6.61,35.41
Kyrgyzstan,1995,0.0,55.8602711157456,25.5389051094891,442.709941715426,39.0452192448637,23.1,18.5778506151342,Other/Global,28.6435234422283,0.0,0.0,0.0,16.76,0.0,0.0,15.0,0.36,954.7,0.0,18,1.0,204,79.74,5.74,35.14
Kyrgyzstan,1996,0.0,55.8602711157456,25.5389051094891,410.092301065214,39.0452192448637,23.1,18.5778506151342,Other/Global,28.6435234422283,0.0,0.0,0.0,16.76,0.0,0.0,15.0,0.48,947.3,-0.42,24,1.0,211,81.96,6.21,36.03
Kyrgyzstan,1997,0.0,55.8602711157456,25.5389051094891,377.474660415001,39.0452192448637,23.1,18.5778506151342,Other/Global,28.6435234422283,0.0,0.0,0.0,16.76,0.0,0.0,15.0,0.35,882.4,-0.4,19,1.0,223,81.02,6.2,34.38
Kyrgyzstan,1998,0.0,55.8602711157456,25.5389051094891,344.857019764789,39.0452192448637,23.1,18.5778506151342,Other/Global,28.6435234422283,0.0,0.0,0.0,16.76,0.0,0.0,15.0,0.35,905.1,-0.29,18,1.0,252,83.08,5.58,36.22
Kyrgyzstan,1999,0.0,55.8602711157456,25.5389051094891,312.239379114577,39.0452192448637,23.1,18.5778506151342,Other/Global,28.6435234422283,0.0,0.0,0.0,16.76,0.0,0.0,15.0,0.29,870.3,-0.17,16,1.0,253,81.34,6.91,35.47
Kyrgyzstan,2000,0.0,55.8602711157456,25.5389051094891,279.621738464365,39.0452192448637,23.1,18.5778506151342,Other/Global,28.6435234422283,0.0,0.0,0.0,16.76,0.0,0.0,15.0,0.19,781.8,-0.09,18,1.0,246,80.21,8.43,37.26
Kyrgyzstan,2001,0.0,55.8070385818561,25.8354103232534,339.355012261963,39.0452192448637,23.1,18.5778506151342,Other/Global,28.6435234422283,0.0,0.0,0.0,16.74,0.0,0.0,15.0,0.43,920.6,0.06,19,1.0,272,79.46,9.69,34.25
Kyrgyzstan,2002,0.0,55.7538060479666,26.1319155370177,399.088286059562,39.0452192448637,23.1,18.5778506151342,Other/Global,28.6435234422283,0.0,0.0,0.0,16.73,0.0,0.0,15.0,0.7,1051.4,-0.48,25,1.0,253,78.81,8.69,36.64
Kyrgyzstan,2003,0.0,55.7005735140771,26.428420750782,458.821559857161,39.0452192448637,23.1,18.5778506151342,Other/Global,28.6435234422283,0.0,0.0,0.0,16.71,0.0,0.0,15.0,0.64,829.3,-0.68,22,1.0,259,80.37,8.95,34.29
Kyrgyzstan,2004,0.0,55.6473409801877,26.7249259645464,518.55483365476,39.0452192448637,23.1,18.5778506151342,Other/Global,28.6435234422283,0.0,0.0,0.0,16.69,0.0,0.0,15.0,0.64,838.2,-0.5,26,1.0,275,80.43,9.85,36.01
Kyrgyzstan,2005,0.0,55.5941084462982,27.0214311783107,578.288107452359,39.0452192448637,23.1,18.5778506151342,Other/Global,28.6435234422283,0.0,0.0,0.0,16.68,0.0,0.0,15.0,0.67,830.3,-0.58,23,1.0,267,82.46,10.23,37.36
Kyrgyzstan,2006,0.0,55.5408759124087,27.317936392075,638.021381249958,39.0452192448637,23.1,18.5778506151342,Other/Global,28.6435234422283,0.0,0.0,0.0,16.66,0.0,0.0,15.0,0.72,958.0,-0.57,24,1.0,284,80.07,10.63,37.04
Kyrgyzstan,2007,0.0,55.4876433785193,27.6144416058394,697.754655047557,39.0452192448637,23.1,18.5778506151342,Other/Global,28.6435234422283,0.0,0.0,0.0,16.65,0.0,0.0,15.0,0.77,935.9,0.38,28,1.0,264,81.8,11.91,34.27
Kyrgyzstan,2008,0.0,55.4344108446298,27.9109468196037,757.487928845156,39.0452192448637,23.1,18.5778506151342,Other/Global,28.6435234422283,0.0,0.0,0.0,16.63,0.0,0.0,15.0,0.61,887.3,-0.91,25,1.0,257,80.46,11.21,33.6
Kyrgyzstan,2009,0.0,55.3811783107403,28.207452033368,817.221202642755,39.0452192448637,23.1,18.5778506151342,Other/Global,28.6435234422283,0.0,0.0,0.0,16.61,0.0,0.0,15.0,0.77,826.6,-1.19,23,1.0,269,82.87,11.45,36.58
Kyrgyzstan,2010,0.0,55.3279457768509,28.5039572471324,876.954476440354,39.0452192448637,23.1,18.5778506151342,Other/Global,28.6435234422283,0.0,0.0,0.0,16.6,0.0,0.0,15.0,0.71,907.4,-0.47,25,1.0,277,78.74,12.24,33.71
Kyrgyzstan,2011,0.0,55.3279457768509,28.5039572471324,876.954476440354,39.0452192448637,23.1,18.5778506151342,Other/Global,28.6435234422283,0.0,0.0,0.0,16.6,0.0,0.0,15.0,0.7,774.8,-0.34,22,1.0,264,82.24,13.13,36.6
Kyrgyzstan,2012,0.0,55.3279457768509,28.5039572471324,876.954476440354,39.0452192448637,23.1,18.5778506151342,Other/Global,28.6435234422283,0.0,0.0,0.0,16.6,0.0,0.0,15.0,0.69,911.5,-0.76,25,1.0,270,80.02,15.28,32.23
Kyrgyzstan,2013,0.0,55.3279457768509,28.5039572471324,876.954476440354,39.0452192448637,23.1,18.5778506151342,Other/Global,28.6435234422283,0.0,0.0,0.0,16.6,0.0,0.0,15.0,0.69,969.7,-0.4,24,1.0,278,81.69,14.77,35.57
Kyrgyzstan,2014,0.0,55.3279457768509,28.5039572471324,876.954476440354,39.0452192448637,23.1,18.5778506151342,Other/Global,28.6435234422283,0.0,0.0,0.0,16.6,0.0,0.0,15.0,0.8,799.9,-0.65,26,1.0,271,82.5,13.95,33.89
Kyrgyzstan,2015,0.0,55.3279457768509,28.5039572471324,876.954476440354,39.0452192448637,23.1,18.5778506151342,Other/Global,28.6435234422283,0.0,0.0,0.0,16.6,0.0,0.0,15.0,0.86,777.4,-1.1,27,1.0,282,80.2,13.72,31.29
Kyrgyzstan,2016,0.0,55.3279457768509,28.5039572471324,876.954476440354,39.0452192448637,23.1,18.5778506151342,Other/Global,28.6435234422283,0.0,0.0,0.0,16.6,0.0,0.0,15.0,0.86,1026.4,-0.37,25,1.0,306,79.3,14.44,33.07
Kyrgyzstan,2017,0.0,55.3279457768509,28.5039572471324,876.954476440354,39.0452192448637,23.1,18.5778506151342,Other/Global,28.6435234422283,0.0,0.0,0.0,16.6,0.0,0.0,15.0,0.9,851.1,-0.71,27,1.0,310,79.19,14.35,33.85
Kyrgyzstan,2018,0.0,55.3279457768509,28.5039572471324,876.954476440354,39.0452192448637,23.1,18.5778506151342,Other/Global,28.6435234422283,0.0,0.0,0.0,16.6,0.0,0.0,15.0,0.99,990.9,-0.41,27,1.0,281,79.59,15.44,38.47
Kyrgyzstan,2019,0.0,55.3279457768509,28.5039572471324,876.954476440354,39.0452192448637,23.1,18.5778506151342,Other/Global,28.6435234422283,0.0,0.0,0.0,16.6,0.0,0.0,15.0,1.13,887.7,-0.64,30,1.0,310,77.7,15.91,28.63
Kyrgyzstan,2020,0.0,55.3279457768509,28.5039572471324,876.954476440354,39.0452192448637,23.1,18.5778506151342,Other/Global,28.6435234422283,0.0,0.0,0.0,16.6,0.0,0.0,15.0,0.9,887.0,-0.38,27,1.0,308,80.34,16.52,33.96
Latvia,1990,0.0,25.5194690407701,38.0469892490398,3278.17896440803,29.3001477921964,19.4,19.8805816304147,Other/Global,51.2092821444068,0.0,0.0,0.0,7.66,0.0,0.0,15.0,0.15,935.1,0.09,15,1.0,219,88.85,3.42,16.52
Latvia,1991,40.0,25.5194690407701,38.0469892490398,3278.17896440803,29.5022338944143,19.4,19.8805816304147,Other/Global,51.2092821444068,0.01,0.19,14.59,19.69,48.0,72.0,22.38,0.35,829.3,-0.43,19,1.0,203,88.37,4.67,15.27
Latvia,1992,80.0,25.5194690407701,38.0469892490398,3278.17896440803,29.7755544485045,19.4,19.6800937236,Other/Global,51.2092821444068,0.01,0.38,17.24,21.88,96.0,144.0,23.73,0.4,910.6,-0.22,21,1.0,192,87.62,6.91,16.44
Latvia,1993,120.0,25.5194690407701,38.0469892490398,3278.17896440803,30.0985727661631,19.4,19.1835828119226,Other/Global,51.3185594677552,0.02,0.58,18.78,23.16,144.0,216.0,24.53,0.45,869.5,-0.31,21,1.0,207,87.01,5.25,16.92
Latvia,1994,160.0,25.5194690407701,38.0469892490398,3278.17896440803,30.4497521590862,19.4,18.556686353948,Other/Global,51.4278367911035,0.03,0.77,19.9,24.09,192.0,288.0,25.1,0.47,794.3,-0.71,22,1.0,200,87.38,5.9,15.88
Latvia,1995,200.0,25.5194690407701,38.0469892490398,3278.17896440803,30.8075559389701,19.4,18.0746427580035,Other/Global,51.5371141144519,0.04,0.96,20.71,24.78,240.0,360.0,25.54,0.42,927.0,-0.25,21,1.0,187,88.41,6.63,17.93
Latvia,1996,240.0,25.5194690407701,38.0469892490398,3278.17896440803,31.1504474175109,19.4,17.4773999139044,Other/Global,51.6463914378003,0.04,1.15,21.35,25.33,288.0,432.0,25.9,0.54,878.9,-0.14,21,1.0,224,89.06,8.41,20.38
Latvia,1997,280.0,25.5194690407701,38.0469892490398,3278.17896440803,31.4568899064048,19.4,21.5840834763462,Other/Global,51.7556687611487,0.05,1.34,21.92,25.81,336.0,504.0,26.2,0.26,887.4,0.2,17,1.0,236,86.28,8.18,17.12
Latvia,1998,320.0,25.5194690407701,38.0469892490398,3278.17896440803,31.7053467173479,19.4,19.0283244656556,Other/Global,51.8649460844971,0.06,1.54,22.4,26.22,384.0,576.0,26.47,0.3,803.1,-1.02,16,1.0,235,88.26,7.81,15.84
Latvia,1999,360.0,25.5194690407701,38.0469892490398,3278.17896440803,31.8742811620363,19.4,17.4915680710959,Other/Global,51.9742234078455,0.06,1.73,22.8,26.57,432.0,648.0,26.7,0.36,1027.3,0.14,19,1.0,216,88.39,8.04,17.0
Latvia,2000,400.0,25.5194690407701,38.0469892490398,3278.17896440803,31.9479438558045,19.4,14.9255717592149,Other/Global,52.0835007311939,0.07,1.92,23.13,26.87,480.0,720.0,26.91,0.26,970.1,-0.18,19,1.0,218,86.94,8.25,16.52
Latvia,2001,391.0,25.8681922638083,37.6131020296655,4069.20298497699,31.9836339475215,19.4,15.4708791185489,Other/Global,52.2942131229209,0.07,1.88,22.97,26.86,469.2,703.8,26.83,0.43,977.1,-0.18,21,1.0,245,88.64,8.29,19.6
Latvia,2002,382.0,26.2169154868465,37.1792148102913,4860.22700554596,32.0186549297954,19.4,16.2287353752917,Other/Global,52.504925514648,0.07,1.83,22.8,26.85,458.4,687.6,26.75,0.64,875.5,-0.47,22,1.0,271,89.02,9.14,16.66
Latvia,2003,373.0,26.5656387098847,36.7453275909171,5651.25102611493,32.0506159493642,19.4,14.2436571902454,Other/Global,52.715637906375,0.07,1.79,22.56,26.81,447.6,671.4,26.67,0.58,761.6,-0.72,26,1.0,269,87.12,11.7,18.75
Latvia,2004,364.0,26.914361932923,36.3114403715428,6442.27504668389,32.0793297168723,19.4,13.3012696516427,Other/Global,52.9263502981021,0.07,1.75,22.4,26.8,436.8,655.2,26.59,0.66,1056.2,-0.04,22,1.0,248,86.68,11.98,18.54
Latvia,2005,355.0,27.2630851559612,35.8775531521686,7233.29906725286,32.1046089429647,23.5,12.051169592131,Other/Global,53.1370626898292,0.06,1.7,22.16,26.75,426.0,639.0,26.5,0.59,895.1,-1.06,22,1.0,259,90.22,11.01,18.37
Latvia,2006,346.0,27.6118083789994,35.4436659327944,8024.32308782183,32.126266338286,21.2,11.4610398962984,Other/Global,53.3477750815562,0.06,1.66,22.0,26.75,415.2,622.8,26.42,0.67,840.1,-1.03,27,1.0,273,88.51,11.39,16.07
Latvia,2007,337.0,27.9605316020377,35.0097787134201,8815.3471083908,32.1441146134809,25.9,10.1799280512284,Other/Global,53.5584874732833,0.06,1.62,21.76,26.7,404.4,606.6,26.33,0.69,933.3,-0.17,22,1.0,261,87.68,13.19,17.3
Latvia,2008,328.0,28.3092548250759,34.5758914940459,9606.37112895976,32.1579664791942,26.4,7.9569971421794,Other/Global,53.7691998650104,0.06,1.57,21.6,26.69,393.6,590.4,26.24,0.68,993.3,-1.06,23,1.0,247,86.56,12.3,18.34
Latvia,2009,319.0,28.6579780481141,34.1420042746717,10397.3951495287,32.1676346460705,20.9,8.75082276536926,Other/Global,53.9799122567374,0.06,1.53,21.35,26.63,382.8,574.2,26.15,0.78,898.1,-0.27,27,1.0,228,86.36,13.81,16.52
Latvia,2010,310.0,29.0067012711524,33.7081170552975,11188.4191700977,32.1729318247547,19.0,8.61447379840452,Other/Global,54.1906246484645,0.06,1.49,21.19,26.62,372.0,558.0,26.06,0.7,1002.2,-0.06,24,1.0,276,87.89,12.89,17.13
Latvia,2011,338.0,29.2622173654523,33.3223423915663,11615.1303988904,32.1733102991733,19.2,8.89514298054559,Other/Global,54.2527198804378,0.06,1.62,21.51,26.97,405.6,608.4,26.2,0.56,986.6,0.24,26,1.0,274,86.15,14.36,18.27
Latvia,2012,366.0,29.5177334597522,32.9365677278351,12041.8416276832,32.1668361057781,19.4,8.37328563585009,Other/Global,54.314815112411,0.07,1.76,21.76,27.27,439.2,658.8,26.32,0.67,813.8,-0.88,23,1.0,255,86.03,14.29,20.04
Latvia,2013,394.0,29.7732495540521,32.550793064104,12468.552856476,32.152665517067,21.2,8.05618347513438,Other/Global,54.3769103443843,0.07,1.89,22.0,27.56,472.8,709.2,26.42,0.73,846.0,-1.38,24,1.0,263,86.84,15.48,22.31
Latvia,2014,422.0,30.028765648352,32.1650184003728,12895.2640852688,32.1313964635056,22.5,7.50368554752405,Other/Global,54.4390055763575,0.08,2.03,22.24,27.84,506.4,759.6,26.52,0.84,976.6,-0.29,24,1.0,284,87.71,16.59,20.16
Latvia,2015,450.0,30.2842817426519,31.7792437366417,13321.9753140616,32.1034604331741,21.8,7.93915516028573,Other/Global,54.5011008083308,0.08,2.16,22.4,28.08,540.0,810.0,26.61,0.94,682.9,-1.09,25,1.0,283,89.0,15.51,20.02
Latvia,2016,476.0,30.5555629483558,31.5312175829177,14170.4266822363,32.0692889141528,22.1,7.69180567231539,Other/Global,54.5632924614717,0.09,2.28,22.56,28.31,571.2,856.8,26.69,0.8,888.0,-0.4,25,1.0,316,87.1,15.65,20.05
Latvia,2017,502.0,30.8268441540597,31.2831914291937,15018.8780504111,32.0293133945221,23.3,6.68976935813022,Other/Global,54.6254841146126,0.09,2.41,22.72,28.54,602.4,903.6,26.77,0.88,785.5,-1.28,26,1.0,319,85.76,16.77,19.38
Latvia,2018,528.0,31.0981253597636,31.0351652754698,15867.3294185858,31.9839653623624,22.9,6.90191839339437,Other/Global,54.6876757677536,0.1,2.53,22.88,28.77,633.6,950.4,26.84,0.88,861.8,-0.81,28,1.0,289,86.35,18.59,20.02
Latvia,2019,554.0,31.3694065654675,30.7871391217458,16715.7807867606,31.933676305754,21.6,6.81182695868122,Other/Global,54.7498674208945,0.1,2.66,23.05,29.0,664.8,997.2,26.91,0.98,876.0,-1.02,26,1.0,328,88.17,18.13,21.49
Latvia,2020,580.0,31.6406877711715,30.5391129680219,17564.2321549354,31.8788777127772,23.4,7.40152129716425,Other/Global,54.8094166800579,0.1,2.78,23.21,29.22,696.0,1044.0,26.97,1.03,871.3,-1.17,32,1.0,333,87.98,18.47,22.41
Lebanon,1990,100.0,59.1397849462366,351.434506353861,789.526338484738,16.6522220784018,28.6,7.26571369918682,Other/Global,13.6559139784946,0.02,0.48,32.07,39.66,120.0,180.0,30.99,0.35,855.8,-0.14,19,1.0,208,81.16,5.54,48.18
Lebanon,1991,100.0,59.0420332355816,358.611094819159,1109.25721857729,16.2267063669307,28.6,7.26571369918682,Other/Global,13.6410557184751,0.02,0.48,32.15,39.68,120.0,180.0,31.07,0.33,812.2,-0.92,22,1.0,193,80.91,5.46,54.8
Lebanon,1992,100.0,58.9442815249267,365.787683284457,1428.98809866984,15.8345668924479,28.6,6.83060695285747,Other/Global,13.6261974584555,0.02,0.48,32.15,39.65,120.0,180.0,31.15,0.37,1083.3,0.05,22,1.0,212,82.01,7.33,53.07
Lebanon,1993,100.0,58.8465298142717,372.964271749755,1748.71897876239,15.4766495895003,28.6,6.5072594184675,Other/Global,13.611339198436,0.02,0.48,32.15,39.62,120.0,180.0,31.23,0.45,1049.4,-0.19,19,1.0,182,79.99,5.03,54.95
Lebanon,1994,100.0,58.7487781036168,380.140860215053,2068.44985885494,15.1538003926348,28.6,6.25408051167173,Other/Global,13.5964809384164,0.02,0.48,32.15,39.59,120.0,180.0,31.3,0.38,807.0,-1.06,20,1.0,209,80.66,6.32,54.98
Lebanon,1995,100.0,58.6510263929619,387.317448680352,2388.18073894749,14.8668652363985,28.6,6.04246541985571,Other/Global,13.5816226783969,0.02,0.48,32.15,39.56,120.0,180.0,31.38,0.61,1026.6,-0.02,25,1.0,225,78.82,5.65,54.29
Lebanon,1996,100.0,58.5532746823069,394.49403714565,2707.91161904005,14.6166900553382,28.6,5.75718551698395,Other/Global,13.5667644183773,0.02,0.48,32.15,39.53,120.0,180.0,31.45,0.29,868.0,0.01,17,1.0,230,80.09,6.31,55.91
Lebanon,1997,100.0,58.455522971652,401.670625610948,3027.6424991326,14.4041207840009,28.6,5.68118647753337,Other/Global,13.5519061583578,0.02,0.48,32.15,39.5,120.0,180.0,31.53,0.4,910.3,-0.34,21,1.0,222,80.16,8.66,55.73
Lebanon,1998,100.0,58.357771260997,408.847214076246,3347.37337922515,14.2300033569336,28.6,5.54980039079981,Other/Global,13.5370478983382,0.02,0.48,32.15,39.47,120.0,180.0,31.6,0.53,894.9,-0.89,22,1.0,233,80.81,7.32,55.38
Lebanon,1999,100.0,58.2600195503421,416.023802541544,3667.1042593177,14.0958498066772,28.6,5.51482687937142,Other/Global,13.5221896383187,0.02,0.48,32.15,39.44,120.0,180.0,31.67,0.37,847.2,-0.22,18,1.0,220,79.13,9.72,55.54
Lebanon,2000,100.0,58.1622678396872,423.200391006843,3986.83513941026,14.0,28.6,5.43177663678275,Other/Global,13.5073313782991,0.02,0.48,32.15,39.41,120.0,180.0,31.75,0.38,978.7,0.46,19,1.0,260,78.03,8.01,54.08
Lebanon,2001,100.0,58.6021505376344,430.159804496579,4350.73267702039,13.8548761888697,28.6,5.3028038745401,Other/Global,13.4992179863148,0.02,0.48,32.15,39.54,120.0,180.0,31.81,0.41,910.1,-0.49,20,1.0,264,79.1,9.26,56.7
Lebanon,2002,100.0,59.0420332355816,437.119217986315,4714.63021463053,13.7057153354772,28.6,5.17999240622689,Other/Global,13.4911045943304,0.02,0.48,32.15,39.68,120.0,180.0,31.88,0.49,861.9,-0.66,20,1.0,256,80.96,8.81,53.3
Lebanon,2003,100.0,59.4819159335288,444.078631476051,5078.52775224067,13.5524648209229,28.6,5.05684935837146,Other/Global,13.482991202346,0.02,0.48,32.15,39.81,120.0,180.0,31.95,0.69,795.6,-0.75,24,1.0,245,79.32,10.73,58.47
Lebanon,2004,100.0,59.921798631476,451.038044965787,5442.42528985081,13.3950720263069,28.6,4.88122853802879,Other/Global,13.4748778103617,0.02,0.48,32.15,39.94,120.0,180.0,32.01,0.47,828.5,-0.13,21,1.0,240,80.03,10.8,60.0
Lebanon,2005,100.0,60.3616813294232,457.997458455523,5806.32282746095,13.2334843327297,28.6,4.77578792858122,Other/Global,13.4667644183773,0.02,0.48,32.15,40.07,120.0,180.0,32.08,0.82,768.7,-1.25,26,1.0,269,78.64,12.08,56.22
Lebanon,2006,100.0,60.8015640273704,464.956871945258,6170.22036507109,13.0676491212913,28.6,4.69848333049506,Other/Global,13.458651026393,0.02,0.48,32.15,40.2,120.0,180.0,32.14,0.61,901.0,-0.88,23,1.0,262,80.5,12.18,59.18
Lebanon,2007,100.0,61.2414467253176,471.916285434995,6534.11790268123,12.8975137730921,28.6,4.4871637266628,Other/Global,13.4505376344086,0.02,0.48,32.15,40.34,120.0,180.0,32.21,0.7,804.3,-0.69,23,1.0,248,79.01,12.04,63.18
Lebanon,2008,100.0,61.6813294232648,478.875698924731,6898.01544029137,12.7230256692323,28.6,4.28280437476622,Other/Global,13.4424242424242,0.02,0.48,32.15,40.47,120.0,180.0,32.27,0.67,878.7,-0.37,22,1.0,283,78.89,12.47,65.32
Lebanon,2009,100.0,62.121212121212,485.835112414467,7261.91297790151,12.5441321908122,28.6,4.05906369761791,Other/Global,13.4343108504399,0.02,0.48,32.23,40.64,120.0,180.0,32.33,0.73,1009.6,-0.22,23,1.0,263,80.51,11.8,61.37
Lebanon,2010,100.0,62.5610948191593,492.794525904203,7625.81051551165,12.3607807189321,28.6,3.89100735780423,Other/Global,13.4261974584555,0.02,0.48,32.23,40.77,120.0,180.0,32.4,0.53,995.9,-0.27,23,1.0,261,80.7,13.55,62.3
Lebanon,2011,100.0,63.0498533724339,520.774604105571,7643.4704123854,12.1729186346921,27.4,3.82094193758676,Other/Global,13.4844574780059,0.02,0.48,32.15,40.88,120.0,180.0,32.64,0.68,897.4,-0.25,23,1.0,291,80.3,13.55,63.73
Lebanon,2012,100.0,63.5386119257086,548.75468230694,7661.13030925915,11.9804933191925,27.4,3.75269644002467,Other/Global,13.5427174975562,0.02,0.48,32.15,41.02,120.0,180.0,32.87,0.82,893.0,-0.52,24,1.0,269,78.17,14.54,65.86
Lebanon,2013,100.0,64.0273704789833,576.734760508308,7678.7902061329,11.7834521535337,27.4,3.77556583796653,Other/Global,13.6009775171065,0.02,0.48,32.15,41.17,120.0,180.0,33.09,0.58,1050.4,-0.19,22,1.0,286,77.73,14.99,69.73
Lebanon,2014,100.0,64.516129032258,604.714838709677,7696.45010300665,11.5817425188158,27.4,3.83707398999778,Other/Global,13.6592375366569,0.02,0.48,32.07,41.28,120.0,180.0,33.31,0.76,941.6,-0.45,26,1.0,307,77.23,14.26,68.95
Lebanon,2015,100.0,65.0048875855327,632.694916911046,7714.1099998804,11.3753117961392,27.4,3.80942482667022,Other/Global,13.7174975562072,0.02,0.48,32.07,41.42,120.0,180.0,33.52,0.76,873.8,-1.1,23,1.0,309,76.41,14.58,67.9
Lebanon,2016,100.0,65.1830889540566,617.639765395894,7283.52633380511,11.164107366604,27.4,3.69536915843577,Other/Global,13.7761485826002,0.02,0.48,32.07,41.48,120.0,180.0,33.41,0.92,785.9,-0.91,28,1.0,300,77.03,15.53,70.51
Lebanon,2017,100.0,65.3612903225806,602.584613880742,6852.94266772982,10.9480766113105,27.4,3.5993892883909,Other/Global,13.8347996089932,0.02,0.48,32.07,41.53,120.0,180.0,33.29,0.95,931.5,-0.73,28,1.0,281,77.09,15.58,68.58
Lebanon,2018,100.0,65.5394916911045,587.529462365591,6422.35900165454,10.727166911359,27.4,3.54169786813783,Other/Global,13.8934506353861,0.02,0.48,31.99,41.54,120.0,180.0,33.18,0.93,966.3,-0.65,28,1.0,294,76.55,14.94,66.46
Lebanon,2019,100.0,65.7176930596285,572.474310850439,5991.77533557925,10.5013256478497,27.4,3.56322384711598,Other/Global,13.9521016617791,0.02,0.48,31.99,41.6,120.0,180.0,33.06,1.04,849.5,-1.01,28,1.0,341,76.2,15.62,65.82
Lebanon,2020,100.0,65.8958944281525,557.419159335288,5561.19166950397,10.270500201883,27.4,3.62280877071194,Other/Global,14.010752688172,0.02,0.48,31.99,41.65,120.0,180.0,32.94,1.14,923.3,-0.82,28,1.0,323,76.41,17.59,67.19
Libya,1990,330.0,8.78354569944417,2.52636427702695,6502.27886565421,19.4236551857565,23.1,14.9760567271388,Other/Global,0.123327687918433,0.06,1.58,46.66,33.37,396.0,594.0,20.85,0.25,870.9,-0.03,18,28.65,316,76.99,5.83,6.65
Libya,1991,330.0,8.78326153426463,2.57522829830523,6573.46101946587,18.6169968477363,23.1,14.9760567271388,Other/Global,0.123327687918433,0.06,1.58,46.66,33.37,396.0,594.0,20.88,0.4,885.2,-0.19,17,31.72,317,75.89,5.84,6.54
Libya,1992,330.0,8.7829773690851,2.62409231958352,6644.64317327753,17.8389151912,23.1,14.964523529957,Other/Global,0.123327687918433,0.06,1.58,46.66,33.37,396.0,594.0,20.91,0.29,700.9,-0.94,18,33.39,318,74.86,7.26,7.81
Libya,1993,330.0,8.78269320390556,2.67295634086181,6715.82532708919,17.0927946007725,23.1,15.091596096542,Other/Global,0.123327687918433,0.06,1.58,46.66,33.37,396.0,594.0,20.94,0.36,882.2,-0.12,21,29.45,352,75.98,6.6,5.0
Libya,1994,330.0,8.78240903872603,2.7218203621401,6787.00748090086,16.3820194610786,23.1,14.8864377284848,Other/Global,0.123327687918433,0.06,1.58,46.66,33.37,396.0,594.0,20.96,0.49,977.5,-0.01,19,32.15,367,74.7,7.6,5.0
Libya,1995,330.0,8.78212487354649,2.77068438341839,6858.18963471252,15.7099741567433,23.1,14.8598635142778,Other/Global,0.123327687918433,0.06,1.58,46.66,33.37,396.0,594.0,20.99,0.56,849.4,-0.74,19,34.47,361,74.29,7.4,6.68
Libya,1996,330.0,8.78184070836696,2.81954840469668,6929.37178852418,15.0800430723914,23.1,14.578671295134,Other/Global,0.123327687918433,0.06,1.58,46.66,33.37,396.0,594.0,21.01,0.44,904.2,-0.38,18,34.45,359,74.09,7.87,6.85
Libya,1997,330.0,8.78155654318742,2.86841242597497,7000.55394233585,14.4956105926479,23.1,14.1469207668092,Other/Global,0.123327687918433,0.06,1.58,46.66,33.37,396.0,594.0,21.04,0.36,839.5,-0.53,21,31.17,372,76.34,10.72,5.0
Libya,1998,330.0,8.78127237800789,2.91727644725326,7071.73609614751,13.9600611021375,23.1,14.0940659518864,Other/Global,0.123327687918433,0.06,1.58,46.66,33.37,396.0,594.0,21.07,0.37,928.8,-0.05,18,33.58,346,73.18,8.05,5.0
Libya,1999,330.0,8.78098821282835,2.96614046853155,7142.91824995917,13.4767789854852,23.1,13.9780794675967,Other/Global,0.123327687918433,0.06,1.58,46.66,33.37,396.0,594.0,21.09,0.27,882.6,-0.38,18,31.87,395,77.36,9.43,6.36
Libya,2000,330.0,8.78070404764882,3.01500448980984,7214.10040377084,13.0491486273158,23.1,13.8115395809616,Other/Global,0.123327687918433,0.06,1.58,46.66,33.37,396.0,594.0,21.12,0.44,824.8,-0.72,22,35.25,394,74.18,9.81,7.18
Libya,2001,330.0,8.77507757709401,3.08279595803448,7652.78104988847,12.6805544122543,23.1,13.7899044941671,Other/Global,0.123327687918433,0.06,1.58,46.66,33.36,396.0,594.0,21.15,0.51,1006.6,0.54,20,35.33,368,74.27,10.75,5.0
Libya,2002,330.0,8.76945110653921,3.15058742625913,8091.46169600611,12.3743807249254,23.1,13.9888083311829,Other/Global,0.123327687918433,0.06,1.58,46.66,33.36,396.0,594.0,21.18,0.47,974.3,0.15,21,36.33,406,71.55,10.22,6.34
Libya,2003,330.0,8.7638246359844,3.21837889448378,8530.14234212374,12.1340119499542,23.1,13.4252421376344,Other/Global,0.123327687918433,0.06,1.58,46.66,33.36,396.0,594.0,21.22,0.54,851.6,-0.82,21,34.45,379,72.56,12.32,5.43
Libya,2004,330.0,8.7581981654296,3.28617036270843,8968.82298824138,11.9628324719654,23.1,13.2218758208001,Other/Global,0.123327687918433,0.06,1.58,46.66,33.36,396.0,594.0,21.25,0.66,939.8,-0.22,24,35.24,376,72.59,10.88,5.0
Libya,2005,330.0,8.7525716948748,3.35396183093308,9407.50363435902,11.864226675584,23.1,12.6937371100515,Other/Global,0.123327687918433,0.06,1.58,46.66,33.36,396.0,594.0,21.28,0.66,943.0,-0.35,23,38.17,424,72.7,11.25,6.89
Libya,2006,330.0,8.74694522431999,3.42175329915773,9846.18428047665,11.8400439757052,23.1,12.3670611239493,Other/Global,0.123327687918433,0.06,1.58,46.66,33.36,396.0,594.0,21.31,0.72,951.3,-0.29,24,38.63,401,70.18,12.73,5.0
Libya,2007,330.0,8.74131875376519,3.48954476738238,10284.8649265942,11.8439712524414,23.1,11.9228816926987,Other/Global,0.123327687918433,0.06,1.58,46.66,33.35,396.0,594.0,21.34,0.89,764.4,-1.12,26,39.99,407,71.36,13.49,5.0
Libya,2008,330.0,8.73569228321038,3.55733623560703,10723.5455727119,11.8525543212891,23.1,11.8933222292216,Other/Global,0.123327687918433,0.06,1.58,46.66,33.35,396.0,594.0,21.37,0.69,980.5,0.07,23,40.02,438,72.56,11.95,5.0
Libya,2009,330.0,8.73006581265558,3.62512770383168,11162.2262188295,11.8654174804688,23.1,11.7835441195339,Other/Global,0.123327687918433,0.06,1.58,46.66,33.35,396.0,594.0,21.4,0.65,854.4,-0.57,25,35.81,415,72.27,12.78,5.0
Libya,2010,330.0,8.72443934210078,3.69291917205633,11600.9068649472,11.8822860717773,23.1,11.4619954136626,Other/Global,0.123327687918433,0.06,1.58,46.66,33.35,396.0,594.0,21.43,0.6,871.3,-0.59,23,40.52,455,69.41,13.98,10.83
Libya,2011,330.0,8.72432567602896,3.69678154517657,10772.4233274705,11.9029541015625,23.1,11.1031076946127,Other/Global,0.123327687918433,0.06,1.58,46.66,33.35,396.0,594.0,21.44,0.7,1111.0,0.46,23,39.03,432,70.48,14.57,8.02
Libya,2012,330.0,8.72421200995715,3.70064391829682,9943.93978999381,11.9272079467773,23.1,11.2001410338446,Other/Global,0.123327687918433,0.06,1.58,46.66,33.35,396.0,594.0,21.44,0.64,924.1,-0.36,23,40.58,441,70.3,15.43,5.0
Libya,2013,330.0,8.72409834388533,3.70450629141707,9115.45625251712,11.9548568725586,23.1,11.5257242964487,Other/Global,0.123327687918433,0.06,1.58,46.66,33.35,396.0,594.0,21.44,0.64,869.1,-0.58,24,39.38,415,72.3,14.7,5.0
Libya,2014,330.0,8.72398467781352,3.70836866453732,8286.97271504043,11.9857940673828,23.1,11.8178757422342,Other/Global,0.123327687918433,0.06,1.58,46.66,33.35,396.0,594.0,21.44,0.85,723.5,-1.17,27,38.91,454,72.63,15.79,5.87
Libya,2015,330.0,8.72387101174171,3.71223103765757,7458.48917756374,12.1840896606445,23.1,11.5956088614974,Other/Global,0.123327687918433,0.06,1.58,46.66,33.35,396.0,594.0,21.44,0.93,1011.1,-0.4,28,40.26,456,71.63,13.68,8.62
Libya,2016,330.0,8.72387101174171,3.77060765881992,7296.85896322168,12.1839943296823,23.1,11.5015911281222,Other/Global,0.123327687918433,0.06,1.58,46.66,33.35,396.0,594.0,21.47,0.84,792.3,-1.03,28,41.18,481,67.84,14.51,6.87
Libya,2017,330.0,8.72387101174171,3.82898427998227,7135.22874887963,12.1833270129472,23.1,10.7770749760327,Other/Global,0.123327687918433,0.06,1.58,46.66,33.35,396.0,594.0,21.49,0.8,819.7,-1.08,23,41.92,481,69.54,15.82,5.87
Libya,2018,330.0,8.72387101174171,3.88736090114462,6973.59853453758,12.181515724666,23.1,10.4455278830054,Other/Global,0.123327687918433,0.06,1.58,46.66,33.35,396.0,594.0,21.52,1.07,873.5,-1.17,27,43.35,485,67.92,17.02,5.0
Libya,2019,330.0,8.72387101174171,3.94573752230697,6811.96832019553,12.1779884790658,23.1,10.6903457965215,Other/Global,0.123327687918433,0.06,1.58,46.66,33.35,396.0,594.0,21.54,0.95,1013.3,-0.68,27,40.73,461,70.9,16.28,6.39
Libya,2020,330.0,8.72387101174171,4.00411414346932,6650.33810585348,12.1721732903737,23.1,10.96765724006,Other/Global,0.123327687918433,0.06,1.58,46.66,33.35,396.0,594.0,21.57,1.06,961.8,-1.06,30,41.0,470,71.35,16.66,6.31
Liechtenstein,1990,0.0,43.75,179.6375,49457.5609343203,83.0785504026015,23.1,18.5778506151342,Other/Global,40.625,0.0,0.0,0.0,13.12,0.0,0.0,15.0,0.11,887.4,-0.39,16,1.0,212,82.91,12.22,35.3
Liechtenstein,1991,0.0,43.75,182.076875,52120.5959523084,83.1876388576366,23.1,18.5778506151342,Other/Global,40.75,0.0,0.0,0.0,13.12,0.0,0.0,15.0,0.41,924.7,-0.3,21,1.0,206,85.82,12.52,35.19
Liechtenstein,1992,0.0,43.75,184.516249999999,54783.6309702966,83.2718009343961,23.1,18.5778506151342,Other/Global,40.875,0.0,0.0,0.0,13.12,0.0,0.0,15.0,0.3,852.0,-0.37,18,1.0,232,82.43,14.6,34.58
Liechtenstein,1993,0.0,43.75,186.955625,57446.6659882848,83.3499147246216,23.1,18.5778506151342,Other/Global,41.0,0.0,0.0,0.0,13.12,0.0,0.0,15.0,0.49,911.2,-0.44,18,1.0,234,84.15,14.34,38.17
Liechtenstein,1994,0.0,43.75,189.394999999999,60109.7010062729,83.439980733431,23.1,18.5778506151342,Other/Global,41.125,0.0,0.0,0.0,13.12,0.0,0.0,15.0,0.45,905.9,-1.05,19,1.0,214,86.09,17.0,32.34
Liechtenstein,1995,0.0,43.75,191.834375,62772.7360242611,83.5599994659424,23.1,18.5778506151342,Other/Global,41.25,0.0,0.0,0.0,13.12,0.0,0.0,15.0,0.36,977.5,0.44,21,1.0,223,84.61,15.94,36.46
Liechtenstein,1996,0.0,43.75,194.27375,65435.7710422493,83.7854070398625,23.1,18.5778506151342,Other/Global,41.375,0.0,0.0,0.0,13.12,0.0,0.0,15.0,0.38,977.4,0.28,19,1.0,213,84.23,16.29,36.0
Liechtenstein,1997,0.0,43.75,196.713125,68098.8060602374,84.1250279029382,23.1,18.5778506151342,Other/Global,41.5,0.0,0.0,0.0,13.12,0.0,0.0,15.0,0.44,939.5,-0.09,21,1.0,227,83.31,17.45,32.15
Liechtenstein,1998,0.0,43.75,199.1525,70761.8410782256,84.4969450553479,23.1,18.5778506151342,Other/Global,41.625,0.0,0.0,0.0,13.12,0.0,0.0,15.0,0.38,871.0,0.17,23,1.0,246,84.25,19.03,35.45
Liechtenstein,1999,0.0,43.75,201.591875,73424.8760962138,84.8192414972697,23.1,18.5778506151342,Other/Global,41.75,0.0,0.0,0.0,13.12,0.0,0.0,15.0,0.42,959.3,-0.43,20,1.0,227,82.85,18.8,34.29
Liechtenstein,2000,0.0,43.75,204.03125,76087.911114202,85.0100002288818,23.1,18.5778506151342,Other/Global,41.875,0.0,0.0,0.0,13.12,0.0,0.0,15.0,0.55,892.6,0.1,21,1.0,233,84.87,17.46,34.39
Liechtenstein,2001,0.0,42.95625,206.141875,82588.1012876832,85.1042396191672,23.1,18.5778506151342,Other/Global,41.874375,0.0,0.0,0.0,12.89,0.0,0.0,15.0,0.32,813.4,-0.83,18,1.0,225,82.84,20.69,34.51
Liechtenstein,2002,0.0,42.1625,208.2525,89088.2914611644,85.1913325001836,23.1,18.5778506151342,Other/Global,41.87375,0.0,0.0,0.0,12.65,0.0,0.0,15.0,0.64,867.7,-0.55,22,1.0,237,83.61,20.57,38.2
Liechtenstein,2003,0.0,41.36875,210.363125,95588.4816346456,85.2708935667209,23.1,18.5778506151342,Other/Global,41.87375,0.0,0.0,0.0,12.41,0.0,0.0,15.0,0.59,906.8,-0.83,25,1.0,258,83.1,24.19,35.22
Liechtenstein,2004,0.0,40.575,212.47375,102088.671808126,85.3425375135693,23.1,18.5778506151342,Other/Global,41.873125,0.0,0.0,0.0,12.17,0.0,0.0,15.0,0.57,972.8,-0.21,22,1.0,249,83.89,24.24,36.46
Liechtenstein,2005,0.0,39.78125,214.584375,108588.861981608,85.405879035519,23.1,18.5778506151342,Other/Global,41.8725,0.0,0.0,0.0,11.93,0.0,0.0,15.0,0.59,885.3,-0.41,21,1.0,239,83.96,26.53,32.19
Liechtenstein,2006,0.0,38.9875,216.695,115089.052155089,85.4605328273599,23.1,18.5778506151342,Other/Global,41.871875,0.0,0.0,0.0,11.7,0.0,0.0,15.0,0.71,803.3,-0.94,26,1.0,263,82.28,26.67,32.99
Liechtenstein,2007,0.0,38.19375,218.805625,121589.24232857,85.5061135838823,23.1,18.5778506151342,Other/Global,41.87125,0.0,0.0,0.0,11.46,0.0,0.0,15.0,0.8,904.5,-0.41,26,1.0,262,84.94,29.13,33.01
Liechtenstein,2008,0.0,37.4,220.91625,128089.432502051,85.5422359998761,23.1,18.5778506151342,Other/Global,41.87125,0.0,0.0,0.0,11.22,0.0,0.0,15.0,0.7,909.1,-0.5,24,1.0,284,84.52,30.69,33.81
Liechtenstein,2009,0.0,36.60625,223.026875,134589.622675532,85.5685147701316,23.1,18.5778506151342,Other/Global,41.870625,0.0,0.0,0.0,10.98,0.0,0.0,15.0,0.8,914.9,-0.75,25,1.0,268,83.73,31.51,34.18
Liechtenstein,2010,0.0,35.8125,225.1375,141089.812849014,85.5845645894389,23.1,18.5778506151342,Other/Global,41.87,0.0,0.0,0.0,10.74,0.0,0.0,15.0,0.54,973.6,-0.36,21,1.0,259,84.68,33.23,33.29
Liechtenstein,2011,0.0,35.175,226.9775,146309.281741175,85.5900001525879,23.1,18.5778506151342,Other/Global,41.87125,0.0,0.0,0.0,10.55,0.0,0.0,15.0,0.64,981.5,0.0,24,1.0,292,86.09,33.08,30.84
Liechtenstein,2012,0.0,34.5375,228.8175,151528.750633336,85.5875454629555,23.1,18.5778506151342,Other/Global,41.871875,0.0,0.0,0.0,10.36,0.0,0.0,15.0,0.55,852.5,-0.79,22,1.0,266,83.69,35.63,33.64
Liechtenstein,2013,0.0,33.9,230.6575,156748.219525497,85.5798244028376,23.1,18.5778506151342,Other/Global,41.873125,0.0,0.0,0.0,10.17,0.0,0.0,15.0,0.72,850.7,-0.47,28,1.0,265,85.78,36.24,30.65
Liechtenstein,2014,0.0,33.2625,232.4975,161967.688417658,85.5663014854033,23.1,18.5778506151342,Other/Global,41.87375,0.0,0.0,0.0,9.98,0.0,0.0,15.0,0.82,816.8,-0.57,23,1.0,272,87.51,37.99,32.11
Liechtenstein,2015,0.0,32.625,234.3375,167187.15730982,85.5464412238218,23.1,18.5778506151342,Other/Global,41.875,0.0,0.0,0.0,9.79,0.0,0.0,15.0,0.78,955.9,-0.94,25,1.0,282,85.77,38.98,28.54
Liechtenstein,2016,0.0,32.5625,236.09625,166683.944558546,85.5197081312621,23.1,18.5778506151342,Other/Global,41.875,0.0,0.0,0.0,9.77,0.0,0.0,15.0,0.68,1015.9,0.18,25,1.0,266,88.06,39.19,30.83
Liechtenstein,2017,0.0,32.5,237.855,166180.731807273,85.4855667208933,23.1,18.5778506151342,Other/Global,41.875,0.0,0.0,0.0,9.75,0.0,0.0,15.0,0.96,874.8,-0.23,27,1.0,272,87.62,39.33,32.43
Liechtenstein,2018,0.0,32.4375,239.61375,165677.519056,85.4434815058846,23.1,18.5778506151342,Other/Global,41.875,0.0,0.0,0.0,9.73,0.0,0.0,15.0,1.02,880.7,-0.8,28,1.0,313,86.78,40.21,31.65
Liechtenstein,2019,0.0,32.375,241.3725,165174.306304727,85.3929169994049,23.1,18.5778506151342,Other/Global,41.875,0.0,0.0,0.0,9.71,0.0,0.0,15.0,1.03,1017.3,-0.25,28,1.0,303,86.33,41.63,29.86
Liechtenstein,2020,0.0,32.3125,243.13125,164671.093553454,85.3333377146235,23.1,18.5778506151342,Other/Global,41.875,0.0,0.0,0.0,9.69,0.0,0.0,15.0,1.09,940.4,-0.43,29,1.0,306,86.38,40.49,32.63
Lithuania,1990,140.0,54.5309508615188,55.8317804722399,3300.63634928559,32.3495774496272,20.5,23.3001517845342,Other/Global,31.2699425654116,0.03,0.67,27.4,36.37,168.0,252.0,25.82,0.18,934.9,-0.11,15,1.0,203,81.41,5.43,33.96
Lithuania,1991,140.0,54.5309508615188,55.8317804722399,3300.63634928559,32.3869783653701,20.5,23.3001517845342,Other/Global,31.2699425654116,0.03,0.67,27.4,36.37,168.0,252.0,25.82,0.39,804.7,-0.57,22,1.0,216,83.22,6.63,32.02
Lithuania,1992,140.0,54.5309508615188,55.8317804722399,3300.63634928559,32.4390159680816,20.5,23.2514111399939,Other/Global,31.2699425654116,0.03,0.67,27.4,36.37,168.0,252.0,25.82,0.49,954.3,-0.61,20,1.0,198,81.42,6.08,37.58
Lithuania,1993,140.0,54.5309508615188,55.8317804722399,3300.63634928559,32.5026979660677,20.5,23.0614672934964,Other/Global,31.3895979578813,0.03,0.67,27.4,36.37,168.0,252.0,25.82,0.29,825.7,-0.44,18,1.0,223,82.6,6.74,33.5
Lithuania,1994,140.0,54.5309508615188,55.8317804722399,3300.63634928559,32.5750320676341,20.5,22.5755201365796,Other/Global,31.509253350351,0.03,0.67,27.32,36.33,168.0,252.0,25.82,0.47,809.3,-0.53,19,1.0,219,79.43,5.83,37.09
Lithuania,1995,140.0,54.5309508615188,55.8317804722399,3300.63634928559,32.6530259810866,20.5,22.0299487112944,Other/Global,31.6289087428207,0.03,0.67,27.24,36.29,168.0,252.0,25.82,0.4,872.2,-0.26,23,1.0,207,80.17,7.18,35.04
Lithuania,1996,140.0,54.5309508615188,55.8317804722399,3300.63634928559,32.7336874147311,20.5,21.4509964787159,Other/Global,31.7485641352904,0.03,0.67,27.24,36.29,168.0,252.0,25.82,0.41,853.1,-0.16,19,1.0,234,80.84,7.56,36.8
Lithuania,1997,140.0,54.5309508615188,55.8317804722399,3300.63634928559,32.8140240768733,20.5,20.602676912384,Other/Global,31.8682195277601,0.03,0.67,27.16,36.25,168.0,252.0,25.82,0.42,882.3,-0.63,19,1.0,229,82.43,9.08,33.94
Lithuania,1998,140.0,54.5309508615188,55.8317804722399,3300.63634928559,32.8910436758191,20.5,19.557047479502,Other/Global,31.9878749202297,0.03,0.67,27.16,36.25,168.0,252.0,25.82,0.33,784.7,-0.81,19,1.0,216,78.67,7.04,37.22
Lithuania,1999,140.0,54.5309508615188,55.8317804722399,3300.63634928559,32.9617539198742,20.5,19.988944890075,Other/Global,32.1075303126994,0.03,0.67,27.07,36.21,168.0,252.0,25.82,0.32,976.7,0.57,21,1.0,221,84.44,10.15,34.42
Lithuania,2000,140.0,54.5309508615188,55.8317804722399,3300.63634928559,33.0231625173445,20.5,19.2411601056386,Other/Global,32.2271857051691,0.03,0.67,26.99,36.17,168.0,252.0,25.82,0.4,990.2,-0.06,18,1.0,246,80.82,9.71,34.96
Lithuania,2001,140.0,53.5011505499979,55.1904165454786,4153.48497530273,33.0713902498387,20.5,17.5732535276977,Other/Global,32.4664964901085,0.03,0.67,26.91,35.82,168.0,252.0,25.79,0.35,744.2,-0.74,22,1.0,257,82.49,10.08,30.55
Lithuania,2002,140.0,52.4713502384771,54.5490526187173,5006.33360131987,33.1112899780273,20.5,18.6413477839029,Other/Global,32.7058072750479,0.03,0.67,26.83,35.47,168.0,252.0,25.76,0.42,978.3,-0.1,22,1.0,250,81.31,8.89,30.97
Lithuania,2003,140.0,51.4415499269562,53.907688691956,5859.18222733701,33.2403335571289,20.5,18.7128637838642,Other/Global,32.9451180599872,0.03,0.67,26.75,35.12,168.0,252.0,25.73,0.63,835.1,-0.97,26,1.0,263,80.61,9.59,35.08
Lithuania,2004,140.0,50.4117496154354,53.2663247651947,6712.03085335415,33.3977432250977,20.5,16.2842191574495,Other/Global,33.1844288449266,0.03,0.67,26.67,34.77,168.0,252.0,25.7,0.55,968.5,0.28,24,1.0,271,83.9,11.33,31.58
Lithuania,2005,140.0,49.3819493039145,52.6249608384334,7564.87947937129,33.4215087890625,20.0,14.2711114673101,Other/Global,33.423739629866,0.03,0.67,26.51,34.38,168.0,252.0,25.66,0.75,894.5,-0.78,25,1.0,253,81.87,9.67,28.34
Lithuania,2006,140.0,48.3521489923937,51.9835969116721,8417.72810538843,33.3618469238281,19.1,13.8324956993013,Other/Global,33.6630504148054,0.03,0.67,26.43,34.03,168.0,252.0,25.63,0.76,902.3,-0.94,25,1.0,262,81.49,10.64,30.36
Lithuania,2007,140.0,47.3223486808728,51.3422329849108,9270.57673140557,33.2815017700195,20.9,11.3253560827574,Other/Global,33.9023611997447,0.03,0.67,26.35,33.69,168.0,252.0,25.6,0.59,885.2,-0.66,22,1.0,273,83.08,12.99,32.04
Lithuania,2008,140.0,46.292548369352,50.7008690581495,10123.4253574227,33.2472229003906,20.3,8.0645920625206,Other/Global,34.1443956920622,0.03,0.67,26.27,33.34,168.0,252.0,25.56,0.65,997.0,-0.8,24,1.0,249,83.59,13.81,27.92
Lithuania,2009,140.0,45.2627480578311,50.0595051313882,10976.2739834398,33.2183380126953,20.5,8.98389875860658,Other/Global,34.3837255684085,0.03,0.67,26.19,32.99,168.0,252.0,25.53,0.78,800.8,-1.15,28,1.0,286,83.54,15.08,31.73
Lithuania,2010,140.0,44.2329477463103,49.418141204627,11829.122609457,33.2287139892578,19.2,8.83050242218595,Other/Global,34.6230554447547,0.03,0.67,26.11,32.64,168.0,252.0,25.5,0.58,948.6,-0.59,25,1.0,294,83.89,13.61,27.91
Lithuania,2011,234.0,44.982208157144,48.8277579756728,12317.2588851313,33.2481659944244,18.6,8.48610049027042,Other/Global,34.6778568465392,0.04,1.12,28.77,34.84,280.8,421.2,26.55,0.61,988.1,-0.01,22,1.0,266,83.66,13.63,28.66
Lithuania,2012,328.0,45.7314685679777,48.2373747467187,12805.3951608056,33.1463241577148,20.6,8.79671578399047,Other/Global,34.7321058174043,0.06,1.57,30.46,36.34,393.6,590.4,27.22,0.69,957.3,-0.56,22,1.0,324,84.5,14.17,28.3
Lithuania,2013,422.0,46.4807289788114,47.6469915177645,13293.53143648,32.9907913208008,19.1,8.42282559729023,Other/Global,34.7857997606701,0.08,2.03,31.75,37.53,506.4,759.6,27.71,0.75,1085.9,0.29,29,1.0,296,82.9,15.6,26.51
Lithuania,2014,516.0,47.2299893896451,47.0566082888104,13781.6677121543,32.8485062371977,22.2,9.16603213799254,Other/Global,34.853950518755,0.09,2.48,32.8,38.54,619.2,928.8,28.09,0.72,857.6,-0.3,26,1.0,285,81.86,15.53,30.07
Lithuania,2015,610.0,47.9792498004789,46.4662250598563,14269.8039878287,32.7717514038086,21.9,9.06900215259184,Other/Global,34.9082202713488,0.11,2.93,33.68,39.42,732.0,1098.0,28.4,0.77,976.5,-0.13,24,1.0,260,83.32,15.06,30.92
Lithuania,2016,576.0,47.78231392534,46.1489270296799,15501.5727534108,32.8105773925781,22.9,7.97552015621425,Other/Global,34.9605695859008,0.1,2.76,33.36,39.13,691.2,1036.8,28.26,1.0,891.4,-0.89,29,1.0,293,79.55,17.13,31.7
Lithuania,2017,542.0,47.5853780502011,45.8316289995037,16733.3415189929,32.8987045288086,22.9,7.78408051774895,Other/Global,35.0569116074137,0.1,2.6,32.96,38.79,650.4,975.6,28.11,1.08,998.6,-0.49,32,1.0,305,83.28,16.45,29.28
Lithuania,2018,508.0,47.3884421750621,45.5143309693273,17965.1102845751,32.8535257989543,20.6,7.18259243207395,Other/Global,35.0950023950184,0.09,2.44,32.63,38.48,609.6,914.4,27.95,1.06,899.3,-1.31,28,1.0,306,84.41,18.43,27.4
Lithuania,2019,474.0,47.1915062999233,45.1970329391511,19196.8790501572,32.754264831543,20.9,6.43624094961336,Other/Global,35.1325455126158,0.09,2.28,32.23,38.14,568.8,853.2,27.78,1.01,868.9,-0.95,28,1.0,286,83.57,18.96,33.96
Lithuania,2020,440.0,46.9945704247844,44.8797349089748,20428.6478157394,32.5745391845703,20.0,5.6897956844091,Other/Global,35.1485148514851,0.08,2.11,31.83,37.78,528.0,792.0,27.61,0.93,1004.4,-0.65,28,1.0,299,80.79,18.73,30.76
Madagascar,1990,66280.0,62.4634590913781,20.7305413213193,326.099253221978,78.1007957410742,23.1,78.4567507934065,Other/Global,23.5468755373663,11.93,318.14,68.41,67.11,79536.0,119304.0,33.95,0.2,852.7,-0.11,21,1.0,214,80.57,4.78,38.81
Madagascar,1991,71289.0,63.1813804725384,21.497590707432,321.517618455745,77.7816339468326,23.1,78.4567507934065,Other/Global,23.4329057330536,12.83,342.19,68.98,67.7,85546.8,128320.2,34.25,0.38,778.4,0.06,22,1.0,216,77.99,4.69,41.58
Madagascar,1992,76298.0,63.8993018536988,22.2646400935447,316.935983689512,77.4641809636746,23.1,78.5146130174147,Other/Global,23.3189359287409,13.73,366.23,69.46,68.24,91557.6,137336.4,34.54,0.43,849.5,-0.36,22,1.0,225,78.71,5.25,38.03
Madagascar,1993,81307.0,64.6172232348591,23.0316894796574,312.354348923279,77.1478323039484,23.1,78.5780223366783,Other/Global,23.2049661244282,14.64,390.27,69.94,68.78,97568.4,146352.6,34.81,0.55,939.8,-0.9,23,1.0,216,79.84,4.66,38.21
Madagascar,1994,86316.0,65.3351446160195,23.7987388657702,307.772714157046,76.8328243747134,23.1,78.8050844298406,Other/Global,23.0909963201156,15.54,414.32,70.43,69.32,103579.2,155368.8,35.08,0.5,1001.0,-0.17,25,1.0,217,77.37,3.35,42.25
Madagascar,1995,91325.0,66.0530659971799,24.5657882518829,303.191079390813,76.5199433955817,23.1,78.7665437055324,Other/Global,22.9770265158029,16.44,438.36,70.91,69.84,109590.0,164385.0,35.34,0.32,897.9,-0.23,25,1.0,229,78.1,6.34,45.09
Madagascar,1996,96334.0,66.7709873783402,25.3328376379956,298.60944462458,76.2092914281251,23.1,78.8175079212017,Other/Global,22.8630567114902,17.34,462.4,71.31,70.33,115600.8,173401.2,35.6,0.5,993.9,-0.06,22,1.0,226,76.19,6.03,39.17
Madagascar,1997,101343.0,67.4889087595006,26.0998870241084,294.027809858347,75.9009410105498,23.1,78.768798598489,Other/Global,22.7490869071775,18.24,486.45,71.72,70.81,121611.6,182417.4,35.84,0.31,779.2,-0.87,21,1.0,205,77.35,6.52,42.43
Madagascar,1998,106352.0,68.2068301406609,26.8669364102211,289.446175092114,75.594964681062,23.1,78.7595041351223,Other/Global,22.6351171028648,19.14,510.49,72.12,71.29,127622.4,191433.6,36.08,0.34,851.8,-0.36,22,1.0,255,76.0,6.85,43.67
Madagascar,1999,111361.0,68.9247515218213,27.6339857963338,284.864540325881,75.2914349778678,23.1,78.7602003536033,Other/Global,22.5211472985521,20.04,534.53,72.52,71.76,133633.2,200449.8,36.31,0.39,863.6,-0.81,23,1.0,249,77.8,8.72,44.38
Madagascar,2000,116370.0,69.6426729029817,28.4010351824466,280.282905559649,74.9904244391736,23.1,78.7589460042489,Other/Global,22.4071774942394,20.95,558.58,72.93,72.24,139644.0,209466.0,36.54,0.55,876.9,-0.8,24,1.0,245,75.3,9.2,43.36
Madagascar,2001,121147.0,69.7105960037142,29.3755170753516,297.255554168256,74.6920056031854,23.1,78.7919835602609,Other/Global,22.3265828661829,21.81,581.51,73.25,72.47,145376.4,218064.6,36.8,0.69,892.2,-0.38,25,1.0,222,76.91,9.0,42.27
Madagascar,2002,125924.0,69.7785191044467,30.3499989682567,314.228202776864,74.3962510081096,23.1,81.2862829211426,Other/Global,22.2459882381264,22.67,604.44,73.57,72.7,151108.8,226663.2,37.05,0.55,940.2,-0.61,26,1.0,258,76.32,8.85,40.08
Madagascar,2003,130701.0,69.8464422051793,31.3244808611617,331.200851385472,74.1032331921522,23.1,81.6713086493095,Other/Global,22.1653936100698,23.53,627.36,73.89,72.93,156841.2,235261.8,37.3,0.56,848.7,-0.46,27,1.0,243,76.13,9.75,48.37
Madagascar,2004,135478.0,69.9143653059118,32.2989627540668,348.173499994079,73.8130246935196,23.1,81.9119363751648,Other/Global,22.0847989820133,24.39,650.29,74.21,73.15,162573.6,243860.4,37.54,0.69,894.9,-0.98,31,1.0,265,78.29,10.75,47.67
Madagascar,2005,140255.0,69.9822884066444,33.2734446469718,365.146148602687,73.5256980504178,23.1,81.9640948597015,Other/Global,22.0042043539567,25.25,673.22,74.46,73.34,168306.0,252459.0,37.77,0.76,879.6,-0.15,29,1.0,264,75.67,11.58,43.26
Madagascar,2006,145032.0,70.0502115073769,34.2479265398769,382.118797211295,73.2413258010532,23.1,80.1992025359633,Other/Global,21.9236097259002,26.11,696.15,74.78,73.57,174038.4,261057.6,38.0,0.7,808.5,-1.1,28,1.0,255,76.29,10.03,44.74
Madagascar,2007,149809.0,70.1181346081094,35.2224084327819,399.091445819902,72.9599804836318,23.1,78.1777352405567,Other/Global,21.8430150978437,26.97,719.08,75.02,73.75,179770.8,269656.2,38.23,0.87,872.9,-0.85,30,1.0,279,77.15,9.81,43.61
Madagascar,2008,154586.0,70.186057708842,36.196890325687,416.06409442851,72.68173463636,23.1,75.9910957797784,Other/Global,21.7624204697871,27.83,742.01,75.34,73.97,185503.2,278254.8,38.45,0.73,870.0,-0.58,29,1.0,249,77.67,11.65,44.36
Madagascar,2009,159363.0,70.2539808095745,37.171372218592,433.036743037118,72.4066607974439,23.1,75.112421199953,Other/Global,21.6818258417306,28.69,764.94,75.58,74.15,191235.6,286853.4,38.66,0.72,867.7,-0.85,32,1.0,271,74.72,10.35,44.79
Madagascar,2010,164140.0,70.3219039103071,38.1458541114971,450.009391645726,72.1348315050897,23.1,73.3057432146573,Other/Global,21.601231213674,29.55,787.87,75.83,74.33,196968.0,295452.0,38.87,0.71,882.8,-0.58,31,1.0,299,76.66,12.39,42.77
Madagascar,2011,160418.0,70.3156186937321,39.2573852486339,449.071527212694,71.8663192975037,23.1,71.2563932392505,Other/Global,21.5690440791,28.88,770.01,75.75,74.26,192501.6,288752.4,39.0,0.68,886.8,-0.42,30,1.0,284,77.78,12.73,45.08
Madagascar,2012,156696.0,70.3093334771571,40.3689163857707,448.133662779662,71.6011967128919,23.1,68.8728799566627,Other/Global,21.5463247363762,28.21,752.14,75.58,74.14,188035.2,282052.8,39.12,0.72,846.6,-0.47,28,1.0,294,78.87,12.82,45.48
Madagascar,2013,152974.0,70.3030482605821,41.4804475229075,447.195798346631,71.3395362894607,23.1,71.2150986086793,Other/Global,21.5234204193881,27.54,734.28,75.5,74.07,183568.8,275353.2,39.24,0.64,983.5,0.0,28,1.0,285,76.91,14.74,42.0
Madagascar,2014,149252.0,70.2967630440071,42.5919786600443,446.257933913599,71.0814105654162,23.1,73.0918326371816,Other/Global,21.5007012719147,26.87,716.41,75.34,73.96,179102.4,268653.6,39.35,0.7,788.5,-0.98,27,1.0,287,75.2,13.75,43.86
Madagascar,2015,145530.0,70.2904778274321,43.7035097971812,445.320069480568,70.8268920789646,23.1,74.6442748738112,Other/Global,21.4779821244414,26.2,698.54,75.18,73.84,174636.0,261954.0,39.45,0.73,824.9,-0.88,26,1.0,273,76.86,14.51,42.51
Madagascar,2016,143442.0,70.2904778274321,44.9159037469921,446.410378624756,70.5760533683122,23.1,73.8172225208227,Other/Global,21.4552767273977,25.82,688.52,75.18,73.82,172130.4,258195.6,39.59,0.92,1105.2,0.65,29,1.0,292,76.3,15.37,43.27
Madagascar,2017,141354.0,70.2904778274321,46.128297696803,447.500687768944,70.328966971665,23.1,72.8504587478575,Other/Global,21.4325541423169,25.44,678.5,75.1,73.77,169624.8,254437.2,39.72,1.01,800.0,-0.86,32,1.0,308,77.29,14.77,44.94
Madagascar,2018,139266.0,70.2904778274321,47.3406916466139,448.590996913132,70.0818874653091,23.1,72.0046330175778,Other/Global,21.4098315572362,25.07,668.48,75.02,73.71,167119.2,250678.8,39.85,1.02,775.0,-1.51,29,1.0,285,79.09,14.89,45.15
Madagascar,2019,137178.0,70.2904778274321,48.5530855964248,449.68130605732,69.6953027629796,23.1,70.880430904178,Other/Global,21.3871261601925,24.69,658.45,74.94,73.65,164613.6,246920.4,39.98,1.14,942.3,-0.74,35,1.0,291,75.47,15.3,45.21
Madagascar,2020,135090.0,70.2904778274321,49.7654795462358,450.771615201509,69.2980525832452,23.1,71.4401687596838,Other/Global,21.3644035751117,24.32,648.43,74.86,73.59,162108.0,243162.0,40.1,0.99,717.6,-1.5,31,1.0,315,78.19,16.31,49.74
Malawi,1990,42000.0,44.7390750954603,101.250021213407,286.730598968269,88.3750749366958,65.3,72.949187735318,Other/Global,37.1414934238439,7.56,201.6,53.91,53.96,50400.0,75600.0,42.01,0.32,876.1,-0.38,23,1.0,216,84.35,4.8,32.73
Malawi,1991,42000.0,45.2821383114127,103.127503182011,280.47995498987,87.9690582248397,65.3,72.949187735318,Other/Global,36.6960118795079,7.56,201.6,54.31,54.32,50400.0,75600.0,42.14,0.25,1066.6,-0.01,20,1.0,237,83.91,6.29,33.3
Malawi,1992,42000.0,45.8252015273652,105.004985150615,274.229311011471,87.5509446839035,65.3,73.8711895865758,Other/Global,36.2505303351718,7.56,201.6,54.71,54.68,50400.0,75600.0,42.26,0.37,771.4,-0.85,20,1.0,207,83.31,4.79,33.18
Malawi,1993,42000.0,46.3682647433177,106.882467119219,267.978667033072,87.1347880843108,65.3,73.2577928784716,Other/Global,35.8050487908358,7.56,201.6,55.04,55.01,50400.0,75600.0,42.38,0.49,736.4,-0.39,24,1.0,210,85.35,5.49,30.49
Malawi,1994,42000.0,46.9113279592702,108.759949087823,261.728023054673,86.7346421964855,65.3,73.1178563369006,Other/Global,35.3595672464998,7.56,201.6,55.44,55.37,50400.0,75600.0,42.5,0.52,775.0,-0.66,21,1.0,230,84.27,6.82,33.55
Malawi,1995,42000.0,47.4543911752227,110.637431056427,255.477379076274,86.3645607908512,65.3,72.0664128494943,Other/Global,34.9140857021638,7.56,201.6,55.84,55.74,50400.0,75600.0,42.62,0.42,966.8,-0.86,25,1.0,230,81.89,6.96,34.22
Malawi,1996,42000.0,47.9974543911752,112.514913025031,249.226735097875,86.0385976378318,65.3,71.6316645701758,Other/Global,34.4686041578277,7.56,201.6,56.24,56.1,50400.0,75600.0,42.74,0.41,984.9,0.32,20,1.0,221,82.51,6.77,36.11
Malawi,1997,42000.0,48.5405176071277,114.392394993635,242.976091119476,85.7708065078509,65.3,71.2542053236801,Other/Global,34.0231226134917,7.56,201.6,56.57,56.43,50400.0,75600.0,42.85,0.27,854.0,-0.04,17,1.0,228,81.01,7.04,32.84
Malawi,1998,42000.0,49.0835808230802,116.269876962239,236.725447141077,85.5772576016151,65.3,71.1103475805007,Other/Global,33.5776410691557,7.56,201.6,56.97,56.79,50400.0,75600.0,42.97,0.34,949.6,-0.21,22,1.0,222,83.84,7.17,34.34
Malawi,1999,42000.0,49.6266440390327,118.147358930843,230.474803162678,85.4403065261022,65.3,71.0508732056446,Other/Global,33.1321595248197,7.56,201.6,57.37,57.15,50400.0,75600.0,43.08,0.44,1006.2,0.22,22,1.0,218,82.1,7.23,33.72
Malawi,2000,42000.0,50.1697072549852,120.024840899448,224.22415918428,85.3229396712341,65.3,71.1295031893392,Other/Global,32.6866779804837,7.56,201.6,57.78,57.52,50400.0,75600.0,43.19,0.44,1037.9,-0.15,20,1.0,237,79.6,8.31,34.98
Malawi,2001,42000.0,50.9705133644463,123.748346414933,270.114212737531,85.219599275287,65.3,71.8269600919884,Other/Global,32.2411964361476,7.56,201.6,58.1,57.92,50400.0,75600.0,43.4,0.48,875.3,-0.61,25,1.0,265,78.76,9.19,36.39
Malawi,2002,42000.0,51.7713194739075,127.471851930419,316.004266290783,85.1277512559442,65.3,71.846619246978,Other/Global,31.7957148918116,7.56,201.6,58.5,58.36,50400.0,75600.0,43.62,0.51,710.8,-0.59,25,1.0,235,80.84,9.4,35.26
Malawi,2003,42000.0,52.5721255833687,131.195357445905,361.894319844035,85.0448615308892,65.3,71.391635476307,Other/Global,31.3502333474756,7.56,201.6,58.9,58.8,50400.0,75600.0,43.82,0.58,829.3,-0.78,25,1.0,228,80.3,9.43,39.97
Malawi,2004,42000.0,53.3729316928298,134.918862961391,407.784373397287,84.9683960178054,52.4,70.9215558313177,Other/Global,30.9047518031396,7.56,201.6,59.31,59.25,50400.0,75600.0,44.02,0.59,860.8,-1.16,25,1.0,238,80.57,10.14,37.01
Malawi,2005,42000.0,54.173737802291,138.642368476877,453.674426950539,84.8958206343759,52.4,70.6589411544344,Other/Global,30.4592702588036,7.56,201.6,59.63,59.65,50400.0,75600.0,44.22,0.75,874.2,-0.7,26,1.0,264,80.66,9.51,41.03
Malawi,2006,42000.0,54.9745439117522,142.365873992362,499.564480503791,84.8246012982843,52.4,70.2485914277296,Other/Global,30.0137887144675,7.56,201.6,60.03,60.09,50400.0,75600.0,44.42,0.75,879.9,-0.69,27,1.0,266,82.26,11.11,39.43
Malawi,2007,42000.0,55.7753500212133,146.089379507848,545.454534057043,84.7522039272139,52.4,69.2554886219346,Other/Global,29.5683071701315,7.56,201.6,60.44,60.53,50400.0,75600.0,44.61,0.76,984.5,0.03,25,1.0,282,82.22,9.9,40.05
Malawi,2008,42000.0,56.5761561306745,149.812885023334,591.344587610295,84.6761970071622,52.4,68.5538074510398,Other/Global,29.1228256257955,7.56,201.6,60.84,60.97,50400.0,75600.0,44.79,0.67,996.9,-0.21,25,1.0,283,82.99,11.63,43.37
Malawi,2009,42000.0,57.3769622401357,153.53639053882,637.234641163547,84.5984687233152,52.4,67.7178796270914,Other/Global,28.6773440814595,7.56,201.6,61.16,61.37,50400.0,75600.0,44.98,0.51,881.2,-0.6,20,1.0,275,82.16,12.29,43.6
Malawi,2010,42000.0,58.1777683495969,157.259896054306,683.124694716799,84.5223030619482,50.7,67.0688760866343,Other/Global,28.2318625371235,7.56,201.6,61.56,61.81,50400.0,75600.0,45.16,0.74,982.8,0.0,26,1.0,283,80.66,12.29,43.92
Malawi,2011,42000.0,58.6465846414933,162.052267713194,654.420828421576,84.4476846091277,50.7,66.6337088007789,Other/Global,27.7863809927874,7.56,201.6,61.97,62.16,50400.0,75600.0,45.39,0.61,923.6,-0.37,24,1.0,266,78.11,12.58,40.08
Malawi,2012,42000.0,59.1154009333898,166.844639372082,625.716962126353,84.3746866959536,50.7,66.5835409746012,Other/Global,27.3408994484514,7.56,201.6,62.29,62.46,50400.0,75600.0,45.61,0.58,900.1,-0.69,23,1.0,291,80.63,12.11,46.51
Malawi,2013,42000.0,59.5842172252863,171.637011030971,597.013095831131,84.3033826535258,50.7,66.05838433643,Other/Global,26.8954179041154,7.56,201.6,62.69,62.8,50400.0,75600.0,45.83,0.74,967.5,-0.02,26,1.0,283,77.66,13.29,47.52
Malawi,2014,42000.0,60.0530335171828,176.429382689859,568.309229535908,84.233845812944,50.7,65.5944369192202,Other/Global,26.4499363597794,7.56,201.6,63.09,63.14,50400.0,75600.0,46.04,0.71,900.7,-0.51,25,1.0,300,79.83,15.29,44.58
Malawi,2015,42000.0,60.5218498090793,181.221754348748,539.605363240686,84.1661495053082,50.7,65.3424897402481,Other/Global,26.0044548154434,7.56,201.6,63.5,63.49,50400.0,75600.0,46.25,0.9,1059.6,-0.19,26,1.0,297,77.53,14.03,43.7
Malawi,2016,42000.0,61.1115825201527,186.41543487484,552.18578622777,84.100367061718,51.5,65.1682407735085,Other/Global,25.5589732711073,7.56,201.6,63.82,63.82,50400.0,75600.0,46.47,0.93,779.9,-1.09,27,1.0,288,81.5,14.24,43.81
Malawi,2017,42000.0,61.7013152312261,191.609115400933,564.766209214854,84.0365718132734,51.5,64.8075806603302,Other/Global,25.1134917267713,7.56,201.6,64.22,64.2,50400.0,75600.0,46.69,1.0,853.7,-1.28,28,1.0,282,79.49,13.55,46.25
Malawi,2018,42000.0,62.2910479422995,196.802795927025,577.346632201938,83.9778513445745,51.5,64.3619273476322,Other/Global,24.6680101824353,7.56,201.6,64.63,64.58,50400.0,75600.0,46.9,0.88,884.8,-0.91,27,1.0,294,78.63,15.52,45.28
Malawi,2019,42000.0,62.8807806533728,201.996476453118,589.927055189022,83.8616253380999,50.7,63.8845220843414,Other/Global,24.2225286380993,7.56,201.6,65.03,64.96,50400.0,75600.0,47.11,1.1,930.1,-0.78,30,1.0,308,78.19,15.96,47.63
Malawi,2020,42000.0,63.4705133644463,207.190156979211,602.507478176106,83.7038528243591,50.7,64.9198495688403,Other/Global,23.7770470937633,7.56,201.6,65.35,65.3,50400.0,75600.0,47.31,1.02,996.4,-0.55,28,1.0,296,78.54,15.61,47.57
Mali,1990,104180.0,26.3303256050287,7.5224596169449,353.903252431339,83.3687217503516,42.1,59.8566371691688,Other/Global,10.896663634352,18.75,500.06,82.92,64.1,125016.0,187524.0,30.31,0.24,885.5,0.14,20,1.0,201,86.99,4.36,14.21
Mali,1991,108267.0,26.8660618428277,7.71754890631786,348.978214207632,83.1733489428415,42.1,59.8566371691688,Other/Global,10.896663634352,19.49,519.68,83.24,64.47,129920.4,194880.6,30.46,0.35,773.2,-0.64,22,1.0,224,87.34,3.87,15.9
Mali,1992,112354.0,27.4017980806267,7.91263819569083,344.053175983925,82.9809958719641,42.1,60.0482300902618,Other/Global,10.896663634352,20.22,539.3,83.48,64.8,134824.8,202237.2,30.6,0.26,953.9,0.23,18,1.0,228,85.19,5.41,17.78
Mali,1993,116441.0,27.9375343184257,8.1077274850638,339.128137760218,82.7871169423165,42.1,60.0507487323291,Other/Global,10.896663634352,20.96,558.92,83.72,65.12,139729.2,209593.8,30.75,0.47,946.4,-0.22,23,1.0,221,86.36,6.09,16.15
Mali,1994,120528.0,28.4732705562248,8.30281677443676,334.203099536511,82.587166558496,42.1,59.8852278859405,Other/Global,10.896663634352,21.7,578.53,83.96,65.45,144633.6,216950.4,30.89,0.37,730.2,-0.55,22,1.0,238,85.94,4.26,17.63
Mali,1995,124615.0,29.0090067940238,8.49790606380973,329.278061312805,82.3765991250997,42.1,59.963011883382,Other/Global,10.896663634352,22.43,598.15,84.21,65.78,149538.0,224307.0,31.03,0.33,884.7,-0.2,25,1.0,202,87.82,6.42,20.48
Mali,1996,128702.0,29.5447430318228,8.6929953531827,324.353023089098,82.1508690467248,42.1,59.6740297449296,Other/Global,10.896663634352,23.17,617.77,84.45,66.1,154442.4,231663.6,31.16,0.29,757.3,-0.7,23,1.0,244,87.1,8.21,17.55
Mali,1997,132789.0,30.0804792696219,8.88808464255566,319.427984865391,81.9054307279686,42.1,59.4988417120458,Other/Global,10.896663634352,23.9,637.39,84.69,66.42,159346.8,239020.2,31.29,0.48,830.9,-0.62,24,1.0,208,87.97,7.33,17.56
Mali,1998,136876.0,30.6162155074209,9.08317393192863,314.502946641684,81.6356047181512,42.1,59.2116364567874,Other/Global,10.896663634352,24.64,657.0,84.93,66.74,164251.2,246376.8,31.43,0.32,811.4,-0.84,24,1.0,232,86.29,7.98,20.02
Mali,1999,140963.0,31.1519517452199,9.2782632213016,309.577908417977,81.3408768980052,42.1,59.0944034069823,Other/Global,10.896663634352,25.37,676.62,85.09,67.02,169155.6,253733.4,31.55,0.49,947.8,-0.08,24,1.0,223,86.8,8.81,22.47
Mali,2000,145050.0,31.687687983019,9.47335251067457,304.652870194271,81.022368962675,42.1,59.3454122228498,Other/Global,10.896663634352,26.11,696.24,85.33,67.33,174060.0,261090.0,31.68,0.35,891.9,-0.32,25,1.0,250,84.09,8.8,21.37
Mali,2001,147769.0,31.8852346437849,9.83279718732329,353.902737288354,80.6818049887335,42.1,58.7607301868379,Other/Global,10.896663634352,26.6,709.29,85.5,67.5,177322.8,265984.2,31.86,0.3,779.4,-0.79,22,1.0,219,87.57,8.45,19.32
Mali,2002,150488.0,32.0827813045509,10.192241863972,403.152604382438,80.3207019637269,42.1,58.9817662156623,Other/Global,10.896663634352,27.09,722.34,85.58,67.62,180585.6,270878.4,32.04,0.42,952.3,0.17,23,1.0,219,87.95,7.83,19.47
Mali,2003,153207.0,32.2803279653168,10.5516865406207,452.402471476522,79.9405768752015,42.1,58.7223249696634,Other/Global,10.896663634352,27.58,735.39,85.74,67.79,183848.4,275772.6,32.22,0.68,766.9,-1.36,27,1.0,239,87.16,11.67,20.0
Mali,2004,155926.0,32.4778746260828,10.9111312172694,501.652338570606,79.5429467107036,42.1,59.308216410127,Other/Global,10.896663634352,28.07,748.44,85.82,67.91,187111.2,280666.8,32.39,0.63,907.7,-0.61,28,1.0,242,85.27,10.49,20.48
Mali,2005,158645.0,32.6754212868487,11.2705758939181,550.90220566469,79.1293284577795,42.1,60.2247645457924,Other/Global,10.896663634352,28.56,761.5,85.98,68.07,190374.0,285561.0,32.55,0.65,815.8,-0.49,28,1.0,248,86.95,10.96,26.29
Mali,2006,161364.0,32.8729679476147,11.6300205705669,600.152072758773,78.7012391039754,42.1,61.0987352285415,Other/Global,10.896663634352,29.05,774.55,86.06,68.19,193636.8,290455.2,32.72,0.73,851.4,-0.65,30,1.0,250,86.44,11.5,21.7
Mali,2007,164083.0,33.0705146083806,11.9894652472156,649.401939852857,78.2601956368378,42.1,63.4108412322275,Other/Global,10.896663634352,29.53,787.6,86.22,68.35,196899.6,295349.4,32.88,0.76,920.7,-0.55,33,1.0,274,83.83,11.95,25.25
Mali,2008,166802.0,33.2680612691466,12.3489099238643,698.651806946941,77.8077150439129,42.1,65.3747348270668,Other/Global,10.896663634352,30.02,800.65,86.3,68.47,200162.4,300243.6,33.03,0.8,921.7,-0.49,31,1.0,265,87.62,12.08,23.47
Mali,2009,169521.0,33.4656079299125,12.708354600513,747.901674041025,77.3442044782116,42.1,67.1229009474227,Other/Global,10.896663634352,30.51,813.7,86.46,68.63,203425.2,305137.8,33.19,0.8,986.6,-0.3,32,1.0,293,84.8,11.86,16.92
Mali,2010,172240.0,33.6631545906785,13.0677992771618,797.151541135109,76.8640538175106,42.1,66.7416950236504,Other/Global,10.896663634352,31.0,826.75,86.54,68.75,206688.0,310032.0,33.34,0.63,872.8,-1.05,26,1.0,277,86.72,11.96,21.12
Mali,2011,164160.0,33.8070503446184,13.5018011948959,805.345206788293,76.3620325960696,42.1,66.5888442558813,Other/Global,10.896663634352,29.55,787.97,86.22,68.57,196992.0,295488.0,33.42,0.54,904.8,-0.52,25,1.0,290,86.03,13.19,22.05
Mali,2012,156080.0,33.9509460985584,13.93580311263,813.538872441477,75.8393831151412,42.1,67.2308118301495,Other/Global,10.896663634352,28.09,749.18,85.9,68.39,187296.0,280944.0,33.48,0.62,846.3,-0.19,28,1.0,289,87.58,13.1,22.56
Mali,2013,148000.0,34.0948418524983,14.3698050303641,821.732538094661,75.2966373145117,42.1,67.2053032883201,Other/Global,10.896663634352,26.64,710.4,85.5,68.17,177600.0,266400.0,33.54,0.71,896.8,-0.78,25,1.0,271,84.89,13.45,22.41
Mali,2014,139920.0,34.2387376064383,14.8038069480982,829.926203747845,74.7343271339675,42.1,66.7015268067018,Other/Global,10.896663634352,25.19,671.62,85.09,67.93,167904.0,251856.0,33.59,0.67,918.4,-0.57,27,1.0,280,85.28,14.53,18.88
Mali,2015,131840.0,34.3826333603783,15.2378088658324,838.11986940103,74.152984513295,42.1,62.2658721328548,Other/Global,10.896663634352,23.73,632.83,84.61,67.66,158208.0,237312.0,33.63,0.74,876.3,-0.83,26,1.0,306,86.68,15.8,18.85
Mali,2016,128490.0,34.5556424655176,15.7493380539096,861.144484179018,73.5531413922805,42.1,64.9026823658392,Other/Global,10.896663634352,23.13,616.75,84.45,67.6,154188.0,231282.0,33.75,0.91,740.3,-1.29,29,1.0,268,85.09,13.76,22.39
Mali,2017,125140.0,34.728651570657,16.2608672419869,884.169098957007,72.9353297107104,42.1,63.1261070232154,Other/Global,10.896663634352,22.53,600.67,84.29,67.54,150168.0,225252.0,33.86,0.94,911.5,-0.89,30,1.0,305,87.48,15.28,21.77
Mali,2018,121790.0,34.9016606757963,16.7723964300641,907.193713734996,72.3000814083712,42.1,63.0028699475295,Other/Global,10.896663634352,21.92,584.59,84.05,67.43,146148.0,219222.0,33.96,0.99,914.6,-0.6,31,1.0,299,84.82,14.47,25.23
Mali,2019,118440.0,35.0746697809357,17.2839256181414,930.218328512985,71.6479284250491,42.1,57.3529863277698,Other/Global,10.896663634352,21.32,568.51,83.88,67.37,142128.0,213192.0,34.06,0.94,831.4,-0.92,31,1.0,294,86.39,15.82,22.8
Mali,2020,115090.0,35.2476788860751,17.7954548062187,953.242943290974,70.9794027005307,42.1,68.0618344651753,Other/Global,10.896663634352,20.72,552.43,83.64,67.26,138108.0,207162.0,34.15,0.98,783.4,-0.94,31,1.0,305,85.63,14.7,24.43
Malta,1990,0.0,31.96875,1388.1875,25529.6813337717,8.9680683120632,14.3,2.6704494280825,Other/Global,1.09375,0.0,0.0,0.0,9.59,0.0,0.0,15.0,0.2,1018.1,-0.08,17,1.0,228,85.67,7.77,89.88
Malta,1991,0.0,31.96875,1388.1875,25529.6813337717,8.5778221183384,14.3,2.6704494280825,Other/Global,1.09375,0.0,0.0,0.0,9.59,0.0,0.0,15.0,0.41,939.3,-0.3,19,1.0,181,88.04,8.73,88.45
Malta,1992,0.0,31.96875,1388.1875,25529.6813337717,8.1924371541474,14.3,2.59988303487485,Other/Global,1.09375,0.0,0.0,0.0,9.59,0.0,0.0,15.0,0.48,881.7,-0.51,21,1.0,192,85.19,9.95,90.79
Malta,1993,0.0,31.96875,1388.1875,25529.6813337717,7.83509293512979,14.3,2.5246251424897,Other/Global,1.09375,0.0,0.0,0.0,9.59,0.0,0.0,15.0,0.29,809.0,-0.4,17,1.0,185,87.1,8.29,87.66
Malta,1994,0.0,31.96875,1388.1875,25529.6813337717,7.5289689769256,14.3,2.43609935124045,Other/Global,1.09375,0.0,0.0,0.0,9.59,0.0,0.0,15.0,0.37,834.3,-0.75,20,1.0,211,83.46,10.2,88.48
Malta,1995,0.0,31.96875,1388.1875,25529.6813337717,7.3026533807659,14.3,2.34860054522358,Other/Global,1.09375,0.0,0.0,0.0,9.59,0.0,0.0,15.0,0.32,1004.2,0.37,19,1.0,212,86.85,10.2,88.72
Malta,1996,0.0,31.96875,1388.1875,25529.6813337717,7.1466950937284,14.3,2.27405043313576,Other/Global,1.09375,0.0,0.0,0.0,9.59,0.0,0.0,15.0,0.36,911.0,0.1,22,1.0,227,87.92,11.78,86.9
Malta,1997,0.0,31.96875,1388.1875,25529.6813337717,7.02096813118899,14.3,2.19323671497585,Other/Global,1.09375,0.0,0.0,0.0,9.59,0.0,0.0,15.0,0.38,856.0,-0.75,23,1.0,221,86.28,10.67,86.27
Malta,1998,0.0,31.96875,1388.1875,25529.6813337717,6.910228677598,14.3,2.11055071439253,Other/Global,1.09375,0.0,0.0,0.0,9.59,0.0,0.0,15.0,0.25,940.8,-0.21,16,1.0,238,86.71,11.72,86.01
Malta,1999,0.0,31.96875,1388.1875,25529.6813337717,6.8114639557587,14.3,2.0317784100059,Other/Global,1.09375,0.0,0.0,0.0,9.59,0.0,0.0,15.0,0.3,834.8,-0.62,18,1.0,223,88.5,11.62,86.49
Malta,2000,0.0,31.96875,1388.1875,25529.6813337717,6.721661188474,14.3,1.90097259062776,Other/Global,1.09375,0.0,0.0,0.0,9.59,0.0,0.0,15.0,0.31,1020.1,0.94,21,1.0,270,87.73,11.35,88.32
Malta,2001,0.0,31.96875,1388.1875,25529.6813337717,6.6378075985472,14.3,2.16877648270127,Other/Global,1.09375,0.0,0.0,0.0,9.59,0.0,0.0,15.0,0.46,1008.2,-0.14,21,1.0,251,83.79,12.05,89.2
Malta,2002,0.0,31.96875,1388.1875,25529.6813337717,6.5568904087813,14.3,2.16305504593146,Other/Global,1.09375,0.0,0.0,0.0,9.59,0.0,0.0,15.0,0.51,862.7,-0.03,22,1.05,254,85.78,12.28,86.07
Malta,2003,0.0,31.96875,1388.1875,25529.6813337717,6.47589684197951,14.3,2.2703394088895,Other/Global,1.09375,0.0,0.0,0.0,9.59,0.0,0.0,15.0,0.52,849.7,-0.96,22,2.93,267,85.05,11.87,88.7
Malta,2004,0.0,31.96875,1388.1875,25529.6813337717,6.3918141209448,14.3,2.21204075822481,Other/Global,1.09375,0.0,0.0,0.0,9.59,0.0,0.0,15.0,0.66,690.5,-1.52,21,2.05,241,86.26,14.89,88.08
Malta,2005,0.0,31.96875,1388.1875,25529.6813337717,6.3014810063837,14.2,2.14181017505117,Other/Global,1.09375,0.0,0.0,0.0,9.59,0.0,0.0,15.0,0.65,781.5,-1.12,21,1.7,255,86.0,13.74,90.44
Malta,2006,0.0,31.96875,1388.1875,25529.6813337717,6.2013125030459,15.1,2.07343824511206,Other/Global,1.09375,0.0,0.0,0.0,9.59,0.0,0.0,15.0,0.7,792.8,-1.17,22,1.16,257,85.74,14.79,87.58
Malta,2007,0.0,31.96875,1388.1875,25529.6813337717,6.0881768810454,15.3,1.85796198808729,Other/Global,1.09375,0.0,0.0,0.0,9.59,0.0,0.0,15.0,0.86,910.8,-0.73,27,2.16,261,85.11,13.9,91.76
Malta,2008,0.0,31.96875,1388.1875,25529.6813337717,5.9705234645011,14.9,1.7864950206461,Other/Global,1.09375,0.0,0.0,0.0,9.59,0.0,0.0,15.0,0.81,873.9,-0.95,27,5.52,280,82.24,15.21,90.11
Malta,2009,0.0,31.96875,1388.1875,25529.6813337717,5.8576255509638,15.5,1.45220943724618,Other/Global,1.09375,0.0,0.0,0.0,9.59,0.0,0.0,15.0,0.58,792.4,-1.07,23,3.32,292,83.97,15.95,87.92
Malta,2010,0.0,31.96875,1388.1875,25529.6813337717,5.7587564379846,15.6,1.31598411824922,Other/Global,1.09375,0.0,0.0,0.0,9.59,0.0,0.0,15.0,0.72,877.5,-0.3,24,7.44,300,83.92,16.0,87.49
Malta,2011,0.0,31.96875,1388.1875,25529.6813337717,5.68440835771879,15.1,1.14496130721211,Other/Global,1.09375,0.0,0.0,0.0,9.59,0.0,0.0,15.0,0.71,940.4,-0.07,24,6.06,303,82.42,15.65,90.36
Malta,2012,0.0,31.96875,1388.1875,25529.6813337717,5.6373743506347,15.8,1.0439957728461,Other/Global,1.09375,0.0,0.0,0.0,9.59,0.0,0.0,15.0,0.56,942.2,-0.02,20,4.29,269,83.69,17.34,87.92
Malta,2013,0.0,31.96875,1388.1875,25529.6813337717,5.60934321437939,15.8,1.26428502316781,Other/Global,1.09375,0.0,0.0,0.0,9.59,0.0,0.0,15.0,0.75,748.0,-0.95,23,5.0,275,82.51,15.43,88.67
Malta,2014,0.0,31.96875,1388.1875,25529.6813337717,5.587487226102,16.6,1.26890309114299,Other/Global,1.09375,0.0,0.0,0.0,9.59,0.0,0.0,15.0,0.87,889.7,-0.7,25,3.16,283,85.73,16.19,87.57
Malta,2015,0.0,31.96875,1388.1875,25529.6813337717,5.5612303731989,16.5,1.41621201863725,Other/Global,1.09375,0.0,0.0,0.0,9.59,0.0,0.0,15.0,0.72,789.3,-1.09,25,6.06,337,84.83,17.74,87.48
Malta,2016,0.0,31.26875,1432.73125,26788.4323457074,5.51999664306641,16.7,1.13887649833439,Other/Global,1.1875,0.0,0.0,0.0,9.38,0.0,0.0,15.0,0.81,972.1,-0.69,26,6.76,349,84.86,16.48,87.95
Malta,2017,0.0,30.56875,1477.275,28047.1833576432,5.43081936696861,16.8,0.9733551331345,Other/Global,1.3125,0.0,0.0,0.0,9.17,0.0,0.0,15.0,1.03,962.7,-0.51,29,2.31,318,85.62,18.34,94.94
Malta,2018,0.0,29.86875,1521.81875,29305.9343695789,5.27576267382941,17.1,0.997408672533611,Other/Global,1.4375,0.0,0.0,0.0,8.96,0.0,0.0,15.0,1.01,828.2,-1.4,31,1.0,296,86.91,19.16,93.22
Malta,2019,0.0,29.16875,1566.3625,30564.6853815147,5.06679674753561,16.9,1.01693704278518,Other/Global,1.4375,0.0,0.0,0.0,8.75,0.0,0.0,15.0,1.05,838.7,-1.34,31,1.0,312,87.19,21.32,96.09
Malta,2020,0.0,28.46875,1610.90625,31823.4363934505,4.8158917719737,16.9,1.13170486598833,Other/Global,1.4375,0.0,0.0,0.0,8.54,0.0,0.0,15.0,1.02,863.1,-0.59,31,1.0,328,86.83,20.15,98.0
Mauritius,1990,10.0,54.4911330049261,521.564039408867,2539.92846467452,56.0999984779515,7.9,19.6470688126191,Other/Global,20.2315270935961,0.0,0.05,15.39,27.1,12.0,18.0,24.17,0.3,719.8,-0.27,19,1.0,232,81.22,4.46,61.49
Mauritius,1991,45.0,53.952408866995,527.874285714285,2684.13396145665,56.1353872780041,7.9,19.6470688126191,Other/Global,20.2738916256158,0.01,0.22,24.58,33.36,54.0,81.0,29.68,0.23,926.9,0.02,16,1.0,190,82.32,3.8,57.65
Mauritius,1992,80.0,53.413684729064,534.184532019704,2828.33945823878,56.2340064422316,7.9,18.9717966469012,Other/Global,20.3162561576355,0.01,0.38,28.2,35.73,96.0,144.0,31.9,0.48,878.2,-0.12,20,1.0,214,82.29,5.75,54.15
Mauritius,1993,115.0,52.874960591133,540.494778325123,2972.54495502091,56.384503355113,7.9,18.5778506151342,Other/Global,20.3586206896552,0.02,0.55,30.54,37.2,138.0,207.0,33.34,0.53,977.6,-0.24,21,1.0,209,81.03,6.09,58.93
Mauritius,1994,150.0,52.3362364532019,546.805024630541,3116.75045180304,56.5755254042072,7.9,18.2111827918505,Other/Global,20.4009852216749,0.03,0.72,32.15,38.18,180.0,270.0,34.41,0.43,812.1,-1.04,18,1.0,226,80.72,5.61,59.74
Mauritius,1995,185.0,51.7975123152709,553.11527093596,3260.95594858517,56.7957199770731,7.9,17.7625176685058,Other/Global,20.4433497536946,0.03,0.89,33.52,38.97,222.0,333.0,35.27,0.44,850.4,-0.33,20,1.0,222,80.12,7.62,57.65
Mauritius,1996,220.0,51.2587881773399,559.425517241379,3405.1614453673,57.0337344612698,7.9,17.2794261069331,Other/Global,20.4857142857143,0.04,1.06,34.57,39.55,264.0,396.0,36.0,0.29,779.5,-0.46,18,1.0,210,79.55,7.97,59.82
Mauritius,1997,255.0,50.7200640394088,565.735763546797,3549.36694214943,57.2782162443559,7.9,16.6515392582943,Other/Global,20.528078817734,0.05,1.22,35.54,40.06,306.0,459.0,36.64,0.43,819.6,-0.59,19,1.0,234,82.42,7.24,58.72
Mauritius,1998,290.0,50.1813399014778,572.046009852216,3693.57243893156,57.5178127138906,7.9,15.8900037944264,Other/Global,20.5704433497537,0.05,1.39,36.34,40.46,348.0,522.0,37.2,0.42,805.4,-0.72,19,1.0,221,81.9,6.55,58.01
Mauritius,1999,325.0,49.6426157635468,578.356256157635,3837.77793571369,57.7411712574326,7.9,15.0221168277852,Other/Global,20.6128078817734,0.06,1.56,36.99,40.77,390.0,585.0,37.7,0.37,979.6,0.26,19,1.0,235,82.05,7.64,61.36
Mauritius,2000,360.0,49.1038916256158,584.666502463054,3981.98343249582,57.936876936712,7.9,14.4106499220259,Other/Global,20.6551724137931,0.06,1.73,37.63,41.06,432.0,648.0,38.17,0.48,844.1,-0.87,22,1.0,239,85.11,10.12,58.06
Mauritius,2001,334.0,48.6762610837438,587.795911330049,4395.10275998645,58.1172785819819,7.9,14.008803397744,Other/Global,20.4807881773399,0.06,1.6,37.23,40.64,400.8,601.2,37.9,0.41,909.9,-0.53,18,1.0,268,84.19,9.45,61.91
Mauritius,2002,308.0,48.2486305418719,590.925320197044,4808.22208747708,58.3013170061136,7.9,12.9344366645449,Other/Global,20.3064039408867,0.06,1.48,36.83,40.2,369.6,554.4,37.61,0.55,869.5,-0.84,26,1.0,251,82.44,9.17,58.56
Mauritius,2003,282.0,47.821,594.054729064039,5221.34141496771,58.4872934748246,7.9,12.4215057409916,Other/Global,20.1320197044335,0.05,1.35,36.34,39.72,338.4,507.6,37.3,0.5,798.4,-0.71,24,1.0,248,82.75,11.32,56.73
Mauritius,2004,256.0,47.3933694581281,597.184137931034,5634.46074245834,58.6734459977958,7.9,9.77006311992786,Other/Global,19.9576354679803,0.05,1.23,35.78,39.19,307.2,460.8,36.95,0.64,886.5,-0.88,22,1.0,264,81.27,10.52,54.49
Mauritius,2005,230.0,46.9657389162562,600.313546798029,6047.58006994897,58.8580125847083,7.9,9.46961868851309,Other/Global,19.7832512315271,0.04,1.1,35.21,38.64,276.0,414.0,36.55,0.68,947.9,-0.59,22,1.0,243,83.48,11.12,60.58
Mauritius,2006,204.0,46.5381083743842,603.442955665024,6460.6993974396,59.0392312452433,7.9,9.18234200528862,Other/Global,19.6088669950739,0.04,0.98,34.49,38.0,244.8,367.2,36.11,0.74,803.4,-1.13,24,1.0,261,83.09,13.46,60.01
Mauritius,2007,178.0,46.1104778325123,606.572364532019,6873.81872493023,59.2153399890817,7.9,8.83326465486675,Other/Global,19.4344827586207,0.03,0.85,33.68,37.29,213.6,320.4,35.59,0.69,964.7,-0.41,25,1.0,273,81.86,12.73,59.59
Mauritius,2008,152.0,45.6828472906404,609.701773399014,7286.93805242086,59.3845768259046,7.9,8.64104079543738,Other/Global,19.2600985221675,0.03,0.73,32.72,36.48,182.4,273.6,35.0,0.7,832.0,-1.23,22,1.0,276,83.33,12.2,60.46
Mauritius,2009,126.0,45.2552167487685,612.831182266009,7700.05737991149,59.5451797653931,7.9,8.53981045970703,Other/Global,19.0857142857143,0.02,0.6,31.59,35.55,151.2,226.8,34.28,0.75,861.3,-0.7,25,1.0,262,84.39,13.17,61.39
Mauritius,2010,100.0,44.8275862068966,615.960591133005,8113.17670740212,59.6953868172282,7.9,8.15461657597548,Other/Global,18.9113300492611,0.02,0.48,30.14,34.41,120.0,180.0,33.39,0.62,942.4,0.02,28,1.0,279,85.72,13.76,53.42
Mauritius,2011,104.0,44.4749883445858,619.24608933104,8416.65012267183,59.8334076771284,7.9,7.29231710385095,Other/Global,19.21482223335,0.02,0.5,30.3,34.43,124.8,187.2,33.57,0.52,846.9,-0.55,21,1.0,287,81.52,14.4,54.11
Mauritius,2012,108.0,44.1223904822751,622.531587529077,8720.12353794155,59.9630488384915,7.9,7.24054389901573,Other/Global,19.2058087130696,0.02,0.52,30.54,34.49,129.6,194.4,33.75,0.79,903.0,-0.16,26,1.0,267,82.05,13.34,57.04
Mauritius,2013,112.0,43.7697926199644,625.817085727113,9023.59695321126,60.0891151441229,7.9,6.75173188410852,Other/Global,19.1967951927892,0.02,0.54,30.78,34.55,134.4,201.6,33.92,0.8,874.8,-0.32,25,1.0,275,83.39,15.9,59.51
Mauritius,2014,116.0,43.4171947576537,629.102583925149,9327.07036848098,60.2112428028265,7.9,6.93958914672393,Other/Global,19.1877816725088,0.02,0.56,31.02,34.61,139.2,208.8,34.08,0.64,910.3,-0.24,22,1.0,283,83.87,16.16,58.08
Mauritius,2015,120.0,43.064596895343,632.388082123185,9630.5437837507,60.3290389382274,7.9,7.12128790193592,Other/Global,19.1787681522283,0.02,0.58,31.27,34.67,144.0,216.0,34.24,0.87,709.5,-1.31,28,1.0,326,85.7,14.7,58.04
Mauritius,2016,102.0,43.064596895343,632.702053079619,9531.60457450268,60.4421106739506,7.9,6.80907193695854,Other/Global,19.1737606409614,0.02,0.49,30.22,33.94,122.4,183.6,33.6,0.84,753.6,-1.15,32,1.0,283,85.16,15.8,56.58
Mauritius,2017,84.0,43.064596895343,633.016024036054,9432.66536525466,60.5500651336211,10.4,6.56810564407493,Other/Global,19.3540310465699,0.02,0.4,28.85,33.01,100.8,151.2,32.83,0.97,949.3,-0.38,28,1.0,303,81.2,16.23,55.8
Mauritius,2018,66.0,43.064596895343,633.329994992488,9333.72615600665,60.6525094408641,10.4,5.84972793735362,Other/Global,19.3740610916375,0.01,0.32,27.32,31.94,79.2,118.8,31.87,1.01,983.0,-0.65,31,1.0,296,83.18,16.67,57.31
Mauritius,2019,48.0,43.064596895343,633.643965948923,9234.78694675863,60.7490507193045,10.4,5.262929212073,Other/Global,19.3940911367051,0.01,0.23,25.3,30.53,57.6,86.4,30.62,0.98,827.2,-1.59,28,1.0,291,81.86,17.53,57.01
Mauritius,2020,30.0,43.064596895343,633.957936905358,9135.84773751062,60.8392960925675,10.4,5.31785814286734,Other/Global,19.4141211817727,0.01,0.14,22.32,28.46,36.0,54.0,28.78,0.93,880.5,-0.66,26,1.0,319,82.12,17.0,56.64
Mexico,1990,675950.0,54.0914118161475,42.6040638905322,3154.46920349038,28.5409922800085,43.2,25.9515160213897,Other/Global,36.3135111499781,121.67,3244.56,68.9,67.8,811140.0,1216710.0,42.44,0.21,842.5,-0.7,33,1.0,183,81.63,5.32,40.91
Mexico,1991,649848.0,54.1520615242161,43.4171188559376,3591.42499694225,28.140603579545,43.2,25.9515160213897,Other/Global,36.1998096658865,116.97,3119.27,68.82,67.73,779817.6,1169726.4,42.49,0.27,877.5,-0.58,34,1.0,229,81.08,5.93,39.52
Mexico,1992,623746.0,54.2127112322847,44.2301738213431,4028.38079039412,27.7593918660987,43.2,25.9388859344808,Other/Global,36.0861081817948,112.27,2993.98,68.73,67.65,748495.2,1122742.8,42.53,0.33,662.9,-1.05,37,1.0,195,82.89,6.26,40.3
Mexico,1993,597644.0,54.2733609403533,45.0432287867486,4465.33658384599,27.3944935513519,43.2,25.9027683555321,Other/Global,35.9724066977031,107.58,2868.69,68.65,67.58,717172.8,1075759.2,42.57,0.43,757.4,-0.85,37,1.0,204,79.19,6.69,39.08
Mexico,1994,571542.0,54.334010648422,45.8562837521541,4902.29237729786,27.0434415087375,43.2,24.6362556267214,Other/Global,35.8587052136115,102.88,2743.4,68.49,67.46,685850.4,1028775.6,42.6,0.39,804.8,-1.05,33,1.0,226,80.84,7.2,40.55
Mexico,1995,545440.0,54.3946603564906,46.6693387175596,5339.24817074974,26.7037686116881,43.2,23.5488307968758,Other/Global,35.7450037295198,98.18,2618.11,68.41,67.38,654528.0,981792.0,42.62,0.49,890.8,-0.37,34,1.0,232,80.2,7.37,36.85
Mexico,1996,519338.0,54.4553100645592,47.482393682965,5776.20396420161,26.3730077336366,43.2,21.9752597449421,Other/Global,35.6313022454281,93.48,2492.82,68.25,67.25,623205.6,934808.4,42.64,0.54,1037.6,0.32,38,1.0,228,82.72,6.11,36.11
Mexico,1997,493236.0,54.5159597726279,48.2954486483705,6213.15975765348,26.0486917480156,43.2,23.4749631246904,Other/Global,35.5176007613365,88.78,2367.53,68.09,67.12,591883.2,887824.8,42.65,0.34,822.6,-0.87,31,1.0,220,79.74,7.28,38.15
Mexico,1998,467134.0,54.5766094806965,49.108503613776,6650.11555110535,25.7283535282579,43.2,19.4228868793213,Other/Global,35.4038992772448,84.08,2242.24,67.93,66.99,560560.8,840841.2,42.65,0.39,731.4,-0.49,35,1.0,208,81.07,7.5,40.23
Mexico,1999,441032.0,54.6372591887651,49.9215585791815,7087.07134455722,25.4095259477963,43.2,20.3343954576544,Other/Global,35.2901977931531,79.39,2116.95,67.77,66.86,529238.4,793857.6,42.64,0.41,879.3,-0.87,31,1.0,234,79.12,8.12,37.86
Mexico,2000,414930.0,54.6979088968338,50.734613544587,7524.0271380091,25.0796886029744,43.2,17.5244317345134,Other/Global,35.1764963090614,74.69,1991.66,67.61,66.72,497916.0,746874.0,42.62,0.43,955.9,0.48,30,1.0,226,82.51,8.64,42.54
Mexico,2001,389623.0,54.4652383034543,51.5061530903572,7744.50450258527,24.7092442432013,43.2,17.5756051610409,Other/Global,35.1025211553795,70.13,1870.19,67.28,66.4,467547.6,701321.4,42.59,0.45,861.9,-0.61,31,1.0,278,83.04,10.67,36.14
Mexico,2002,364316.0,54.2325677100748,52.2776926361274,7964.98186716144,24.3159247171006,43.2,17.2925968069251,Other/Global,35.0285460016976,65.58,1748.72,67.04,66.13,437179.2,655768.8,42.55,0.57,783.8,-0.8,31,1.0,248,80.06,11.32,37.5
Mexico,2003,339009.0,53.9998971166954,53.0492321818976,8185.45923173761,23.953829659449,43.2,16.4163545124158,Other/Global,34.9545708480156,61.02,1627.24,66.72,65.81,406810.8,610216.2,42.49,0.62,936.0,-0.94,34,1.0,230,79.97,11.18,33.92
Mexico,2004,313702.0,53.7672265233159,53.8207717276678,8405.93659631378,23.6725602580981,43.2,15.5650116187944,Other/Global,34.8805956943337,56.47,1505.77,66.4,65.48,376442.4,564663.6,42.42,0.54,915.4,-0.4,28,1.0,248,81.32,10.29,40.26
Mexico,2005,288395.0,53.5345559299365,54.5923112734381,8626.41396088996,23.5251375619731,43.2,15.2627341858035,Other/Global,34.8066205406518,51.91,1384.3,66.08,65.14,346074.0,519111.0,42.34,0.76,783.3,-0.93,33,1.0,268,80.09,10.76,36.77
Mexico,2006,263088.0,53.301885336557,55.3638508192083,8846.89132546613,23.5017544316343,43.2,14.5952023756566,Other/Global,34.7326453869698,47.36,1262.82,65.67,64.75,315705.6,473558.4,42.23,0.79,898.9,-0.66,33,1.0,277,82.5,11.39,32.01
Mexico,2007,237781.0,53.0692147431775,56.1353903649785,9067.3686900423,23.4952673765239,43.2,14.3217400049661,Other/Global,34.6586702332879,42.8,1141.35,65.19,64.31,285337.2,428005.8,42.11,0.66,951.2,-0.53,32,1.0,259,81.73,11.73,35.8
Mexico,2008,212474.0,52.8365441497981,56.9069299107487,9287.84605461847,23.4909571728967,43.2,14.2326332400185,Other/Global,34.584695079606,38.25,1019.88,64.63,63.82,254968.8,382453.2,41.95,0.71,969.1,-0.62,31,1.0,265,82.76,13.79,30.99
Mexico,2009,187167.0,52.6038735564186,57.6784694565189,9508.32341919464,23.4856069959705,43.2,14.3230206023244,Other/Global,34.510719925924,33.69,898.4,64.06,63.3,224600.4,336900.6,41.76,0.74,872.2,-0.35,30,1.0,279,80.0,12.06,38.29
Mexico,2010,161860.0,52.3712029630392,58.4500090022892,9728.80078377082,23.4755558585287,43.2,14.4500872616488,Other/Global,34.4367447722421,29.13,776.93,63.34,62.68,194232.0,291348.0,41.53,0.64,851.9,-0.66,28,1.0,260,79.71,13.81,33.74
Mexico,2011,162652.0,52.0494868695182,59.2163261400756,9787.28834939319,23.4332197720463,43.2,14.0455386652565,Other/Global,34.3737390364979,29.28,780.73,63.42,62.63,195182.4,292773.6,41.63,0.73,978.7,0.14,28,1.0,282,81.88,12.93,35.49
Mexico,2012,163444.0,51.7277707759973,59.9826432778621,9845.77591501557,23.3414800859266,43.2,14.0972990523337,Other/Global,34.3107333007536,29.42,784.53,63.58,62.62,196132.8,294199.2,41.73,0.84,783.6,-1.22,28,1.0,285,83.55,14.73,33.78
Mexico,2013,164236.0,51.4060546824763,60.7489604156485,9904.26348063794,23.2044231922048,43.2,14.0156537837076,Other/Global,34.2477275650094,29.56,788.33,63.66,62.57,197083.2,295624.8,41.82,0.63,915.4,-0.58,26,1.0,292,80.48,14.42,34.71
Mexico,2014,165028.0,51.0843385889554,61.515277553435,9962.75104626032,23.0258632908234,43.2,14.1220607305036,Other/Global,34.1847218292652,29.71,792.13,63.74,62.52,198033.6,297050.4,41.92,0.63,770.6,-0.69,29,1.0,287,82.23,14.22,36.57
Mexico,2015,165820.0,50.7626224954345,62.2815946912215,10021.2386118827,22.8096145817247,43.2,13.7787551676292,Other/Global,34.1217160935209,29.85,795.94,63.82,62.47,198984.0,298476.0,42.01,0.84,965.3,-0.94,31,1.0,268,80.96,15.06,34.0
Mexico,2016,165820.0,50.9130868180765,62.8707814501402,9785.24503958589,22.5594912648514,43.2,13.441409136793,Other/Global,34.0559942385349,29.85,795.94,63.9,62.56,198984.0,298476.0,42.07,0.94,859.5,-1.25,31,1.0,298,82.99,16.25,36.05
Mexico,2017,165820.0,51.0635511407186,63.4599682090589,9549.25146728909,22.2793075401459,43.2,13.4862998492633,Other/Global,33.9902672393837,29.85,795.94,63.9,62.6,198984.0,298476.0,42.14,0.93,981.6,-0.14,32,1.0,285,80.62,14.89,29.43
Mexico,2018,165820.0,51.2140154633606,64.0491549679776,9313.25789499228,21.9728776075506,41.9,13.1977173116429,Other/Global,33.9247408626765,29.85,795.94,63.98,62.69,198984.0,298476.0,42.2,1.1,919.4,-1.17,33,1.0,328,81.98,16.03,32.63
Mexico,2019,165820.0,51.3644797860027,64.6383417268963,9077.26432269548,21.644015667008,41.9,12.8908860045255,Other/Global,33.858895547725,29.85,795.94,64.06,62.77,198984.0,298476.0,42.26,0.89,782.2,-1.65,34,1.0,332,82.95,16.73,35.4
Mexico,2020,165820.0,51.5149441086448,65.227528485815,8841.27075039868,21.322039397176,43.9,13.117613506291,Other/Global,33.7930502327735,29.85,795.94,64.14,62.86,198984.0,298476.0,42.32,1.05,994.1,0.03,34,1.0,292,79.96,16.13,33.98
Moldova,1990,880.0,77.3722627737226,101.844482362364,1206.50208704977,53.0213966369629,25.2,37.8248655030388,Other/Global,10.0152114390021,0.16,4.22,49.15,56.44,1056.0,1584.0,32.23,0.22,1024.0,-0.18,21,1.0,191,75.83,3.92,53.87
Moldova,1991,972.0,77.3722627737226,101.844482362364,1129.90574674283,53.0905227661133,25.2,37.8248655030388,Other/Global,10.0152114390021,0.17,4.67,49.88,56.93,1166.4,1749.6,32.49,0.48,970.5,-0.09,21,1.0,173,74.68,6.21,53.2
Moldova,1992,1064.0,77.3722627737226,101.844482362364,1053.30940643589,53.6175422668457,25.2,36.1694470123882,Other/Global,10.0152114390021,0.19,5.11,50.52,57.36,1276.8,1915.2,32.72,0.56,838.9,-0.63,19,1.0,222,76.12,4.36,54.25
Moldova,1993,1156.0,77.3722627737226,101.844482362364,976.71306612895,53.9092216491699,25.2,39.3341282027274,Other/Global,10.0485584218513,0.21,5.55,51.09,57.76,1387.2,2080.8,32.93,0.37,875.4,-1.22,19,1.0,206,75.55,5.36,51.72
Moldova,1994,1248.0,77.3722627737226,101.844482362364,900.11672582201,54.134651184082,25.2,41.4086974858804,Other/Global,10.1092896174863,0.22,5.99,51.65,58.13,1497.6,2246.4,33.12,0.4,911.5,-0.36,22,1.0,222,74.61,6.54,50.04
Moldova,1995,1340.0,77.3722627737226,101.844482362364,823.520385515071,54.2808074951172,25.2,42.1028943854308,Other/Global,10.1700576981476,0.24,6.43,52.14,58.47,1608.0,2412.0,33.3,0.51,843.5,-0.46,23,1.0,213,74.99,6.46,52.75
Moldova,1996,1432.0,77.3722627737226,101.844482362364,746.924045208131,54.9132499694824,25.2,42.8313091573227,Other/Global,10.2277558457334,0.26,6.87,52.54,58.75,1718.4,2577.6,33.47,0.39,1035.2,0.24,19,1.0,201,72.9,6.43,49.42
Moldova,1997,1524.0,77.3722627737226,101.844482362364,670.327704901191,55.0865364074707,25.2,41.5552567445487,Other/Global,10.2885783718105,0.27,7.32,53.02,59.07,1828.8,2743.2,33.63,0.39,911.4,0.0,18,1.0,231,76.15,7.89,50.95
Moldova,1998,1616.0,77.3722627737226,101.844482362364,593.731364594251,59.2695541381836,25.2,45.6760210965571,Other/Global,10.3494378608326,0.29,7.76,53.34,59.31,1939.2,2908.8,33.78,0.37,683.5,-1.13,21,1.0,251,77.39,5.97,52.34
Moldova,1999,1708.0,77.3722627737226,101.844482362364,517.135024287311,59.4730911254883,25.2,48.8963340132819,Other/Global,10.4103343465046,0.31,8.2,53.75,59.58,2049.6,3074.4,33.92,0.22,926.9,0.13,21,1.0,235,74.45,8.56,50.12
Moldova,2000,1800.0,77.3722627737226,101.844482362364,440.538683980372,59.5814018249512,25.2,50.8654162924085,Other/Global,10.4744525547445,0.32,8.64,54.07,59.81,2160.0,3240.0,34.05,0.39,871.9,-0.61,25,1.0,223,75.06,7.61,56.31
Moldova,2001,1713.0,77.1388416713883,101.637912607669,640.164750684755,60.3255729675293,25.2,51.0242247066407,Other/Global,10.56599756691,0.31,8.22,53.67,59.48,2055.6,3083.4,33.92,0.39,893.8,-0.76,19,1.0,240,77.05,6.73,52.82
Moldova,2002,1626.0,76.9054205690541,101.431342852975,839.790817389139,60.379280090332,25.2,49.6384593356243,Other/Global,10.6575425790754,0.29,7.8,53.26,59.14,1951.2,2926.8,33.77,0.47,870.3,-0.86,19,1.0,253,73.07,10.91,49.39
Moldova,2003,1539.0,76.6719994667199,101.224773098281,1039.41688409352,60.4054641723633,25.2,49.4476833824964,Other/Global,10.7523577730453,0.28,7.39,52.78,58.76,1846.8,2770.2,33.62,0.69,964.4,-0.78,24,1.0,246,75.89,9.63,52.99
Moldova,2004,1452.0,76.4385783643857,101.018203343587,1239.0429507979,60.5539054870605,25.2,49.483372509822,Other/Global,10.8406326034063,0.26,6.97,52.3,58.37,1742.4,2613.6,33.47,0.54,989.4,0.17,21,1.0,236,77.35,10.62,54.19
Moldova,2005,1365.0,76.2051572620515,100.811633588892,1438.66901750229,60.6295967102051,25.2,49.1152938039033,Other/Global,10.9288537549407,0.25,6.55,51.81,57.98,1638.0,2457.0,33.3,0.76,922.5,-0.99,26,1.0,286,74.64,11.28,47.76
Moldova,2006,1278.0,75.9717361597173,100.605063834198,1638.29508420667,60.7817611694336,25.2,48.8215516749463,Other/Global,11.0203709334144,0.23,6.13,51.33,57.58,1533.6,2300.4,33.13,0.7,872.7,-0.57,23,1.0,237,74.81,10.09,53.18
Moldova,2007,1191.0,75.7383150573831,100.398494079504,1837.92115091105,60.5684967041016,25.2,50.017715535774,Other/Global,11.1118881118881,0.21,5.72,50.77,57.14,1429.2,2143.8,32.94,0.7,896.6,-0.65,27,1.0,297,77.11,11.03,47.95
Moldova,2008,1104.0,75.5048939550489,100.19192432481,2037.54721761544,60.6289291381836,25.2,49.7485473747593,Other/Global,11.2034052903618,0.2,5.3,50.12,56.65,1324.8,1987.2,32.74,0.77,901.4,-0.64,24,1.0,265,74.26,11.62,50.3
Moldova,2009,1017.0,75.2714728527147,99.9853545701158,2237.17328431982,60.6744651794434,25.2,51.1390417214886,Other/Global,11.2949224688355,0.18,4.88,49.48,56.16,1220.4,1830.6,32.52,0.71,835.7,-0.37,21,1.0,284,76.67,11.49,50.52
Moldova,2010,930.0,75.0380517503805,99.7787848154216,2436.79935102421,60.7195053100586,25.2,54.599939756911,Other/Global,11.400304414003,0.17,4.46,48.83,55.65,1116.0,1674.0,32.28,0.7,946.2,-0.54,25,1.0,277,76.14,13.42,48.7
Moldova,2011,930.0,75.0380517503805,99.7787848154216,2436.79935102421,60.6530838012695,25.2,54.3871609269769,Other/Global,11.4727549467275,0.17,4.46,48.75,55.61,1116.0,1674.0,32.28,0.72,936.7,-0.27,25,1.0,264,77.05,13.91,48.69
Moldova,2012,930.0,75.0380517503805,99.7787848154216,2436.79935102421,60.6385803222656,25.2,55.3745055275131,Other/Global,11.5416920267803,0.17,4.46,48.75,55.61,1116.0,1674.0,32.28,0.63,1023.1,-0.08,23,1.0,301,75.54,13.12,48.31
Moldova,2013,930.0,75.0380517503805,99.7787848154216,2436.79935102421,60.5724487304688,25.2,56.3452103487838,Other/Global,11.6070559610706,0.17,4.46,48.67,55.57,1116.0,1674.0,32.28,0.64,1000.3,-0.22,21,1.0,293,77.53,14.0,48.94
Moldova,2014,930.0,75.0380517503805,99.7787848154216,2436.79935102421,60.3701515197754,25.2,58.7577536490973,Other/Global,11.6794403892944,0.17,4.46,48.67,55.57,1116.0,1674.0,32.28,0.66,845.0,-0.02,26,1.0,286,75.23,14.67,48.03
Moldova,2015,930.0,75.0380517503805,99.7787848154216,2436.79935102421,60.3045959472656,25.2,59.5608239514084,Other/Global,11.7518248175182,0.17,4.46,48.59,55.53,1116.0,1674.0,32.28,0.75,965.5,-0.81,26,1.0,302,73.92,14.59,52.24
Moldova,2016,930.0,75.0380517503805,99.7787848154216,2436.79935102421,60.2626762390137,25.2,60.3905852150274,Other/Global,11.7548661800487,0.17,4.46,48.59,55.53,1116.0,1674.0,32.28,1.12,823.8,-0.76,29,1.0,293,73.84,14.28,47.08
Moldova,2017,930.0,75.0380517503805,99.7787848154216,2436.79935102421,60.0263442993164,25.2,59.3616787145771,Other/Global,11.7512921860748,0.17,4.46,48.59,55.53,1116.0,1674.0,32.28,1.04,955.6,-0.45,30,1.0,265,74.38,13.14,53.61
Moldova,2018,930.0,75.0380517503805,99.7787848154216,2436.79935102421,59.6741905212402,25.2,59.1537702070967,Other/Global,11.7529716925191,0.17,4.46,48.59,55.53,1116.0,1674.0,32.28,0.88,858.6,-0.99,28,1.0,276,76.5,15.58,49.75
Moldova,2019,930.0,75.0380517503805,99.7787848154216,2436.79935102421,59.227710723877,25.2,57.2971793716924,Other/Global,11.7527572607105,0.17,4.46,48.59,55.53,1116.0,1674.0,32.28,0.9,818.0,-0.5,26,1.0,305,74.79,16.52,45.83
Moldova,2020,930.0,75.0380517503805,99.7787848154216,2436.79935102421,58.6631469726562,26.8,55.9071612639111,Other/Global,11.7532218728523,0.17,4.46,48.59,55.53,1116.0,1674.0,32.28,1.03,922.3,-1.3,30,1.0,304,75.67,15.51,51.56
Morocco,1990,6330.0,67.9879005153484,54.6169639256106,1229.07104492188,51.5661354064941,16.3,51.9976418350876,Other/Global,12.2905892897154,1.14,30.38,61.89,62.51,7596.0,11394.0,34.04,0.31,685.3,-1.12,19,1.0,202,77.56,4.82,42.79
Morocco,1991,5792.0,68.0571364552991,55.5239511539323,1256.07468261719,50.8473205566406,16.3,51.9976418350876,Other/Global,12.2953506609904,1.04,27.8,61.24,62.09,6950.4,10425.6,33.92,0.38,759.2,-1.14,20,1.0,202,76.51,5.42,41.27
Morocco,1992,5254.0,68.1263723952498,56.4309383822541,1283.0783203125,50.1898460388184,16.3,50.9980783156264,Other/Global,12.3001120322653,0.95,25.22,60.52,61.63,6304.8,9457.2,33.78,0.38,885.2,-0.23,18,1.0,194,77.61,5.81,43.05
Morocco,1993,4716.0,68.1956083352005,57.3379256105758,1310.08195800781,49.5607795715332,16.3,49.7511111187694,Other/Global,12.3048734035402,0.85,22.64,59.79,61.15,5659.2,8488.8,33.62,0.43,906.0,-0.66,22,1.0,193,78.53,5.94,42.27
Morocco,1994,4178.0,68.2648442751512,58.2449128388976,1337.08559570312,48.7822920537385,16.3,49.4605378518134,Other/Global,12.3096347748151,0.75,20.05,58.9,60.57,5013.6,7520.4,33.43,0.48,870.0,-0.35,21,1.0,205,77.43,5.42,46.48
Morocco,1995,3640.0,68.3340802151019,59.1519000672193,1364.08923339844,48.2410901025264,16.3,49.0831533316917,Other/Global,12.3143961460901,0.66,17.47,57.94,59.93,4368.0,6552.0,33.19,0.45,773.2,-0.84,20,1.0,233,78.47,7.57,42.42
Morocco,1996,3102.0,68.4033161550526,60.0588872955411,1391.09287109375,47.7897186520428,16.3,50.6668975674375,Other/Global,12.319157517365,0.56,14.89,56.81,59.18,3722.4,5583.6,32.91,0.24,834.2,-0.56,18,1.0,212,76.9,6.95,41.42
Morocco,1997,2564.0,68.4725520950033,60.9658745238628,1418.09650878906,47.3957797668851,16.3,45.547948667896,Other/Global,12.3239188886399,0.46,12.31,55.44,58.28,3076.8,4615.2,32.55,0.37,931.0,-0.08,20,1.0,244,77.65,6.94,42.73
Morocco,1998,2026.0,68.541788034954,61.8728617521846,1445.10014648437,47.0446928855917,16.3,44.9656510790906,Other/Global,12.3286802599149,0.36,9.72,53.83,57.19,2431.2,3646.8,32.08,0.3,946.3,-0.17,18,1.0,216,77.43,6.44,42.25
Morocco,1999,1488.0,68.6110239749047,62.7798489805063,1472.10378417968,46.7218774467006,16.3,47.112375997262,Other/Global,12.3334416311898,0.27,7.14,51.57,55.69,1785.6,2678.4,31.45,0.38,898.5,-0.64,21,1.0,253,78.59,8.46,46.47
Morocco,2000,950.0,68.6802599148555,63.6868362088281,1499.107421875,46.41275288875,15.3,45.1329351260039,Other/Global,12.3382030024647,0.17,4.56,48.43,53.57,1140.0,1710.0,30.5,0.63,992.4,0.64,20,1.0,231,77.79,10.49,44.8
Morocco,2001,1038.0,68.5315482859063,64.5928592874747,1655.99521484375,46.1027386502781,15.3,44.6326899283996,Other/Global,12.3758525655389,0.19,4.98,49.07,53.96,1245.6,1868.4,30.75,0.47,931.7,-0.42,19,1.0,238,76.55,8.74,41.42
Morocco,2002,1126.0,68.3828366569572,65.4988823661213,1812.8830078125,45.777254169823,15.3,44.1306880278206,Other/Global,12.413502128613,0.2,5.4,49.56,54.26,1351.2,2026.8,30.99,0.48,840.1,-1.25,22,1.0,241,77.94,8.94,42.2
Morocco,2003,1214.0,68.234125028008,66.404905444768,1969.77080078125,45.4217188859229,15.3,43.6804750385342,Other/Global,12.4511516916872,0.22,5.83,50.12,54.59,1456.8,2185.2,31.22,0.65,877.4,-0.85,23,1.0,258,76.24,9.73,43.38
Morocco,2004,1302.0,68.0854133990589,67.3109285234147,2126.65859375,45.0212430339131,15.3,45.5435220012333,Other/Global,12.4888012547614,0.23,6.25,50.6,54.88,1562.4,2343.6,31.44,0.68,787.6,-1.3,26,1.0,256,77.91,10.08,40.54
Morocco,2005,1390.0,67.9367017701098,68.2169516020613,2283.54638671875,44.5602201323601,15.3,45.1616212537333,Other/Global,12.5264508178355,0.25,6.67,51.01,55.12,1668.0,2502.0,31.64,0.73,891.2,-0.37,25,1.0,258,77.43,10.25,41.97
Morocco,2006,1478.0,67.7879901411606,69.122974680708,2440.4341796875,44.0372410370176,8.9,43.073481863253,Other/Global,12.5641003809097,0.27,7.09,51.41,55.35,1773.6,2660.4,31.84,0.77,988.8,-0.22,28,1.0,258,77.68,12.61,44.79
Morocco,2007,1566.0,67.6392785122115,70.0289977593546,2597.32197265625,43.4696158700936,8.9,41.9515827346581,Other/Global,12.6017499439839,0.28,7.52,51.81,55.58,1879.2,2818.8,32.03,0.89,954.6,-0.41,27,1.0,255,77.49,11.39,47.73
Morocco,2008,1654.0,67.4905668832623,70.9350208380013,2754.209765625,42.8745830727384,8.9,41.4984348153738,Other/Global,12.639399507058,0.3,7.94,52.14,55.77,1984.8,2977.2,32.21,0.62,1012.0,-0.23,23,1.0,283,76.85,10.71,40.38
Morocco,2009,1742.0,67.3418552543132,71.8410439166479,2911.09755859375,42.2693810861023,8.9,41.0709602754997,Other/Global,12.6770490701322,0.31,8.36,52.54,55.99,2090.4,3135.6,32.38,0.72,875.6,-0.74,25,1.0,271,76.74,11.21,49.46
Morocco,2010,1830.0,67.1931436253641,72.7470669952946,3067.9853515625,41.6712483513354,8.9,40.4734981636784,Other/Global,12.7146986332064,0.33,8.78,52.86,56.17,2196.0,3294.0,32.55,0.58,1007.5,-0.22,22,1.0,282,78.95,13.47,44.72
Morocco,2011,2324.0,67.2194488012547,73.7063195160205,3083.63784179687,41.097423309588,8.9,39.7866611945792,Other/Global,12.7192336993054,0.42,11.16,54.55,57.33,2788.8,4183.2,33.17,0.69,884.3,-0.63,24,1.0,280,79.9,13.17,41.77
Morocco,2012,2818.0,67.2457539771454,74.6655720367465,3099.29033203125,40.5651444020105,8.9,39.2180933384842,Other/Global,12.7237687654044,0.51,13.53,55.84,58.23,3381.6,5072.4,33.68,0.58,1017.4,0.18,21,1.0,274,77.96,13.04,47.16
Morocco,2013,3312.0,67.272059153036,75.6248245574725,3114.94282226562,40.0916500697531,4.8,38.2710798408052,Other/Global,12.7283038315035,0.6,15.9,56.97,59.01,3974.4,5961.6,34.12,0.66,897.9,-0.43,26,1.0,320,77.67,13.36,45.01
Morocco,2014,3806.0,67.2983643289267,76.5840770781985,3130.5953125,39.6969513828346,4.8,36.8121373144019,Other/Global,12.7328388976025,0.69,18.27,57.94,59.68,4567.2,6850.8,34.51,0.72,956.1,-0.24,24,1.0,306,76.15,14.65,45.93
Morocco,2015,4300.0,67.3246695048174,77.5433295989245,3146.24780273438,39.3582875262846,4.8,36.0537822119313,Other/Global,12.7373739637015,0.77,20.64,58.82,60.28,5160.0,7740.0,34.86,0.89,1017.5,-0.17,24,1.0,283,75.51,13.84,45.95
Morocco,2016,3870.0,67.2638401971767,78.4291104638135,3170.604296875,39.0342343462821,4.8,34.8158407998843,Other/Global,12.7712077078199,0.7,18.58,58.1,59.77,4644.0,6966.0,34.67,0.96,884.1,-0.56,34,1.0,325,75.7,14.74,46.46
Morocco,2017,3440.0,67.2030108895361,79.3148913287026,3194.96079101562,38.7238942968158,4.8,33.7945553125213,Other/Global,12.7976473224289,0.62,16.51,57.21,59.15,4128.0,6192.0,34.44,0.84,917.1,-0.53,26,1.0,312,78.29,15.82,41.81
Morocco,2018,3010.0,67.1421815818956,80.2006721935917,3219.31728515625,38.4304177246686,4.8,32.7739388412987,Other/Global,12.8200537754873,0.54,14.45,56.24,58.48,3612.0,5418.0,34.18,0.99,1002.7,-0.34,30,1.0,285,75.53,15.03,45.93
Morocco,2019,2580.0,67.081352274255,81.0864530584808,3243.67377929687,38.1569549766235,4.8,31.6221622583243,Other/Global,12.8435805511987,0.46,12.38,55.2,57.75,3096.0,4644.0,33.86,0.94,889.1,-0.43,26,1.0,318,78.47,17.02,44.43
Morocco,2020,2150.0,67.0205229666144,81.9722339233699,3268.0302734375,37.9066563994634,4.8,31.9915168601175,Other/Global,12.8668832623796,0.39,10.32,53.91,56.85,2580.0,3870.0,33.47,0.89,794.1,-1.26,28,1.0,315,76.38,15.08,45.49
Mozambique,1990,267030.0,44.8383733055266,16.6516658612884,327.12623979157,76.8119869601301,69.4,84.2784473149921,Other/Global,55.1616266944734,48.07,1281.74,45.12,51.95,320436.0,480654.0,35.19,0.25,1039.4,0.01,26,1.0,206,83.43,4.58,28.39
Mozambique,1991,267030.0,45.1168646201582,17.2919563061115,327.12623979157,75.7562284561587,69.4,84.2784473149921,Other/Global,54.8831353798418,48.07,1281.74,45.45,52.2,320436.0,480654.0,35.38,0.32,830.4,-0.84,26,1.0,222,82.68,4.99,28.64
Mozambique,1992,267030.0,45.3953559347898,17.9322467509346,327.12623979157,74.7658308401149,69.4,84.5313457793218,Other/Global,54.6046440652102,48.07,1281.74,45.69,52.4,320436.0,480654.0,35.57,0.59,880.7,-0.48,30,1.0,216,81.83,3.61,28.98
Mozambique,1993,267030.0,45.6738472494214,18.5725371957577,327.12623979157,73.8594046494412,69.4,84.1658493725147,Other/Global,54.3261527505786,48.07,1281.74,46.01,52.65,320436.0,480654.0,35.75,0.47,960.4,-0.73,27,1.0,184,81.37,5.09,31.8
Mozambique,1994,267030.0,45.952338564053,19.2128276405808,327.12623979157,73.0555604215801,69.4,84.1268272027305,Other/Global,54.047661435947,48.07,1281.74,46.25,52.85,320436.0,480654.0,35.93,0.34,819.3,-0.4,26,1.0,197,80.89,6.55,30.37
Mozambique,1995,267030.0,46.2308298786846,19.853118085404,327.12623979157,72.3729086939741,69.4,84.2141043886974,Other/Global,53.7691701213154,48.07,1281.74,46.58,53.1,320436.0,480654.0,36.1,0.39,787.3,-0.72,29,1.0,208,81.59,5.87,29.66
Mozambique,1996,267030.0,46.5093211933162,20.4934085302271,327.12623979157,71.8300600040658,69.4,83.9279609269741,Other/Global,53.4906788066838,48.07,1281.74,46.82,53.3,320436.0,480654.0,36.27,0.5,888.3,-0.1,27,1.0,255,85.49,6.62,30.26
Mozambique,1997,267030.0,46.7878125079478,21.1336989750502,327.12623979157,71.4476188302506,69.4,83.5087930101996,Other/Global,53.2121874920522,48.07,1281.74,47.14,53.55,320436.0,480654.0,36.43,0.56,724.5,-1.23,29,1.0,238,84.32,6.88,33.63
Mozambique,1998,267030.0,47.0663038225794,21.7739894198733,327.12623979157,71.1795493229699,69.4,83.0118562387091,Other/Global,52.9336961774206,48.07,1281.74,47.38,53.75,320436.0,480654.0,36.59,0.24,844.9,-0.44,24,1.0,240,82.9,8.37,32.32
Mozambique,1999,267030.0,47.344795137211,22.4142798646964,327.12623979157,70.9528844270914,69.4,82.3796922717425,Other/Global,52.655204862789,48.07,1281.74,47.7,53.99,320436.0,480654.0,36.75,0.22,887.6,0.12,25,1.0,237,82.17,8.24,32.45
Mozambique,2000,267030.0,47.6232864518426,23.0545703095196,327.12623979157,70.7576302688559,69.4,82.288010912362,Other/Global,52.3767135481574,48.07,1281.74,47.95,54.2,320436.0,480654.0,36.9,0.54,846.4,-0.2,27,1.0,225,81.84,7.99,32.26
Mozambique,2001,267030.0,47.9050662529565,23.673810625906,344.032199751678,70.5862902235761,69.4,81.5002759220266,Other/Global,52.0949337470434,48.07,1281.74,48.27,54.45,320436.0,480654.0,37.05,0.47,744.5,-1.1,26,1.0,220,82.61,8.16,34.07
Mozambique,2002,267030.0,48.1868460540705,24.2930509422925,360.938159711787,70.4313676665652,60.3,80.9019002537451,Other/Global,51.8131539459295,48.07,1281.74,48.51,54.65,320436.0,480654.0,37.19,0.44,995.5,0.02,27,1.0,261,81.72,9.81,30.01
Mozambique,2003,267030.0,48.4686258551845,24.912291258679,377.844119671896,70.2853659731361,60.3,80.4557961455718,Other/Global,51.5313741448155,48.07,1281.74,48.83,54.9,320436.0,480654.0,37.33,0.62,876.2,-0.49,29,1.0,274,81.64,9.61,34.1
Mozambique,2004,267030.0,48.7504056562984,25.5315315750655,394.750079632005,70.1407885186018,60.3,79.913462499306,Other/Global,51.2495943437015,48.07,1281.74,49.07,55.1,320436.0,480654.0,37.47,0.43,982.4,0.04,27,1.0,263,82.85,10.69,32.68
Mozambique,2005,267030.0,49.0321854574124,26.150771891452,411.656039592114,69.9901386782752,60.3,79.4926807747899,Other/Global,50.9678145425876,48.07,1281.74,49.4,55.35,320436.0,480654.0,37.6,0.69,847.2,-0.81,33,1.0,249,80.98,10.76,30.86
Mozambique,2006,267030.0,49.3139652585264,26.7700122078384,428.561999552223,69.8259198274693,60.3,78.800387906451,Other/Global,50.6860347414736,48.07,1281.74,49.64,55.55,320436.0,480654.0,37.74,0.75,797.6,-0.56,31,1.0,254,79.14,8.03,32.89
Mozambique,2007,267030.0,49.5957450596403,27.3892525242249,445.467959512332,69.6401868652878,60.3,78.1801451632095,Other/Global,50.4042549403596,48.07,1281.74,49.96,55.8,320436.0,480654.0,37.87,0.8,889.5,-1.24,30,1.0,274,81.35,11.88,32.58
Mozambique,2008,267030.0,49.8775248607543,28.0084928406114,462.373919472441,69.4374642304816,58.7,77.6604582984044,Other/Global,50.1224751392457,48.07,1281.74,50.2,56.0,320436.0,480654.0,38.0,0.63,850.7,-0.79,31,1.0,265,83.72,11.51,34.01
Mozambique,2009,267030.0,50.1593046618683,28.6277331569979,479.27987943255,69.2284407940841,58.7,77.1566903663094,Other/Global,49.8406953381317,48.07,1281.74,50.52,56.25,320436.0,480654.0,38.12,0.69,773.7,-0.84,31,1.0,268,79.96,11.99,35.33
Mozambique,2010,267030.0,50.4410844629823,29.2469734733844,496.185839392659,69.0138220177079,58.7,76.5212207673411,Other/Global,49.5589155370177,48.07,1281.74,50.77,56.46,320436.0,480654.0,38.25,0.58,985.5,-0.04,32,1.0,266,80.35,10.57,31.47
Mozambique,2011,267030.0,50.7175004450774,30.1494219079834,519.061426455445,68.7937769967206,58.7,75.7658768467162,Other/Global,49.2964114041557,48.07,1281.74,51.09,56.7,320436.0,480654.0,38.42,0.66,818.2,-0.39,30,1.0,267,81.01,12.17,37.38
Mozambique,2012,267030.0,50.9939164271726,31.0518703425824,541.937013518231,68.5684748264895,58.7,74.8823624182088,Other/Global,49.0339072712938,48.07,1281.74,51.33,56.9,320436.0,480654.0,38.6,0.58,720.7,-0.7,30,1.0,279,79.78,12.99,30.79
Mozambique,2013,267030.0,51.2703324092677,31.9543187771815,564.812600581017,68.3380846023821,58.7,74.0390460380286,Other/Global,48.7714031384318,48.07,1281.74,51.57,57.11,320436.0,480654.0,38.77,0.66,974.2,-0.37,28,1.0,260,83.44,12.3,32.88
Mozambique,2014,267030.0,51.5467483913629,32.8567672117805,587.688187643803,68.1027754197658,48.4,73.1010644031846,Other/Global,48.5088990055698,48.07,1281.74,51.81,57.31,320436.0,480654.0,38.93,0.66,827.6,-0.38,33,1.0,297,81.68,14.77,38.52
Mozambique,2015,267030.0,51.8231643734581,33.7592156463796,610.563774706589,67.8627163740082,48.4,72.1161985263635,Other/Global,48.2463948727078,48.07,1281.74,52.14,57.56,320436.0,480654.0,39.1,0.87,819.3,-1.18,34,1.0,263,79.36,14.69,31.81
Mozambique,2016,267030.0,52.0144032147307,34.8365868918334,580.937795061255,67.6180765604766,48.4,71.8186115418181,Other/Global,47.8500089015489,48.07,1281.74,52.54,57.81,320436.0,480654.0,39.29,0.95,726.7,-1.06,35,1.0,311,81.29,14.15,33.77
Mozambique,2017,267030.0,52.2056420560034,35.9139581372873,551.311815415921,67.3725588507325,48.4,71.9473675990191,Other/Global,47.5680968488517,48.07,1281.74,52.78,57.99,320436.0,480654.0,39.47,0.93,1007.2,0.16,35,1.0,290,81.35,16.29,33.57
Mozambique,2018,267030.0,52.3968808972761,36.9913293827411,521.685835770588,67.0097440926459,48.4,71.8528341063374,Other/Global,47.3361072255144,48.07,1281.74,53.02,58.17,320436.0,480654.0,39.65,0.99,764.8,-0.88,36,1.0,300,81.06,15.51,30.45
Mozambique,2019,267030.0,52.5881197385488,38.068700628195,492.059856125254,66.5822758482968,68.2,71.7705840243514,Other/Global,47.0079478114906,48.07,1281.74,53.34,58.39,320436.0,480654.0,39.83,0.89,872.6,-0.77,32,1.0,314,81.1,16.69,35.24
Mozambique,2020,267030.0,52.7793585798215,39.1460718736489,462.433876479921,66.0955993583715,68.2,73.1793099285632,Other/Global,46.7251964699,48.07,1281.74,53.67,58.61,320436.0,480654.0,40.0,0.97,941.0,-0.74,34,1.0,304,81.1,15.32,36.52
Namibia,1990,71650.0,46.9603663350703,1.66320858992579,2037.47589359778,73.1328345646071,69.3,45.3131045383077,Other/Global,10.6513743638329,12.9,343.92,80.5,68.6,85980.0,128970.0,25.16,0.27,925.1,-0.59,22,1.0,193,83.08,5.19,29.68
Namibia,1991,65130.0,46.9795576285391,1.71778765684024,2049.39589475071,72.9284226740391,69.3,45.3131045383077,Other/Global,10.5651245612117,11.72,312.62,79.85,68.16,78156.0,117234.0,25.15,0.55,887.4,-0.39,23,1.0,211,83.15,6.26,27.57
Namibia,1992,58610.0,46.998748922008,1.77236672375469,2061.31589590365,72.6756993166709,69.3,44.445327715728,Other/Global,10.4788747585905,10.55,281.33,79.21,67.71,70332.0,105498.0,25.13,0.31,756.8,-1.06,22,1.0,244,80.9,6.52,24.76
Namibia,1993,52090.0,47.0179402154769,1.82694579066914,2073.23589705658,72.3192012106071,69.3,44.2209271822937,Other/Global,10.3926249559693,9.38,250.03,78.4,67.16,62508.0,93762.0,25.1,0.55,829.0,-0.91,23,1.0,226,82.77,6.76,27.29
Namibia,1994,45570.0,47.0371315089458,1.8815248575836,2085.15589820952,71.8656351606553,69.3,43.6705994219725,Other/Global,10.3063751533482,8.2,218.74,77.52,66.56,54684.0,82026.0,25.05,0.53,909.6,-0.75,20,1.0,206,82.91,7.33,26.84
Namibia,1995,39050.0,47.0563228024147,1.93610392449805,2097.07589936246,71.3288813868281,69.3,41.0273091723854,Other/Global,10.220125350727,7.03,187.44,76.47,65.84,46860.0,70290.0,24.98,0.46,832.3,-0.73,22,1.0,216,81.95,7.94,29.12
Namibia,1996,32530.0,47.0755140958835,1.9906829914125,2108.99590051539,70.7228201091386,69.3,38.307250657404,Other/Global,10.1338755481058,5.86,156.14,75.26,65.01,39036.0,58554.0,24.87,0.56,912.4,-0.42,24,1.0,218,84.73,5.25,27.43
Namibia,1997,26010.0,47.0947053893524,2.04526205832696,2120.91590166833,70.0613315475994,69.3,35.5025456670756,Other/Global,10.0476257454846,4.68,124.85,73.65,63.92,31212.0,46818.0,24.73,0.42,951.4,-0.08,19,1.0,213,82.58,7.14,29.33
Namibia,1998,19490.0,47.1138966828213,2.09984112524141,2132.83590282126,69.3582959222234,69.3,33.1454675889603,Other/Global,9.96137594286339,3.51,93.55,71.64,62.56,23388.0,35082.0,24.51,0.4,974.7,-0.25,19,1.0,241,83.28,6.47,24.63
Namibia,1999,12970.0,47.1330879762902,2.15442019215586,2144.7559039742,68.6275934530235,69.3,30.7439882449994,Other/Global,9.8751261402422,2.33,62.26,68.82,60.63,15564.0,23346.0,24.18,0.37,800.3,-0.31,21,1.0,230,82.13,6.86,29.7
Namibia,2000,6450.0,47.1522792697591,2.20899925907032,2156.67590512714,67.8831043600123,69.3,28.3917736085926,Other/Global,9.78887633762101,1.16,30.96,63.74,57.21,7740.0,11610.0,23.56,0.49,1075.0,0.13,22,1.0,243,82.3,8.21,29.42
Namibia,2001,6127.0,47.1509431670492,2.24436516901699,2482.82994798024,67.1424941574281,69.3,28.2890918402185,Other/Global,9.70262556328876,1.1,29.41,63.42,56.98,7352.4,11028.6,23.54,0.53,960.7,-0.46,22,1.0,203,83.07,8.71,26.19
Namibia,2002,5804.0,47.1496070643393,2.27973107896367,2808.98399083334,66.3540698543972,69.3,27.962422766842,Other/Global,9.6163747889565,1.04,27.86,63.09,56.75,6964.8,10447.2,23.52,0.46,899.2,-0.3,21,1.0,256,81.0,10.57,26.94
Namibia,2003,5481.0,47.1482709616295,2.31509698891035,3135.13803368644,65.4539936280367,37.7,27.5655068772496,Other/Global,9.53012401462425,0.99,26.31,62.77,56.51,6577.2,9865.8,23.5,0.47,986.5,0.5,20,1.0,240,83.56,8.96,27.73
Namibia,2004,5158.0,47.1469348589196,2.35046289885702,3461.29207653954,64.4643523329967,37.7,27.0602799201823,Other/Global,9.443873240292,0.93,24.76,62.37,56.23,6189.6,9284.4,23.47,0.63,1088.6,0.23,22,1.0,238,81.19,10.48,30.54
Namibia,2005,4835.0,47.1455987562098,2.3858288088037,3787.44611939264,63.4129985446936,37.7,27.4934093199969,Other/Global,9.35762246595975,0.87,23.21,61.97,55.95,5802.0,8703.0,23.44,0.63,784.3,-1.0,23,1.0,236,83.72,12.05,27.79
Namibia,2006,4512.0,47.1442626534999,2.42119471875038,4113.60016224574,62.3277848385436,37.7,27.478085975024,Other/Global,9.2713716916275,0.81,21.66,61.48,55.62,5414.4,8121.6,23.4,0.72,881.4,-1.1,24,1.0,246,82.34,11.07,29.04
Namibia,2007,4189.0,47.14292655079,2.45656062869705,4439.75420509883,61.236563789963,37.7,27.5484493109777,Other/Global,9.18512091729524,0.75,20.11,61.0,55.28,5026.8,7540.2,23.35,0.82,709.2,-1.36,27,1.0,257,85.14,13.19,28.37
Namibia,2008,3866.0,47.1415904480802,2.49192653864373,4765.90824795194,60.1671879743682,37.7,27.8265892871426,Other/Global,9.09887014296299,0.7,18.56,60.52,54.94,4639.2,6958.8,23.3,0.67,914.9,-0.42,23,1.0,280,83.84,10.55,30.19
Namibia,2009,3543.0,47.1402543453703,2.52729244859041,5092.06229080503,59.1475099671754,28.7,28.4349421198182,Other/Global,9.01261936863074,0.64,17.01,59.95,54.54,4251.6,6377.4,23.24,0.68,928.8,-0.56,24,1.0,264,83.85,11.8,28.71
Namibia,2010,3220.0,47.1389182426605,2.56265835853709,5418.21633365814,58.2053823438009,28.7,28.6843582598344,Other/Global,8.92636859429849,0.58,15.46,59.31,54.1,3864.0,5796.0,23.18,0.66,896.5,-1.04,22,1.0,288,82.84,14.15,25.89
Namibia,2011,3222.0,47.1391611704259,2.62691008028762,5289.39436865806,57.3723924378465,28.7,27.9958690877516,Other/Global,8.84011952046059,0.58,15.47,59.31,54.1,3866.4,5799.6,23.23,0.71,847.3,-1.0,26,1.0,282,83.88,12.73,27.86
Namibia,2012,3224.0,47.1394040981913,2.69116180203816,5160.57240365798,56.6195920814306,28.7,27.367847198652,Other/Global,8.7538704466227,0.58,15.48,59.39,54.14,3868.8,5803.2,23.28,0.47,735.7,-0.49,20,1.0,308,83.58,13.44,30.39
Namibia,2013,3226.0,47.1396470259568,2.7554135237887,5031.7504386579,55.8893230920868,28.7,31.392291152122,Other/Global,8.6676213727848,0.58,15.48,59.47,54.18,3871.2,5806.8,23.33,0.64,929.5,0.02,25,1.0,277,80.34,15.33,29.04
Namibia,2014,3228.0,47.1398899537222,2.81966524553924,4902.92847365782,55.1785751789441,28.7,29.3209753440785,Other/Global,8.58137229894691,0.58,15.49,59.55,54.22,3873.6,5810.4,23.38,0.76,1016.0,-0.49,25,1.0,294,81.62,14.89,25.95
Namibia,2015,3230.0,47.1401328814877,2.88391696728978,4774.10650865775,54.4896445554675,17.4,24.4087539223052,Other/Global,8.49512322510901,0.58,15.5,59.55,54.23,3876.0,5814.0,23.42,0.91,852.3,-0.69,28,1.0,310,81.55,13.4,31.95
Namibia,2016,3228.0,47.1403758092531,2.97002562887925,4595.00317291413,53.8248274351216,17.4,20.0712772884513,Other/Global,8.40887172199347,0.58,15.49,59.63,54.27,3873.6,5810.4,23.49,0.84,934.8,-0.91,28,1.0,304,81.73,15.56,27.19
Namibia,2017,3226.0,47.1406187370185,3.05613429046873,4415.89983717051,53.1864200313712,17.4,21.3871873284294,Other/Global,8.32262021887792,0.58,15.48,59.71,54.3,3871.2,5806.8,23.55,0.79,774.2,-0.63,28,1.0,296,82.36,14.86,30.27
Namibia,2018,3224.0,47.1408616647839,3.1422429520582,4236.79650142689,52.5767185576811,17.4,22.5906155608791,Other/Global,8.23636871576237,0.58,15.48,59.71,54.3,3868.8,5803.2,23.6,1.03,936.2,-0.63,29,1.0,294,83.28,15.38,31.25
Namibia,2019,3222.0,47.1411045925493,3.22835161364768,4057.69316568327,51.9980192275161,17.4,22.8546922006225,Other/Global,8.15011721264682,0.58,15.47,59.79,54.34,3866.4,5799.6,23.66,0.95,868.1,-0.58,27,1.0,276,84.07,16.05,30.55
Namibia,2020,3220.0,47.1413475203148,3.31446027523716,3878.58982993966,51.452618254341,17.4,23.592595082635,Other/Global,8.06386570953127,0.58,15.46,59.87,54.38,3864.0,5796.0,23.72,0.9,838.6,-1.44,26,1.0,305,83.39,16.02,26.68
Nauru,1990,0.0,20.0,481.1,5775.55347423089,39.0452192448637,23.1,18.5778506151342,Other/Global,28.6435234422283,0.0,0.0,0.0,6.0,0.0,0.0,15.0,0.22,839.2,-0.18,16,1.0,190,90.94,5.76,38.21
Nauru,1991,0.0,20.0,483.83,5462.85827966873,39.0452192448637,23.1,18.5778506151342,Other/Global,28.6435234422283,0.0,0.0,0.0,6.0,0.0,0.0,15.0,0.33,868.5,-0.37,19,1.0,199,88.18,5.0,36.65
Nauru,1992,0.0,20.0,486.56,5150.16308510658,39.0452192448637,23.1,18.5778506151342,Other/Global,28.6435234422283,0.0,0.0,0.0,6.0,0.0,0.0,15.0,0.35,930.6,0.08,19,1.0,211,88.85,6.28,33.67
Nauru,1993,0.0,20.0,489.29,4837.46789054443,39.0452192448637,23.1,18.5778506151342,Other/Global,28.6435234422283,0.0,0.0,0.0,6.0,0.0,0.0,15.0,0.26,795.0,-0.28,16,1.0,191,89.14,6.97,36.28
Nauru,1994,0.0,20.0,492.02,4524.77269598228,39.0452192448637,23.1,18.5778506151342,Other/Global,28.6435234422283,0.0,0.0,0.0,6.0,0.0,0.0,15.0,0.52,868.2,-0.5,19,1.0,203,88.65,6.65,34.59
Nauru,1995,0.0,20.0,494.75,4212.07750142013,39.0452192448637,23.1,18.5778506151342,Other/Global,28.6435234422283,0.0,0.0,0.0,6.0,0.0,0.0,15.0,0.54,896.7,-0.62,21,1.0,227,88.1,7.09,37.51
Nauru,1996,0.0,20.0,497.48,3899.38230685798,39.0452192448637,23.1,18.5778506151342,Other/Global,28.6435234422283,0.0,0.0,0.0,6.0,0.0,0.0,15.0,0.47,812.1,-0.44,19,1.0,206,89.92,7.44,38.44
Nauru,1997,0.0,20.0,500.21,3586.68711229583,39.0452192448637,23.1,18.5778506151342,Other/Global,28.6435234422283,0.0,0.0,0.0,6.0,0.0,0.0,15.0,0.3,1043.7,0.22,21,1.0,228,88.61,7.8,39.26
Nauru,1998,0.0,20.0,502.94,3273.99191773368,39.0452192448637,23.1,18.5778506151342,Other/Global,28.6435234422283,0.0,0.0,0.0,6.0,0.0,0.0,15.0,0.35,831.7,-0.77,20,1.0,211,90.42,7.95,36.99
Nauru,1999,0.0,20.0,505.669999999999,2961.29672317153,39.0452192448637,23.1,18.5778506151342,Other/Global,28.6435234422283,0.0,0.0,0.0,6.0,0.0,0.0,15.0,0.37,846.4,-0.75,20,1.0,243,87.98,8.24,35.44
Nauru,2000,0.0,20.0,508.4,2648.60152860938,39.0452192448637,23.1,18.5778506151342,Other/Global,28.6435234422283,0.0,0.0,0.0,6.0,0.0,0.0,15.0,0.44,821.7,-1.06,24,1.0,249,90.49,8.6,35.01
Nauru,2001,0.0,20.0,507.775,2857.33337625053,39.0452192448637,23.1,18.5778506151342,Other/Global,28.6435234422283,0.0,0.0,0.0,6.0,0.0,0.0,15.0,0.49,1043.9,-0.07,23,1.0,261,89.71,9.26,38.74
Nauru,2002,0.0,20.0,507.15,3066.06522389168,39.0452192448637,23.1,18.5778506151342,Other/Global,28.6435234422283,0.0,0.0,0.0,6.0,0.0,0.0,15.0,0.45,944.2,0.12,21,1.0,264,89.71,9.17,39.3
Nauru,2003,0.0,20.0,506.525,3274.79707153284,39.0452192448637,23.1,18.5778506151342,Other/Global,28.6435234422283,0.0,0.0,0.0,6.0,0.0,0.0,15.0,0.58,825.1,-0.66,26,1.0,253,89.74,9.81,38.42
Nauru,2004,0.0,20.0,505.9,3483.52891917399,39.0452192448637,23.1,18.5778506151342,Other/Global,28.6435234422283,0.0,0.0,0.0,6.0,0.0,0.0,15.0,0.68,988.5,-0.41,25,1.0,226,89.35,11.14,35.58
Nauru,2005,0.0,20.0,505.275,3692.26076681515,39.0452192448637,23.1,18.5778506151342,Other/Global,28.6435234422283,0.0,0.0,0.0,6.0,0.0,0.0,15.0,0.81,916.1,-0.35,24,1.0,256,89.37,12.36,35.98
Nauru,2006,0.0,20.0,504.65,3900.9926144563,39.0452192448637,23.1,18.5778506151342,Other/Global,28.6435234422283,0.0,0.0,0.0,6.0,0.0,0.0,15.0,0.78,920.6,-0.81,27,1.0,267,89.13,13.13,36.08
Nauru,2007,0.0,20.0,504.025,4109.72446209745,39.0452192448637,23.1,18.5778506151342,Other/Global,28.6435234422283,0.0,0.0,0.0,6.0,0.0,0.0,15.0,0.79,872.4,-0.7,31,1.0,265,89.81,11.68,34.19
Nauru,2008,0.0,20.0,503.4,4318.45630973861,39.0452192448637,23.1,18.5778506151342,Other/Global,28.6435234422283,0.0,0.0,0.0,6.0,0.0,0.0,15.0,0.71,840.0,-0.82,23,1.0,292,90.11,11.16,38.17
Nauru,2009,0.0,20.0,502.775,4527.18815737976,39.0452192448637,23.1,18.5778506151342,Other/Global,28.6435234422283,0.0,0.0,0.0,6.0,0.0,0.0,15.0,0.79,927.0,-0.31,25,1.0,290,88.91,12.2,36.85
Nauru,2010,0.0,20.0,502.15,4735.92000502092,39.0452192448637,23.1,18.5778506151342,Other/Global,28.6435234422283,0.0,0.0,0.0,6.0,0.0,0.0,15.0,0.69,856.4,-1.17,25,1.0,274,91.12,12.93,39.97
Nauru,2011,0.0,20.0,511.26,5338.18717400395,39.0452192448637,23.1,18.5778506151342,Other/Global,28.6435234422283,0.0,0.0,0.0,6.0,0.0,0.0,15.0,0.58,1045.3,-0.23,24,1.0,288,89.01,14.15,35.61
Nauru,2012,0.0,20.0,520.37,5940.45434298698,39.0452192448637,23.1,18.5778506151342,Other/Global,28.6435234422283,0.0,0.0,0.0,6.0,0.0,0.0,15.0,0.77,798.5,-1.45,23,1.0,259,88.61,13.18,37.72
Nauru,2013,0.0,20.0,529.48,6542.72151197001,39.0452192448637,23.1,18.5778506151342,Other/Global,28.6435234422283,0.0,0.0,0.0,6.0,0.0,0.0,15.0,0.74,1022.9,-0.26,22,1.0,287,89.27,14.12,35.98
Nauru,2014,0.0,20.0,538.59,7144.98868095304,39.0452192448637,23.1,18.5778506151342,Other/Global,28.6435234422283,0.0,0.0,0.0,6.0,0.0,0.0,15.0,0.71,891.1,-0.23,24,1.0,269,88.53,13.88,38.16
Nauru,2015,0.0,20.0,547.7,7747.25584993607,39.0452192448637,23.1,18.5778506151342,Other/Global,28.6435234422283,0.0,0.0,0.0,6.0,0.0,0.0,15.0,0.78,923.9,-0.7,24,1.0,289,90.01,16.5,40.96
Nauru,2016,0.0,20.0,554.59,8339.61844205645,39.0452192448637,23.1,18.5778506151342,Other/Global,28.6435234422283,0.0,0.0,0.0,6.0,0.0,0.0,15.0,0.91,966.7,-0.66,30,1.0,285,89.28,16.07,39.84
Nauru,2017,0.0,20.0,561.48,8931.98103417684,39.0452192448637,23.1,18.5778506151342,Other/Global,28.6435234422283,0.0,0.0,0.0,6.0,0.0,0.0,15.0,0.98,849.6,-0.69,27,1.0,288,90.33,15.82,38.14
Nauru,2018,0.0,20.0,568.37,9524.34362629722,39.0452192448637,23.1,18.5778506151342,Other/Global,28.6435234422283,0.0,0.0,0.0,6.0,0.0,0.0,15.0,1.0,969.1,-0.25,28,1.0,290,89.38,16.62,37.42
Nauru,2019,0.0,20.0,575.26,10116.7062184176,39.0452192448637,23.1,18.5778506151342,Other/Global,28.6435234422283,0.0,0.0,0.0,6.0,0.0,0.0,15.0,1.03,683.4,-1.57,29,1.0,299,89.34,15.96,40.09
Nauru,2020,0.0,20.0,582.15,10709.068810538,39.0452192448637,23.1,18.5778506151342,Other/Global,28.6435234422283,0.0,0.0,0.0,6.0,0.0,0.0,15.0,1.13,842.4,-0.89,31,1.0,300,88.96,17.87,41.52
Netherlands,1990,1140.0,59.7748815165877,442.876481042654,21322.1944802703,31.0126133876142,12.7,4.28979252607414,Other/Global,10.2289691943128,0.21,5.47,50.93,52.38,1368.0,2052.0,40.84,0.36,825.9,-0.86,21,1.0,213,80.5,8.01,59.66
Netherlands,1991,1286.0,59.6018957345971,445.761561018957,21812.4920095847,30.792724895501,12.7,4.28979252607414,Other/Global,10.270941943128,0.23,6.17,51.73,52.88,1543.2,2314.8,41.32,0.36,799.6,-0.21,18,1.0,203,79.26,6.73,56.57
Netherlands,1992,1432.0,59.4289099526066,448.64664099526,22302.7895388992,30.6912571477934,12.7,4.18179055744514,Other/Global,10.3129146919431,0.26,6.87,52.54,53.37,1718.4,2577.6,41.76,0.47,882.6,0.21,20,1.0,210,79.91,8.02,56.56
Netherlands,1993,1578.0,59.2559241706161,451.531720971563,22793.0870682136,30.2413256512688,12.7,4.07403793957861,Other/Global,10.3548874407583,0.28,7.57,53.18,53.76,1893.6,2840.4,42.16,0.35,930.7,-0.02,24,1.0,219,80.89,8.82,62.39
Netherlands,1994,1724.0,59.0829383886256,454.416800947867,23283.3845975281,29.5899427934044,12.7,3.98577265726826,Other/Global,10.3968601895735,0.31,8.28,53.83,54.15,2068.8,3103.2,42.53,0.48,956.0,-0.82,21,1.0,222,79.57,9.28,58.14
Netherlands,1995,1870.0,58.9099526066351,457.30188092417,23773.6821268426,29.3063725851018,12.7,3.82889661578432,Other/Global,10.4388329383886,0.34,8.98,54.39,54.48,2244.0,3366.0,42.87,0.58,919.0,-0.57,23,1.0,205,79.6,9.56,60.13
Netherlands,1996,2016.0,58.7369668246445,460.186960900473,24263.979656157,27.576669414568,12.7,3.78049069402151,Other/Global,10.4808056872038,0.36,9.68,54.88,54.77,2419.2,3628.8,43.19,0.4,846.5,-0.31,20,1.0,221,79.49,10.52,55.74
Netherlands,1997,2162.0,58.563981042654,463.072040876777,24754.2771854715,24.4457625768241,12.7,3.70561838479338,Other/Global,10.522778436019,0.39,10.38,55.36,55.05,2594.4,3891.6,43.5,0.32,929.3,-0.28,18,1.0,232,80.04,11.99,58.95
Netherlands,1998,2308.0,58.3909952606635,465.95712085308,25244.5747147859,23.24768122667,12.7,3.48961644844668,Other/Global,10.5647511848341,0.42,11.08,55.84,55.32,2769.6,4154.4,43.79,0.32,909.7,0.16,18,1.0,218,80.82,11.71,59.83
Netherlands,1999,2454.0,58.218009478673,468.842200829383,25734.8722441004,22.93925687814,12.7,3.21088614756977,Other/Global,10.6067239336493,0.44,11.78,56.24,55.54,2944.8,4417.2,44.06,0.28,974.6,0.2,17,1.0,220,80.83,12.72,58.51
Netherlands,2000,2600.0,58.0450236966825,471.727280805687,26225.1697734149,21.5173171572919,12.7,3.28289746129152,Other/Global,10.6486966824645,0.47,12.48,56.65,55.77,3120.0,4680.0,44.32,0.33,961.8,-0.27,17,1.0,221,80.53,12.53,54.95
Netherlands,2001,2792.0,57.7913662721669,473.814540866239,28733.2261814131,19.8159421347879,12.7,3.12209090477473,Other/Global,10.6901066350711,0.5,13.4,57.13,56.03,3350.4,5025.6,44.62,0.41,902.1,-0.31,22,1.0,245,81.45,12.73,56.57
Netherlands,2002,2984.0,57.5377088476513,475.901800926791,31241.2825894113,19.1914724773831,12.7,2.93636517584597,Other/Global,10.7315165876777,0.54,14.32,57.53,56.23,3580.8,5371.2,44.9,0.39,827.9,-0.82,23,1.0,241,80.16,13.6,59.07
Netherlands,2003,3176.0,57.2840514231357,477.989060987342,33749.3389974096,18.6988691121418,12.7,3.04062987792843,Other/Global,10.7729265402844,0.57,15.24,57.94,56.44,3811.2,5716.8,45.16,0.58,847.4,-0.69,23,1.0,247,81.81,15.14,55.1
Netherlands,2004,3368.0,57.0303939986202,480.076321047894,36257.3954054078,17.749046860241,12.7,3.31299947157566,Other/Global,10.814336492891,0.61,16.17,58.34,56.64,4041.6,6062.4,45.42,0.72,855.6,-0.89,28,1.0,226,81.45,15.69,63.31
Netherlands,2005,3560.0,56.7767365741046,482.163581108447,38765.4518134061,16.4951050274839,12.7,3.70135014514891,Other/Global,10.8557464454976,0.64,17.09,58.74,56.84,4272.0,6408.0,45.66,0.62,874.4,-0.23,22,1.0,257,79.47,17.08,60.48
Netherlands,2006,3752.0,56.523079149589,484.250841168999,41273.5082214043,15.3467719641455,12.7,3.33925595069523,Other/Global,10.8971563981043,0.68,18.01,59.07,56.99,4502.4,6753.6,45.89,0.84,921.0,0.03,26,1.0,262,81.26,16.78,55.14
Netherlands,2007,3944.0,56.2694217250735,486.338101229551,43781.5646294025,14.5910768500274,12.7,3.21492179285906,Other/Global,10.9385663507109,0.71,18.93,59.39,57.14,4732.8,7099.2,46.11,0.76,956.7,-0.85,24,1.0,267,78.15,16.41,58.63
Netherlands,2008,4136.0,56.0157643005579,488.425361290102,46289.6210374008,14.3850417535513,12.7,2.72054308540874,Other/Global,10.9799763033175,0.74,19.85,59.71,57.28,4963.2,7444.8,46.32,0.79,895.4,-1.22,26,1.0,288,81.89,18.13,58.21
Netherlands,2009,4328.0,55.7621068760423,490.512621350654,48797.677445399,13.7776820367329,12.7,3.00246569064987,Other/Global,11.0311888526534,0.78,20.77,60.03,57.43,5193.6,7790.4,46.52,0.63,900.8,-0.57,25,1.0,259,80.42,17.85,60.19
Netherlands,2010,4520.0,55.5084494515268,492.599881411207,51305.7338533973,12.6497209752871,12.7,2.76984071824323,Other/Global,11.0726356359324,0.81,21.7,60.27,57.52,5424.0,8136.0,46.72,0.72,910.9,-1.0,25,1.0,281,79.64,19.69,52.98
Netherlands,2011,4054.0,55.3720105264724,494.703148372208,50203.3497914117,11.9940795027427,12.7,2.72606251910729,Other/Global,11.0246144721234,0.73,19.46,59.55,56.99,4864.8,7297.2,46.34,0.56,858.2,-0.57,22,1.0,282,78.51,19.07,58.33
Netherlands,2012,3588.0,55.235571601418,496.80641533321,49100.9657294262,11.4657537608667,12.7,2.65715615246898,Other/Global,10.9733096085409,0.65,17.22,58.74,56.38,4305.6,6458.4,45.92,0.73,825.5,-0.61,25,1.0,288,80.48,20.15,55.6
Netherlands,2013,3122.0,55.0991326763635,498.909682294212,47998.5816674407,10.8250007629395,12.7,2.18670322673616,Other/Global,10.9317304838231,0.56,14.99,57.78,55.69,3746.4,5619.6,45.42,0.7,759.2,-0.58,26,1.0,280,82.13,20.56,58.91
Netherlands,2014,2656.0,54.9626937513091,501.012949255214,46896.1976054552,10.1635212902835,12.7,2.29610722801036,Other/Global,10.8803799346987,0.48,12.75,56.65,54.87,3187.2,4780.8,44.84,0.79,844.1,-0.76,27,1.0,299,81.0,20.56,55.87
Netherlands,2015,2190.0,54.8262548262548,503.116216216216,45793.8135434697,9.7212262785379,12.7,2.23642780577583,Other/Global,10.8354618354618,0.39,10.51,55.28,53.9,2628.0,3942.0,44.14,0.72,937.6,-0.51,25,1.0,280,80.27,20.65,60.81
Netherlands,2016,2846.0,54.6388476388476,506.095586575586,47328.6363830505,9.4196760547223,13.2,2.19257165723739,Other/Global,10.8630828630829,0.51,13.66,57.13,55.1,3415.2,5122.8,45.18,0.81,843.4,-1.43,24,1.0,288,80.56,21.17,58.73
Netherlands,2017,3502.0,54.4514404514404,509.074956934956,48863.4592226313,8.8780299323398,13.3,2.22472155518779,Other/Global,10.8910008910009,0.63,16.81,58.58,56.04,4202.4,6303.6,46.01,0.99,880.6,-0.85,29,1.0,295,82.43,23.0,54.55
Netherlands,2018,4158.0,54.2640332640332,512.054327294327,50398.2820622121,7.39375275989561,13.2,2.05594941559686,Other/Global,10.9186219186219,0.75,19.96,59.79,56.81,4989.6,7484.4,46.71,0.91,936.8,-0.58,25,1.0,298,81.72,22.93,53.09
Netherlands,2019,4814.0,54.076626076626,515.033697653697,51933.1049017929,6.1101971143521,13.4,2.0101474461133,Other/Global,10.9465399465399,0.87,23.11,60.84,57.46,5776.8,8665.2,47.32,1.04,941.1,-0.5,33,1.0,311,80.88,22.09,59.23
Netherlands,2020,5470.0,53.8892188892189,518.013068013068,53467.9277413737,5.7467722234065,14.4,2.05038103102265,Other/Global,10.974160974161,0.98,26.26,61.72,58.01,6564.0,9846.0,47.85,0.89,813.0,-1.21,29,1.0,313,82.1,24.03,56.89
New Caledonia,1990,240.0,13.4026258205689,12.2044857768053,15329.7297200058,40.3976068899117,23.1,7.84374228585534,Other/Global,45.4666301969365,0.04,1.15,24.09,23.06,288.0,432.0,23.2,0.34,979.7,-0.14,20,1.0,208,92.05,8.01,9.8
New Caledonia,1991,240.0,13.4026258205689,12.2044857768053,15329.7297200058,40.2774280049622,23.1,7.84374228585534,Other/Global,45.5033916849015,0.04,1.15,24.09,23.06,288.0,432.0,23.2,0.24,990.2,-0.33,22,1.0,227,90.03,6.81,7.33
New Caledonia,1992,240.0,13.4026258205689,12.2044857768053,15329.7297200058,40.1599778928987,23.1,7.71399436146602,Other/Global,45.5401531728665,0.04,1.15,24.09,23.06,288.0,432.0,23.2,0.44,809.6,-1.34,22,1.0,208,90.68,7.25,11.06
New Caledonia,1993,240.0,13.4026258205689,12.2044857768053,15329.7297200058,40.0373352868995,23.1,7.56891065227183,Other/Global,45.5769146608315,0.04,1.15,24.01,23.02,288.0,432.0,23.2,0.49,834.1,-0.94,25,1.0,230,92.8,8.44,10.67
New Caledonia,1994,240.0,13.4026258205689,12.2044857768053,15329.7297200058,39.9015789201428,23.1,7.44369369369369,Other/Global,45.6136761487965,0.04,1.15,24.01,23.02,288.0,432.0,23.2,0.39,995.3,-0.47,21,1.0,202,91.91,7.64,9.52
New Caledonia,1995,240.0,13.4026258205689,12.2044857768053,15329.7297200058,39.744787525807,23.1,7.30095400941796,Other/Global,45.6504376367615,0.04,1.15,24.01,23.02,288.0,432.0,23.2,0.49,888.2,-0.33,21,1.0,219,93.23,7.75,6.86
New Caledonia,1996,240.0,13.4026258205689,12.2044857768053,15329.7297200058,39.5580358452297,23.1,7.21596522426398,Other/Global,45.6871991247265,0.04,1.15,24.01,23.02,288.0,432.0,23.2,0.44,722.4,-1.1,19,1.0,224,91.82,7.83,7.48
New Caledonia,1997,240.0,13.4026258205689,12.2044857768053,15329.7297200058,39.3297956850235,23.1,6.71303992021073,Other/Global,45.7239606126915,0.04,1.15,24.01,23.02,288.0,432.0,23.2,0.35,788.0,-0.81,19,1.0,209,90.25,10.0,8.14
New Caledonia,1998,240.0,13.4026258205689,12.2044857768053,15329.7297200058,39.0562041434452,23.1,6.30042595840642,Other/Global,45.7607221006565,0.04,1.15,23.93,22.98,288.0,432.0,23.2,0.29,880.0,-0.59,17,1.0,232,91.07,10.54,6.55
New Caledonia,1999,240.0,13.4026258205689,12.2044857768053,15329.7297200058,38.7416197930023,23.1,5.88737721920566,Other/Global,45.7974835886214,0.04,1.15,23.93,22.98,288.0,432.0,23.2,0.21,806.9,-1.45,18,1.0,237,92.04,9.75,9.98
New Caledonia,2000,240.0,13.4026258205689,12.2044857768053,15329.7297200058,38.3896712914523,23.1,5.48802245640745,Other/Global,45.8342450765864,0.04,1.15,23.93,22.98,288.0,432.0,23.2,0.42,866.9,0.01,20,1.0,248,91.09,9.68,8.0
New Caledonia,2001,247.0,13.1487964989058,12.415010940919,17376.6475955835,38.0039872965531,23.1,5.10654058496047,Other/Global,45.8406455142232,0.04,1.19,24.09,23.02,296.4,444.6,23.28,0.32,902.6,-0.55,19,1.0,249,91.24,11.98,8.15
New Caledonia,2002,254.0,12.8949671772428,12.6255361050328,19423.5654711612,37.5881964660622,23.1,4.72940194275528,Other/Global,45.84704595186,0.05,1.22,24.17,23.02,304.8,457.2,23.36,0.51,1016.9,-0.14,22,1.0,227,93.67,11.87,7.33
New Caledonia,2003,261.0,12.6411378555798,12.8360612691466,21470.4833467389,37.1459274577375,23.1,4.36845747426927,Other/Global,45.8534463894967,0.05,1.25,24.34,23.07,313.2,469.8,23.43,0.56,876.7,-0.96,21,1.0,267,91.01,11.06,8.19
New Caledonia,2004,268.0,12.3873085339168,13.0465864332604,23517.4012223166,36.6882499206639,23.1,4.03285394557896,Other/Global,45.8598468271335,0.05,1.29,24.42,23.06,321.6,482.4,23.51,0.7,985.8,0.02,25,1.0,246,91.74,13.65,8.44
New Caledonia,2005,275.0,12.1334792122538,13.2571115973742,25564.3190978943,36.081608959856,23.1,3.70807648103646,Other/Global,45.8662472647702,0.05,1.32,24.5,23.06,330.0,495.0,23.58,0.67,1014.3,-0.11,27,1.0,247,91.73,14.27,6.85
New Caledonia,2006,282.0,11.8796498905907,13.4676367614879,27611.236973472,35.2491974188916,23.1,3.39482266612311,Other/Global,45.872647702407,0.05,1.35,24.66,23.1,338.4,507.6,23.65,0.69,1014.7,-0.42,22,1.0,267,92.58,15.83,7.33
New Caledonia,2007,289.0,11.6258205689277,13.6781619256017,29658.1548490497,34.3795197826671,23.1,3.12074364964955,Other/Global,45.8790481400438,0.05,1.39,24.74,23.09,346.8,520.2,23.72,0.78,922.7,-0.67,28,1.0,276,91.86,16.08,6.73
New Caledonia,2008,296.0,11.3719912472647,13.8886870897155,31705.0727246274,33.6742490225842,23.1,2.84918865775667,Other/Global,45.8854485776805,0.05,1.42,24.82,23.09,355.2,532.8,23.79,0.73,742.9,-0.6,29,1.0,260,91.76,16.81,6.59
New Caledonia,2009,303.0,11.1181619256017,14.0992122538293,33751.9906002051,33.3368140413068,23.1,2.61894784960573,Other/Global,45.8918490153173,0.05,1.45,24.9,23.08,363.6,545.4,23.86,0.71,936.8,-0.47,23,1.0,270,94.09,16.08,7.42
New Caledonia,2010,310.0,10.8643326039387,14.3097374179431,35798.9084757829,33.296163781993,23.1,2.39590710851008,Other/Global,45.8982494529541,0.06,1.49,25.06,23.11,372.0,558.0,23.93,0.69,983.8,-0.33,24,1.0,287,91.61,16.39,5.0
New Caledonia,2011,310.0,10.8643326039387,14.3097374179431,35798.9084757829,33.273790877787,23.1,2.18951510073227,Other/Global,45.8927789934354,0.06,1.49,25.06,23.11,372.0,558.0,23.93,0.52,893.5,-0.72,20,1.0,263,92.61,18.26,10.04
New Caledonia,2012,310.0,10.8643326039387,14.3097374179431,35798.9084757829,33.2582940085552,23.1,2.00913975615416,Other/Global,45.8873085339169,0.06,1.49,25.06,23.11,372.0,558.0,23.93,0.71,1039.5,-0.67,23,1.0,239,90.19,18.24,8.76
New Caledonia,2013,310.0,10.8643326039387,14.3097374179431,35798.9084757829,33.2415872135075,23.1,1.84618621409098,Other/Global,45.8818380743983,0.06,1.49,25.06,23.11,372.0,558.0,23.93,0.74,968.7,-0.41,24,1.0,292,91.74,19.13,7.56
New Caledonia,2014,310.0,10.8643326039387,14.3097374179431,35798.9084757829,33.2153612927231,23.1,1.70244007773699,Other/Global,45.8763676148797,0.06,1.49,25.06,23.11,372.0,558.0,23.93,0.66,945.4,-0.28,24,1.0,301,91.62,19.09,8.91
New Caledonia,2015,310.0,10.8643326039387,14.3097374179431,35798.9084757829,33.1721954452197,23.1,1.56235213145782,Other/Global,45.8708971553611,0.06,1.49,25.06,23.11,372.0,558.0,23.93,0.79,986.9,-0.01,26,1.0,267,91.65,20.53,5.0
New Caledonia,2016,310.0,10.8643326039387,14.3097374179431,35798.9084757829,33.1097945341594,23.1,1.44406200667685,Other/Global,45.8654266958425,0.06,1.49,25.06,23.11,372.0,558.0,23.93,0.88,926.6,-1.29,28,1.0,294,89.67,19.4,5.0
New Caledonia,2017,310.0,10.8643326039387,14.3097374179431,35798.9084757829,33.0316606706906,23.1,1.32492168163802,Other/Global,45.8599562363239,0.06,1.49,25.06,23.11,372.0,558.0,23.93,0.93,700.5,-1.75,25,1.0,291,91.31,20.16,5.0
New Caledonia,2018,310.0,10.8643326039387,14.3097374179431,35798.9084757829,32.9411190242325,23.1,1.05911330049261,Other/Global,45.8544857768053,0.06,1.49,25.06,23.11,372.0,558.0,23.93,1.01,860.0,-1.12,28,1.0,304,90.69,20.0,8.1
New Caledonia,2019,310.0,10.8643326039387,14.3097374179431,35798.9084757829,32.8425326292168,23.1,1.90283652098352,Other/Global,45.8490153172867,0.06,1.49,25.06,23.11,372.0,558.0,23.93,1.12,995.7,-0.58,30,1.0,274,93.04,20.19,7.52
New Caledonia,2020,310.0,10.8643326039387,14.3097374179431,35798.9084757829,32.7252738934067,23.1,1.9058173758221,Other/Global,45.8435448577681,0.06,1.49,25.06,23.11,372.0,558.0,23.93,1.08,835.4,-1.12,31,1.0,290,90.7,22.33,7.96
New Zealand,1990,15480.0,52.8540503588926,12.6459306520831,13663.0216184298,15.2159216811332,23.1,10.7680017520852,Other/Global,35.5940526375755,2.79,74.3,50.04,53.18,18576.0,27864.0,29.55,0.17,880.3,-0.24,15,1.0,210,81.99,6.46,34.33
New Zealand,1991,15735.0,52.255027306217,12.8464167711063,13660.829728425,15.0496863139933,23.1,10.7680017520852,Other/Global,35.7756522729862,2.83,75.53,50.04,53.02,18882.0,28323.0,29.64,0.39,814.5,-0.47,18,1.0,205,82.2,8.9,27.37
New Zealand,1992,15990.0,51.6560042535414,13.0469028901295,13658.6378384202,14.9193231558419,23.1,10.8393956571201,Other/Global,35.9572519083969,2.88,76.75,49.96,52.83,19188.0,28782.0,29.72,0.5,1040.8,-0.2,22,1.0,233,80.82,6.23,29.36
New Zealand,1993,16245.0,51.0569812008659,13.2473890091527,13656.4459484155,14.8016776242166,23.1,10.5775270215563,Other/Global,36.1388515438077,2.92,77.98,49.88,52.63,19494.0,29241.0,29.8,0.47,1032.6,0.35,21,1.0,223,80.67,7.77,30.11
New Zealand,1994,16500.0,50.4579581481903,13.4478751281759,13654.2540584107,14.6978686534024,23.1,10.3662490326089,Other/Global,36.3204511792184,2.97,79.2,49.8,52.43,19800.0,29700.0,29.88,0.54,827.3,-0.54,22,1.0,203,81.5,8.2,32.4
New Zealand,1995,16755.0,49.8589350955147,13.6483612471991,13652.062168406,14.607240509304,23.1,9.67358195439203,Other/Global,36.5020508146291,3.02,80.42,49.8,52.27,20106.0,30159.0,29.96,0.6,909.8,-0.54,24,1.0,232,81.51,9.45,31.02
New Zealand,1996,17010.0,49.2599120428392,13.8488473662223,13649.8702784012,14.5291569523267,23.1,9.41653371313535,Other/Global,36.6836504500399,3.06,81.65,49.72,52.07,20412.0,30618.0,30.03,0.5,843.5,-0.11,21,1.0,250,80.96,8.12,35.64
New Zealand,1997,17265.0,48.6608889901636,14.0493334852455,13647.6783883964,14.4604301575227,23.1,8.64336493563875,Other/Global,36.8652500854506,3.11,82.87,49.64,51.87,20718.0,31077.0,30.11,0.41,947.1,0.3,22,1.0,227,81.93,8.73,27.84
New Zealand,1998,17520.0,48.0618659374881,14.2498196042687,13645.4864983917,14.3994400818966,23.1,8.54007682663262,Other/Global,37.0468497208613,3.15,84.1,49.56,51.66,21024.0,31536.0,30.19,0.45,938.7,0.05,23,1.0,238,82.81,8.46,30.73
New Zealand,1999,17775.0,47.4628428848125,14.4503057232919,13643.2946083869,14.3444903767824,23.1,9.42112603189599,Other/Global,37.2284493562721,3.2,85.32,49.48,51.46,21330.0,31995.0,30.26,0.38,962.8,-1.0,22,1.0,248,81.16,11.14,31.23
New Zealand,2000,18030.0,46.863819832137,14.6507918423151,13641.1027183822,14.2940339543944,23.1,8.70533964449479,Other/Global,37.4100489916828,3.25,86.54,49.4,51.26,21636.0,32454.0,30.34,0.4,924.4,0.24,23,1.0,236,82.5,8.97,31.92
New Zealand,2001,17088.0,46.5099736432341,14.8380236223462,15653.1825429434,14.2454825555697,23.1,9.13044832984321,Other/Global,37.4091679009532,3.08,82.02,49.15,50.96,20505.6,30758.4,30.3,0.41,1132.8,0.69,19,1.0,210,82.19,11.12,28.37
New Zealand,2002,16146.0,46.1561274543313,15.0252554023774,17665.2623675047,14.1938421816599,23.1,8.82355240303363,Other/Global,37.4082868102237,2.91,77.5,48.83,50.62,19375.2,29062.8,30.26,0.63,815.8,-0.18,22,1.0,254,83.02,13.71,25.96
New Zealand,2003,15204.0,45.8022812654285,15.2124871824085,19677.3421920659,14.142037944193,23.1,8.1841653506158,Other/Global,37.4074057194941,2.74,72.98,48.59,50.32,18244.8,27367.2,30.21,0.51,761.3,-0.5,20,1.0,261,85.26,13.3,29.67
New Zealand,2004,14262.0,45.4484350765257,15.3997189624397,21689.4220166272,14.0982291705403,23.1,7.56674203754855,Other/Global,37.4065246287646,2.57,68.46,48.27,49.97,17114.4,25671.6,30.16,0.77,866.8,-0.25,28,1.0,275,81.27,14.06,28.73
New Zealand,2005,13320.0,45.0945888876229,15.5869507424708,23701.5018411884,14.0700674219054,23.1,7.15660025129282,Other/Global,37.405643538035,2.4,63.94,47.86,49.57,15984.0,23976.0,30.1,0.73,773.0,-0.74,27,1.0,240,83.05,15.13,29.09
New Zealand,2006,12378.0,44.7407426987201,15.774182522502,25713.5816657497,14.0643158334297,23.1,7.19661092355971,Other/Global,37.4047624473055,2.23,59.41,47.54,49.21,14853.6,22280.4,30.02,0.61,779.1,-0.49,25,1.0,244,83.6,14.58,30.43
New Zealand,2007,11436.0,44.3868965098173,15.9614143025331,27725.6614903109,14.0708159335148,23.1,7.16596873773127,Other/Global,37.4038813565759,2.06,54.89,47.14,48.81,13723.2,20584.8,29.94,0.75,818.5,-0.27,23,1.0,253,82.74,15.25,27.04
New Zealand,2008,10494.0,44.0330503209145,16.1486460825643,29737.7413148722,14.0855276906495,23.1,6.98527885788567,Other/Global,37.4030002658463,1.89,50.37,46.74,48.39,12592.8,18889.2,29.85,0.54,825.0,-0.62,21,1.0,264,83.88,15.8,25.23
New Zealand,2009,9552.0,43.6792041320117,16.3358778625954,31749.8211394334,14.1081654522176,23.1,6.63757746697546,Other/Global,37.4021191751168,1.72,45.85,46.25,47.92,11462.4,17193.6,29.74,0.73,822.5,-1.31,25,1.0,278,81.78,16.42,28.23
New Zealand,2010,8610.0,43.3253579431089,16.5231096426266,33761.9009639947,14.1385956741772,23.1,6.87051375157322,Other/Global,37.4012380843872,1.55,41.33,45.69,47.4,10332.0,15498.0,29.61,0.73,940.4,-0.54,25,1.0,257,83.2,16.67,27.5
New Zealand,2011,7140.0,42.7967035053739,16.7196080665375,34742.5952315589,14.1766848124866,23.1,6.92935546658879,Other/Global,37.4000911473169,1.29,34.27,44.72,46.52,8568.0,12852.0,29.35,0.6,858.6,-0.5,23,1.0,291,80.55,18.8,25.93
New Zealand,2012,5670.0,42.2680490676389,16.9161064904485,35723.2894991231,14.222299323104,23.1,6.81970553467438,Other/Global,37.3989442102465,1.02,27.22,43.59,45.5,6804.0,10206.0,29.02,0.66,885.0,-0.56,24,1.0,294,83.59,17.8,24.23
New Zealand,2013,4200.0,41.7393946299039,17.1126049143595,36703.9837666873,14.2919870213545,23.1,6.42814306437079,Other/Global,37.3977972731761,0.76,20.16,42.06,44.2,5040.0,7560.0,28.58,0.84,971.0,-0.81,24,1.0,298,82.54,18.52,26.61
New Zealand,2014,2730.0,41.2107401921689,17.3091033382705,37684.6780342515,14.4923340469589,23.1,6.2271236576426,Other/Global,37.3966503361057,0.49,13.1,39.89,42.4,3276.0,4914.0,27.91,0.7,838.4,-1.25,23,1.0,283,84.52,18.21,27.33
New Zealand,2015,1260.0,40.6820857544339,17.5056017621815,38665.3723018158,14.8481236239469,23.1,6.11557732004885,Other/Global,37.3955033990354,0.23,6.05,36.02,39.32,1512.0,2268.0,26.68,0.73,878.7,-0.88,23,1.0,258,85.98,20.46,22.11
New Zealand,2016,3028.0,40.2582507310773,17.857278493031,39331.8544479382,15.308634406,23.1,6.5955718001209,Other/Global,37.396035091717,0.55,14.53,40.45,42.53,3633.6,5450.4,28.18,1.0,928.9,-0.46,29,1.0,319,84.72,21.55,25.16
New Zealand,2017,4796.0,39.8344157077209,18.2089552238806,39998.3365940606,15.8298974125892,23.1,6.31185964782864,Other/Global,37.411606091679,0.86,23.02,42.71,44.12,5755.2,8632.8,29.01,1.1,744.1,-0.93,33,1.0,289,84.4,18.97,26.03
New Zealand,2018,6564.0,39.4105806843644,18.5606319547301,40664.818740183,16.1982153314423,23.1,5.88912804912112,Other/Global,37.4279366526148,1.18,31.51,44.32,45.2,7876.8,11815.2,29.59,0.99,708.4,-1.16,30,1.0,312,83.97,22.48,28.22
New Zealand,2019,8332.0,38.9867456610079,18.9123086855797,41331.3008863054,16.195034128333,23.1,5.82540906680777,Other/Global,37.4673198891041,1.5,39.99,45.53,45.98,9998.4,14997.6,30.06,1.08,926.7,-0.46,32,1.0,307,84.37,22.31,24.53
New Zealand,2020,10100.0,38.5629106376514,19.2639854164293,41997.7830324279,16.1861022904092,23.1,6.01205539121553,Other/Global,37.5701264669021,1.82,48.48,46.41,46.54,12120.0,18180.0,30.45,1.1,938.1,-0.78,30,1.0,326,84.49,23.22,27.29
Nicaragua,1990,99320.0,33.4469004487286,34.5899867043377,242.508390600822,46.5068499614642,47.9,32.7567200400746,Other/Global,53.176998504238,17.88,476.74,43.43,46.43,119184.0,178776.0,37.32,0.21,1053.2,-0.18,18,1.0,203,86.11,4.84,24.22
Nicaragua,1991,99581.0,34.3742728934685,35.3046900448728,319.988795889559,46.310779779439,47.9,32.7567200400746,Other/Global,52.3460196111019,17.92,477.99,44.16,47.07,119497.2,179245.8,37.44,0.3,900.7,-0.37,20,1.0,208,86.43,5.41,24.85
Nicaragua,1992,99842.0,35.3016453382084,36.0193933854079,397.469201178297,46.1183674714074,47.9,33.4579312860899,Other/Global,51.5150407179658,17.97,479.24,44.96,47.76,119810.4,179715.6,37.56,0.5,953.6,-0.3,26,1.0,213,84.7,5.59,22.12
Nicaragua,1993,100103.0,36.2290177829483,36.7340967259431,474.949606467035,45.9286716650707,47.9,33.3014982117576,Other/Global,50.6840618248297,18.02,480.49,45.77,48.44,120123.6,180185.4,37.68,0.57,872.3,-0.7,29,1.0,220,86.77,4.91,29.28
Nicaragua,1994,100364.0,37.1563902276882,37.4488000664783,552.430011755773,45.7407509881307,47.9,34.2975637343506,Other/Global,49.8530829316935,18.07,481.75,46.58,49.13,120436.8,180655.2,37.79,0.49,911.7,-0.34,26,1.0,199,84.9,6.01,25.04
Nicaragua,1995,100625.0,38.0837626724281,38.1635034070134,629.910417044511,45.5545584117101,47.9,34.5839203712506,Other/Global,49.0221040385574,18.11,483.0,47.3,49.77,120750.0,181125.0,37.9,0.37,1021.3,0.24,22,1.0,249,84.95,6.1,25.92
Nicaragua,1996,100886.0,39.011135117168,38.8782067475485,707.390822333248,45.3780575459879,47.9,34.8422188658482,Other/Global,48.1911251454213,18.16,484.25,48.11,50.46,121063.2,181594.8,38.02,0.58,718.0,-0.81,26,1.0,224,86.24,7.75,26.15
Nicaragua,1997,101147.0,39.9385075619079,39.5929100880837,784.871227621986,45.2161121425588,47.9,35.5698505788562,Other/Global,47.3601462522852,18.21,485.51,48.91,51.14,121376.4,182064.6,38.13,0.35,921.0,-0.29,21,1.0,237,81.91,7.06,29.18
Nicaragua,1998,101408.0,40.8658800066478,40.3076134286189,862.351632910724,45.0651099210977,47.9,35.731976607294,Other/Global,46.5291673591491,18.25,486.76,49.64,51.79,121689.6,182534.4,38.24,0.34,1058.7,-0.31,22,1.0,254,81.18,8.06,31.21
Nicaragua,1999,101669.0,41.7932524513877,41.022316769154,939.832038199462,44.9220494291216,47.9,35.8497900505653,Other/Global,45.698188466013,18.3,488.01,50.44,52.47,122002.8,183004.2,38.34,0.4,910.4,-0.43,24,1.0,235,84.47,7.19,29.21
Nicaragua,2000,101930.0,42.7206248961276,41.7370201096892,1017.3124434882,44.7839292141478,47.9,36.8766580506251,Other/Global,44.8672095728768,18.35,489.26,51.25,53.15,122316.0,183474.0,38.45,0.52,1019.8,0.0,22,1.0,224,83.78,9.93,27.72
Nicaragua,2001,94716.0,42.6450058168522,42.331017949144,1068.23790609078,44.6477478236936,45.8,36.5519567486371,Other/Global,43.8607528668772,17.05,454.64,51.81,53.32,113659.2,170488.8,38.38,0.51,838.3,-0.25,25,1.0,227,85.57,9.05,31.81
Nicaragua,2002,87502.0,42.5693867375768,42.9250157885989,1119.16336869337,44.5105038052763,45.8,35.6809477982824,Other/Global,42.8542961608775,15.75,420.01,52.38,53.48,105002.4,157503.6,38.3,0.54,886.9,-0.65,25,1.0,239,82.46,8.14,25.82
Nicaragua,2003,80288.0,42.4937676583014,43.5190136280538,1170.08883129596,44.3691957064131,45.8,34.636949371659,Other/Global,41.8478394548778,14.45,385.38,52.94,53.63,96345.6,144518.4,38.21,0.61,893.0,-0.36,23,1.0,254,84.41,10.42,26.88
Nicaragua,2004,73074.0,42.418148579026,44.1130114675087,1221.01429389855,44.2208220746211,45.8,34.4609866584973,Other/Global,40.8413827488782,13.15,350.76,53.42,53.72,87688.8,131533.2,38.09,0.65,713.8,-1.05,22,1.0,259,83.41,10.2,25.43
Nicaragua,2005,65860.0,42.3425294997507,44.7070093069636,1271.93975650114,44.0624519578907,48.3,32.991570847141,Other/Global,39.8349260428785,11.85,316.13,53.83,53.77,79032.0,118548.0,37.95,0.74,798.6,-0.92,26,1.0,273,85.0,11.02,27.4
Nicaragua,2006,58646.0,42.2669104204753,45.3010071464184,1322.86521910372,43.8941452324464,48.3,33.2894601290196,Other/Global,38.8284693368788,10.56,281.5,54.15,53.76,70375.2,105562.8,37.79,0.52,805.2,-0.45,23,1.0,237,81.26,13.3,30.07
Nicaragua,2007,51432.0,42.1912913411999,45.8950049858733,1373.79068170631,43.7183381648854,48.3,33.729760737921,Other/Global,37.8220126308792,9.26,246.87,54.39,53.69,61718.4,92577.6,37.59,0.7,959.6,-0.56,27,1.0,267,83.58,12.08,27.55
Nicaragua,2008,44218.0,42.1156722619245,46.4890028253282,1424.7161443089,43.5361875492487,48.3,32.2503682505931,Other/Global,36.8155559248795,7.96,212.25,54.47,53.52,53061.6,79592.4,37.35,0.73,964.5,-0.54,26,1.0,276,84.79,12.43,28.04
Nicaragua,2009,37004.0,42.0400531826491,47.0830006647831,1475.64160691149,43.348901694106,42.5,32.7463329742272,Other/Global,35.8090992188798,6.66,177.62,54.39,53.23,44404.8,66607.2,37.04,0.59,921.5,-0.4,24,1.0,279,82.99,11.66,28.58
Nicaragua,2010,29790.0,41.9644341033738,47.676998504238,1526.56706951408,43.157688908027,42.5,32.6244710412745,Other/Global,34.8026425128802,5.36,142.99,54.15,52.81,35748.0,53622.0,36.66,0.69,962.4,-0.54,24,1.0,237,83.89,12.41,27.33
Nicaragua,2011,29602.0,42.002659132458,48.3616702675752,1636.14489688072,42.9637574995816,42.5,32.4869171467803,Other/Global,34.3362639188965,5.33,142.09,54.47,52.97,35522.4,53283.6,36.72,0.63,883.3,-0.41,24,1.0,272,84.01,12.44,25.61
Nicaragua,2012,29414.0,42.0408841615423,49.0463420309124,1745.72272424737,42.7683157773394,42.5,32.2203924866274,Other/Global,33.8698853249127,5.29,141.19,54.79,53.13,35296.8,52945.2,36.78,0.79,992.6,-0.54,27,1.0,293,84.34,12.07,24.59
Nicaragua,2013,29226.0,42.0791091906265,49.7310137942496,1855.30055161401,42.5725720498701,42.5,31.7692077533233,Other/Global,33.403506730929,5.26,140.28,55.2,53.34,35071.2,52606.8,36.85,0.81,897.2,-0.59,30,1.0,272,82.62,13.18,30.57
Nicaragua,2014,29038.0,42.1173342197108,50.4156855575868,1964.87837898066,42.3777346257436,29.6,31.3902792394901,Other/Global,32.9371281369453,5.23,139.38,55.52,53.51,34845.6,52268.4,36.91,0.71,901.1,-0.59,25,1.0,270,83.34,14.82,26.74
Nicaragua,2015,28850.0,42.1555592487951,51.100357320924,2074.45620634731,42.1850118135295,29.6,30.9904895531965,Other/Global,32.4707495429616,5.19,138.48,55.92,53.71,34620.0,51930.0,36.97,0.8,875.3,-0.66,28,1.0,300,84.5,14.62,26.69
Nicaragua,2016,28854.0,42.185474488948,51.7914824663453,2047.25437458661,41.9956119217977,24.9,30.5348424506459,Other/Global,31.6397706498255,5.19,138.5,56.57,54.04,34624.8,51937.2,37.04,0.88,951.3,-0.67,28,1.0,299,84.8,13.75,25.13
Nicaragua,2017,28858.0,42.2153897291009,52.4826076117666,2020.05254282591,41.8107432591178,24.9,30.2003027564442,Other/Global,30.8087917566894,5.19,138.52,57.29,54.41,34629.6,51944.4,37.11,0.91,862.8,-0.95,28,1.0,302,84.1,14.98,27.9
Nicaragua,2018,28862.0,42.2453049692538,53.1737327571879,1992.85071106521,41.6316141340595,24.9,30.4254306142227,Other/Global,29.9778128635533,5.2,138.54,57.94,54.75,34634.4,51951.6,37.19,1.0,974.7,-0.52,28,1.0,292,83.48,14.81,29.31
Nicaragua,2019,28866.0,42.2752202094067,53.8648579026092,1965.64887930451,41.4594328551928,24.9,30.6465182735337,Other/Global,29.1468339704172,5.2,138.56,58.66,55.12,34639.2,51958.8,37.26,0.94,806.0,-1.0,28,1.0,285,83.99,16.19,27.55
Nicaragua,2020,28870.0,42.3051354495596,54.5559830480306,1938.44704754382,41.2954077310872,24.9,31.6903507035605,Other/Global,28.315855077281,5.2,138.58,59.31,55.45,34644.0,51966.0,37.33,0.9,808.6,-1.03,27,1.0,323,84.88,15.64,29.03
Niger,1990,19920.0,29.2097576379569,9.08631088655562,194.771959898935,84.551962852478,40.8,75.0751722683067,Other/Global,1.53548590826557,3.59,95.62,78.57,60.68,23904.0,35856.0,28.75,0.32,952.6,0.43,18,1.0,254,87.39,4.09,14.18
Niger,1991,19920.0,29.2097576379569,9.08631088655562,194.771959898935,84.4828968048096,40.8,75.0751722683067,Other/Global,1.4867845583011,3.59,95.62,78.57,60.68,23904.0,35856.0,28.75,0.39,890.5,-0.64,22,1.0,183,85.73,3.88,18.47
Niger,1992,19920.0,29.2097576379569,9.08631088655562,194.771959898935,84.4132556915283,40.8,75.1579152905441,Other/Global,1.43808320833662,3.59,95.62,78.65,60.72,23904.0,35856.0,28.75,0.33,861.3,-0.41,21,1.0,226,85.8,6.62,17.31
Niger,1993,19920.0,29.2097576379569,9.08631088655562,194.771959898935,84.343035697937,40.8,75.3217783403884,Other/Global,1.38938185837215,3.59,95.62,78.65,60.72,23904.0,35856.0,28.75,0.51,968.8,-0.65,19,1.0,212,87.19,5.63,15.25
Niger,1994,19920.0,29.2097576379569,9.08631088655562,194.771959898935,84.2722387313843,40.8,75.4288839486865,Other/Global,1.34068050840767,3.59,95.62,78.73,60.76,23904.0,35856.0,28.75,0.4,849.0,-0.38,20,1.0,222,85.16,5.96,14.89
Niger,1995,19920.0,29.2097576379569,9.08631088655562,194.771959898935,84.2008666992188,40.8,75.4885884229514,Other/Global,1.2919791584432,3.59,95.62,78.73,60.76,23904.0,35856.0,28.75,0.46,881.6,-0.76,22,1.0,220,88.1,6.7,16.41
Niger,1996,19920.0,29.2097576379569,9.08631088655562,194.771959898935,84.1861562728882,40.8,75.7234863138377,Other/Global,1.24327780847872,3.59,95.62,78.81,60.8,23904.0,35856.0,28.75,0.48,1009.5,-0.1,24,1.0,258,86.03,7.13,15.7
Niger,1997,19920.0,29.2097576379569,9.08631088655562,194.771959898935,84.1069202423096,40.8,75.824024002615,Other/Global,1.19457645851425,3.59,95.62,78.81,60.8,23904.0,35856.0,28.75,0.39,1020.7,-0.02,19,1.0,216,85.76,6.64,18.82
Niger,1998,19920.0,29.2097576379569,9.08631088655562,194.771959898935,84.0276880264282,40.8,75.506639076558,Other/Global,1.14587510854977,3.59,95.62,78.89,60.84,23904.0,35856.0,28.75,0.41,1023.4,0.17,20,1.0,223,89.17,7.76,19.0
Niger,1999,19920.0,29.2097576379569,9.08631088655562,194.771959898935,83.9484596252441,40.8,75.7264449057001,Other/Global,1.0971737585853,3.59,95.62,78.89,60.84,23904.0,35856.0,28.75,0.33,875.0,-0.51,21,1.0,236,86.53,8.02,18.47
Niger,2000,19920.0,29.2097576379569,9.08631088655562,194.771959898935,83.8692321777344,40.8,76.0196273621793,Other/Global,1.04847240862083,3.59,95.62,78.97,60.88,23904.0,35856.0,28.75,0.38,996.1,-0.16,20,2.47,253,86.68,9.15,18.88
Niger,2001,19920.0,29.7609536591142,9.48413239125286,222.737333143124,83.7312774658203,40.8,75.8881005152148,Other/Global,1.03866740348938,3.59,95.62,78.97,61.04,23904.0,35856.0,28.9,0.42,821.7,-0.17,22,3.9,274,86.13,9.31,15.34
Niger,2002,19920.0,30.3121496802715,9.88195389595011,250.702706387314,83.7312793731689,40.8,75.8313169402756,Other/Global,1.02886239835794,3.59,95.62,78.97,61.21,23904.0,35856.0,29.04,0.45,825.1,-0.52,20,3.84,265,87.05,9.09,19.85
Niger,2003,19920.0,30.8633457014289,10.2797754006473,278.668079631503,83.7312774658203,40.8,75.9357568960946,Other/Global,1.01905739322649,3.59,95.62,78.97,61.37,23904.0,35856.0,29.18,0.56,709.6,-1.25,24,5.56,272,83.51,9.5,20.51
Niger,2004,19920.0,31.4145417225862,10.6775969053446,306.633452875693,83.7312774658203,40.8,76.099349442344,Other/Global,1.00925238809505,3.59,95.62,78.97,61.54,23904.0,35856.0,29.32,0.52,1031.4,-0.05,21,4.97,263,84.63,9.7,20.08
Niger,2005,19920.0,31.9657377437436,11.0754184100418,334.598826119883,83.7312774658203,40.8,75.8866845118664,Other/Global,0.999447382963606,3.59,95.62,78.97,61.7,23904.0,35856.0,29.45,0.65,828.5,-0.26,21,5.82,284,83.66,10.34,19.69
Niger,2006,19920.0,32.5169337649009,11.4732399147391,362.564199364072,83.7324275105372,40.8,75.7235813755524,Other/Global,0.989642377832162,3.59,95.62,78.97,61.87,23904.0,35856.0,29.58,0.7,887.5,-0.67,25,7.28,275,85.74,10.61,18.75
Niger,2007,19920.0,33.0681297860582,11.8710614194363,390.529572608262,83.7358112962219,40.8,75.7283095004904,Other/Global,0.979837372700718,3.59,95.62,78.97,62.03,23904.0,35856.0,29.7,0.7,824.8,-1.02,25,8.19,296,79.8,11.15,21.26
Niger,2008,19920.0,33.6193258072156,12.2688829241336,418.494945852451,83.7413293001748,40.8,75.4423049298565,Other/Global,0.970032367569274,3.59,95.62,78.97,62.2,23904.0,35856.0,29.82,0.69,953.2,-0.58,27,10.17,302,80.81,10.23,20.17
Niger,2009,19920.0,34.1705218283729,12.6667044288308,446.460319096641,83.7488819996968,40.8,75.4870180479223,Other/Global,0.960227362437831,3.59,95.62,78.97,62.37,23904.0,35856.0,29.94,0.68,867.6,-0.82,28,10.66,296,80.57,11.27,23.13
Niger,2010,19920.0,34.7217178495303,13.0645259335281,474.425692340831,83.7583698720884,40.8,75.1286513478898,Other/Global,0.950422357306387,3.59,95.62,79.05,62.57,23904.0,35856.0,30.06,0.69,793.2,-1.09,24,9.77,334,80.81,13.32,22.19
Niger,2011,19920.0,34.9921844161996,13.5998796873766,476.67306870772,83.7696933946504,40.8,75.1747375812076,Other/Global,0.940617352174943,3.59,95.62,79.05,62.65,23904.0,35856.0,30.21,0.71,932.9,-0.84,32,8.46,294,79.87,12.02,21.49
Niger,2012,19920.0,35.2626509828689,14.1352334412252,478.92044507461,83.7858715995645,40.8,74.5477580600346,Other/Global,0.930812347043499,3.59,95.62,79.05,62.73,23904.0,35856.0,30.36,0.6,782.9,-1.21,23,12.35,322,77.17,12.82,21.33
Niger,2013,19920.0,35.5331175495382,14.6705871950738,481.167821441499,83.7837404303936,40.8,74.5481103106886,Other/Global,0.921007341912055,3.59,95.62,79.05,62.81,23904.0,35856.0,30.5,0.59,830.6,-0.95,21,12.86,310,77.19,13.48,21.89
Niger,2014,19920.0,35.8035841162075,15.2059409489224,483.415197808389,83.7549575388335,40.8,74.3687514348791,Other/Global,0.911202336780611,3.59,95.62,79.05,62.9,23904.0,35856.0,30.64,0.66,729.1,-0.92,26,13.13,336,79.86,13.55,22.08
Niger,2015,19920.0,36.0740506828768,15.741294702771,485.662574175279,83.6964393412507,40.8,74.4956625879551,Other/Global,0.901397331649167,3.59,95.62,79.05,62.98,23904.0,35856.0,30.77,0.77,783.7,-1.12,26,14.71,355,77.87,13.62,22.43
Niger,2016,19920.0,36.2165785110918,16.3378234783295,504.43255849187,83.6101719456764,40.8,74.5654231807336,Other/Global,0.891592326517723,3.59,95.62,79.05,63.02,23904.0,35856.0,30.92,0.86,911.9,-0.71,26,13.74,335,76.28,15.19,20.11
Niger,2017,19920.0,36.3591063393068,16.934352253888,523.202542808461,83.4963012093104,40.8,74.6338392347905,Other/Global,0.881787321386279,3.59,95.62,79.05,63.06,23904.0,35856.0,31.07,0.88,740.4,-0.85,26,12.64,320,80.68,14.01,23.29
Niger,2018,19920.0,36.5016341675219,17.5308810294466,541.972527125053,83.3550988200779,40.8,74.4860810587904,Other/Global,0.871982316254835,3.59,95.62,79.05,63.1,23904.0,35856.0,31.21,0.88,779.1,-0.72,30,14.47,353,80.27,13.57,23.27
Niger,2019,19920.0,36.6441619957369,18.1274098050051,560.742511441644,83.186853500315,40.8,74.4532544571212,Other/Global,0.862177311123392,3.59,95.62,79.05,63.15,23904.0,35856.0,31.34,0.96,897.4,-0.86,26,12.18,350,79.5,16.64,20.69
Niger,2020,19920.0,36.786689823952,18.7239385805637,579.512495758236,82.9918579996206,40.8,75.3290339222675,Other/Global,0.852372305991948,3.59,95.62,79.13,63.23,23904.0,35856.0,31.47,1.01,854.1,-1.15,28,17.93,376,76.45,14.95,23.62
Norway,1990,4690.0,2.67218626452454,11.6127109548685,28242.981402822,28.1231411258873,12.6,5.76981403737065,Other/Global,33.2161513946841,0.84,22.51,45.53,34.35,5628.0,8442.0,27.48,0.32,1058.8,0.01,21,1.0,227,93.89,9.32,5.0
Norway,1991,4878.0,2.69025637655923,11.6810198114137,29236.5069503105,27.8413645492561,12.6,5.76981403737065,Other/Global,33.2109493927347,0.88,23.41,45.69,34.49,5853.6,8780.4,27.56,0.3,1046.1,0.45,18,1.0,212,93.02,8.96,5.0
Norway,1992,5066.0,2.70832648859392,11.7493286679589,30230.0324977991,27.3504614559769,12.6,5.51394633180779,Other/Global,33.2057473907853,0.91,24.32,45.93,34.66,6079.2,9118.8,27.63,0.37,830.0,-0.59,21,1.0,215,91.58,11.0,5.0
Norway,1993,5254.0,2.72639660062862,11.8176375245041,31223.5580452876,26.7968563245502,12.6,5.51339915373766,Other/Global,33.200545388836,0.95,25.22,46.09,34.79,6304.8,9457.2,27.71,0.36,943.9,-0.26,20,1.0,219,92.47,10.13,5.0
Norway,1994,5442.0,2.74446671266331,11.8859463810493,32217.0835927762,26.3499984741211,12.6,5.25479134791119,Other/Global,33.1953433868866,0.98,26.12,46.33,34.96,6530.4,9795.6,27.78,0.45,959.3,-0.41,21,1.0,223,93.7,10.42,5.0
Norway,1995,5630.0,2.76253682469801,11.9542552375946,33210.6091402648,26.0802577658868,12.6,5.45583982583313,Other/Global,33.1901413849372,1.01,27.02,46.49,35.09,6756.0,10134.0,27.85,0.37,851.5,-0.69,20,1.0,215,94.45,12.09,5.0
Norway,1996,5818.0,2.7806069367327,12.0225640941398,34204.1346877533,25.8000030517578,12.6,5.38195914081455,Other/Global,33.1849393829878,1.05,27.93,46.66,35.22,6981.6,10472.4,27.91,0.46,779.7,-0.67,19,1.0,211,93.48,12.9,5.0
Norway,1997,6006.0,2.79867704876739,12.090872950685,35197.6602352419,25.2975638692388,12.6,5.08666935718543,Other/Global,33.1797373810384,1.08,28.83,46.82,35.35,7207.2,10810.8,27.98,0.25,898.3,-0.6,16,1.0,265,93.64,13.74,5.0
Norway,1998,6194.0,2.81674716080209,12.1591818072302,36191.1857827304,24.6693664548011,12.6,4.73760328838574,Other/Global,33.1745353790891,1.11,29.73,46.98,35.47,7432.8,11149.2,28.04,0.34,885.4,-0.02,20,1.0,230,93.8,10.96,6.13
Norway,1999,6382.0,2.83481727283678,12.2274906637754,37184.711330219,24.1600036621094,12.6,4.59853442191571,Other/Global,33.1693333771397,1.15,30.63,47.22,35.64,7658.4,11487.6,28.11,0.39,864.4,-0.59,21,1.0,236,93.87,11.91,5.0
Norway,2000,6570.0,2.85288738487148,12.2957995203207,38178.2368777076,23.8661077550466,12.6,4.29042961287133,Other/Global,33.1641313751903,1.18,31.54,47.38,35.76,7884.0,11826.0,28.17,0.41,934.6,-0.26,19,1.0,239,93.03,13.16,5.0
Norway,2001,6598.0,2.84300358116765,12.4048458017106,43176.734049251,23.6041380726215,12.6,4.08663312185517,Other/Global,33.1611196898512,1.19,31.67,47.38,35.76,7917.6,11876.4,28.2,0.66,839.1,-1.13,25,1.0,231,94.23,14.26,5.0
Norway,2002,6626.0,2.83311977746383,12.5138920831006,48175.2312207945,23.2044557539712,12.6,3.94849756119199,Other/Global,33.1581080045121,1.19,31.8,47.38,35.77,7951.2,11926.8,28.24,0.53,807.0,-0.74,21,1.0,248,92.41,15.89,5.0
Norway,2003,6654.0,2.82323597376,12.6229383644906,53173.728392338,22.7399978637695,12.6,3.82954673613213,Other/Global,33.1550963191729,1.2,31.94,47.38,35.77,7984.8,11977.2,28.27,0.5,907.9,-0.47,21,1.0,230,94.11,17.46,5.0
Norway,2004,6682.0,2.81335217005618,12.7319846458805,58172.2255638814,22.4315406111502,12.6,3.58447127570201,Other/Global,33.1520846338338,1.2,32.07,47.46,35.81,8018.4,12027.6,28.31,0.64,930.1,-0.43,24,1.0,263,91.92,18.7,5.0
Norway,2005,6710.0,2.80346836635235,12.8410309272705,63170.7227354249,22.1739851117968,12.6,3.29982244799567,Other/Global,33.1490729484947,1.21,32.21,47.46,35.81,8052.0,12078.0,28.34,0.55,805.1,-0.31,22,1.0,252,92.32,20.12,5.0
Norway,2006,6738.0,2.79358456264853,12.9500772086605,68169.2199069684,21.9122772216797,12.6,3.20083679469771,Other/Global,33.1460612631556,1.21,32.34,47.46,35.81,8085.6,12128.4,28.38,0.71,973.4,-0.27,24,1.0,277,92.89,20.25,5.0
Norway,2007,6766.0,2.7837007589447,13.0591234900504,73167.7170785119,21.5927497367172,12.6,3.02994107341933,Other/Global,33.1430495778165,1.22,32.48,47.54,35.86,8119.2,12178.8,28.41,0.66,757.5,-1.24,23,1.0,271,93.99,21.86,5.0
Norway,2008,6794.0,2.77381695524088,13.1681697714404,78166.2142500553,21.2458993979334,12.6,2.64611285993675,Other/Global,33.1400378924774,1.22,32.61,47.54,35.86,8152.8,12229.2,28.45,0.78,852.9,-0.99,25,1.0,273,94.04,23.01,5.0
Norway,2009,6822.0,2.76393315153705,13.2772160528304,83164.7114215988,20.9429179789573,12.6,2.80605263219103,Other/Global,33.1370262071382,1.23,32.75,47.54,35.86,8186.4,12279.6,28.48,0.64,878.5,-0.41,22,1.0,258,92.74,24.21,5.35
Norway,2010,6850.0,2.75404934783323,13.3862623342204,88163.2085931423,20.754997253418,12.6,2.48385247675509,Other/Global,33.1340145217991,1.23,32.88,47.62,35.9,8220.0,12330.0,28.52,0.65,848.3,-0.3,23,1.0,275,92.06,24.92,5.0
Norway,2011,6894.0,2.74324775339516,13.5505975638866,85492.5600355118,20.688379548537,12.6,2.47779198717337,Other/Global,33.1553701087492,1.24,33.09,47.62,35.91,8272.8,12409.2,28.57,0.59,854.0,-0.54,23,1.0,289,95.21,25.47,5.0
Norway,2012,6938.0,2.7324461589571,13.7149327935529,82821.9114778813,20.5094074558383,12.6,2.18067235580222,Other/Global,33.1767256956993,1.25,33.3,47.62,35.91,8325.6,12488.4,28.62,0.79,1048.9,0.07,24,1.0,282,93.85,24.45,5.0
Norway,2013,6982.0,2.72164456451904,13.8792680232191,80151.2629202508,20.0276019544641,12.6,2.31371213431029,Other/Global,33.2090866046879,1.26,33.51,47.62,35.92,8378.4,12567.6,28.67,0.66,831.1,-0.57,24,1.0,264,93.6,26.64,5.0
Norway,2014,7026.0,2.71084297008098,14.0436032528854,77480.6143626203,19.3882840464421,12.6,2.22664669362065,Other/Global,33.2318108614437,1.26,33.72,47.62,35.92,8431.2,12646.8,28.72,0.89,1094.5,0.36,25,1.0,302,94.21,24.54,5.0
Norway,2015,7070.0,2.70004137564292,14.2079384825517,74809.9658049898,18.7621759028647,12.6,2.05866581697192,Other/Global,33.2456439881958,1.27,33.94,47.7,35.97,8484.0,12726.0,28.77,0.88,934.1,-1.18,25,1.0,303,92.63,25.54,5.0
Norway,2016,7070.0,2.70134663250165,14.3197938320081,73515.9762646658,18.3199996948242,12.6,2.055789037659,Other/Global,33.271099733249,1.27,33.94,47.62,35.93,8484.0,12726.0,28.79,0.92,906.5,-0.51,28,1.0,272,95.06,25.15,5.0
Norway,2017,7070.0,2.70265188936038,14.4316491814645,72221.9867243419,18.0300254087625,12.6,2.17708554641426,Other/Global,33.2945336229161,1.27,33.94,47.62,35.93,8484.0,12726.0,28.82,0.97,937.3,-0.36,29,1.0,300,94.47,25.2,5.0
Norway,2018,7070.0,2.70395714621912,14.5435045309209,70927.997184018,17.7547887598277,12.6,2.05419596176489,Other/Global,33.3172650284299,1.27,33.94,47.62,35.93,8484.0,12726.0,28.85,1.02,1101.5,-0.55,33,1.0,314,93.43,24.57,5.0
Norway,2019,7070.0,2.70526240307785,14.6553598803773,69634.0076436941,17.5064105121719,12.6,2.07711059080315,Other/Global,33.3399069828592,1.27,33.94,47.62,35.93,8484.0,12726.0,28.87,0.85,819.7,-1.21,26,1.0,296,93.7,25.53,5.0
Norway,2020,7070.0,2.70656765993659,14.7672152298338,68340.0181033702,17.2970114299468,12.6,2.02745169161186,Other/Global,33.4353596771758,1.27,33.94,47.54,35.89,8484.0,12726.0,28.9,0.97,809.5,-1.33,28,1.0,289,93.49,25.96,5.0
Oman,1990,0.0,3.48949919224556,5.69936672051696,7545.70305230441,29.6357204824932,23.1,9.84360247937277,Other/Global,0.00969305331179321,0.0,0.0,0.0,1.05,0.0,0.0,15.0,0.34,839.6,-0.69,18,34.09,327,76.98,5.17,5.0
Oman,1991,0.0,3.51954765751211,5.86679063004846,7766.51750225937,28.9959990958456,23.1,9.84360247937277,Other/Global,0.00969305331179321,0.0,0.0,0.0,1.06,0.0,0.0,15.0,0.34,902.6,-0.41,20,36.08,353,74.79,6.58,5.0
Oman,1992,0.0,3.54959612277867,6.03421453957996,7987.33195221433,28.5635137429039,23.1,9.61757769068378,Other/Global,0.00969305331179321,0.0,0.0,0.0,1.06,0.0,0.0,15.0,0.29,761.9,-0.62,17,35.52,370,75.23,7.8,7.35
Oman,1993,0.0,3.57964458804523,6.20163844911146,8208.1464021693,28.35771585593,23.1,9.39226844988816,Other/Global,0.00969305331179321,0.0,0.0,0.0,1.07,0.0,0.0,15.0,0.43,901.8,-0.08,21,36.83,348,73.93,6.81,5.0
Oman,1994,0.0,3.60969305331179,6.36906235864297,8428.96085212426,28.33150311809,23.1,8.68591078140623,Other/Global,0.00969305331179321,0.0,0.0,0.0,1.08,0.0,0.0,15.0,0.59,1035.5,0.3,26,40.04,365,72.08,7.69,5.0
Oman,1995,0.0,3.63974151857835,6.53648626817447,8649.77530207922,28.3417114808927,23.1,7.9679612398216,Other/Global,0.00969305331179321,0.0,0.0,0.0,1.09,0.0,0.0,15.0,0.54,912.1,-0.64,20,38.58,374,75.13,8.69,5.0
Oman,1996,0.0,3.66978998384491,6.70391017770597,8870.58975203418,28.3592454681059,23.1,7.29880550692784,Other/Global,0.00969305331179321,0.0,0.0,0.0,1.1,0.0,0.0,15.0,0.41,876.6,-0.66,21,36.53,384,73.56,7.25,6.76
Oman,1997,0.0,3.69983844911147,6.87133408723748,9091.40420198915,28.3819690205304,23.1,7.03419027786657,Other/Global,0.00969305331179321,0.0,0.0,0.0,1.11,0.0,0.0,15.0,0.47,850.5,-0.15,21,38.1,410,73.38,9.94,5.0
Oman,1998,0.0,3.72988691437803,7.03875799676898,9312.21865194411,28.4077460789671,23.1,6.80701745015909,Other/Global,0.00969305331179321,0.0,0.0,0.0,1.12,0.0,0.0,15.0,0.34,971.9,0.16,19,38.04,389,75.62,7.88,5.0
Oman,1999,0.0,3.75993537964459,7.20618190630048,9533.03310189907,28.4344405842168,23.1,6.626797828859,Other/Global,0.00969305331179321,0.0,0.0,0.0,1.13,0.0,0.0,15.0,0.23,833.9,-0.38,17,38.66,383,74.39,9.35,5.0
Oman,2000,0.0,3.78998384491115,7.37360581583199,9753.84755185404,28.4599164770804,23.1,6.39305669430997,Other/Global,0.00969305331179321,0.0,0.0,0.0,1.14,0.0,0.0,15.0,0.32,1047.7,0.38,19,36.31,375,74.54,10.3,5.0
Oman,2001,0.0,3.8772859450727,7.52718093699515,11135.4807781418,28.4820376983586,23.1,6.66712058969645,Other/Global,0.00969305331179321,0.0,0.0,0.0,1.16,0.0,0.0,15.0,0.57,1054.7,0.05,23,40.64,429,69.87,11.59,5.0
Oman,2002,0.0,3.96458804523425,7.68075605815832,12517.1140044297,28.4986681888525,23.1,6.99664710400378,Other/Global,0.00969305331179321,0.0,0.0,0.0,1.19,0.0,0.0,15.0,0.48,920.5,-0.16,19,36.0,374,76.81,10.93,5.0
Oman,2003,0.0,4.0518901453958,7.83433117932148,13898.7472307175,28.5073828028359,23.1,7.34603820112916,Other/Global,0.00969305331179321,0.0,0.0,0.0,1.22,0.0,0.0,15.0,0.56,899.1,-0.55,22,39.84,415,71.79,11.61,5.0
Oman,2004,0.0,4.13919224555735,7.98790630048465,15280.3804570054,28.4571076515735,23.1,7.66608851626004,Other/Global,0.00969305331179321,0.0,0.0,0.0,1.24,0.0,0.0,15.0,0.62,982.5,-0.14,24,37.63,426,73.37,13.42,5.0
Oman,2005,0.0,4.2264943457189,8.14148142164782,16662.0136832932,28.1422196561288,23.1,7.97976797255814,Other/Global,0.00969305331179321,0.0,0.0,0.0,1.27,0.0,0.0,15.0,0.85,987.6,-0.84,27,39.61,416,73.4,11.5,5.0
Oman,2006,0.0,4.31379644588045,8.29505654281098,18043.6469095811,27.6079738796223,23.1,8.23154529337488,Other/Global,0.00969305331179321,0.0,0.0,0.0,1.29,0.0,0.0,15.0,0.85,835.5,-1.1,26,41.38,413,70.92,12.48,5.0
Oman,2007,0.0,4.401098546042,8.44863166397415,19425.2801358689,26.9320749841908,23.1,8.42637923733332,Other/Global,0.00969305331179321,0.0,0.0,0.0,1.32,0.0,0.0,15.0,0.9,857.9,-1.06,26,42.76,447,70.64,12.89,5.0
Oman,2008,0.0,4.48840064620355,8.60220678513732,20806.9133621568,26.192227631971,23.1,8.6166791693562,Other/Global,0.00969305331179321,0.0,0.0,0.0,1.35,0.0,0.0,15.0,0.69,794.2,-1.02,25,43.39,446,70.09,13.59,5.0
Oman,2009,0.0,4.5757027463651,8.75578190630048,22188.5465884446,25.4661364850997,23.1,6.75919545280061,Other/Global,0.00969305331179321,0.0,0.0,0.0,1.37,0.0,0.0,15.0,0.7,932.7,-0.73,27,41.97,449,70.34,14.31,5.0
Oman,2010,0.0,4.66300484652666,8.90935702746365,23570.1798147325,24.8420275333726,23.1,5.1577338814237,Other/Global,0.00969305331179321,0.0,0.0,0.0,1.4,0.0,0.0,15.0,0.53,953.3,-0.41,22,44.15,464,69.97,16.62,5.0
Oman,2011,0.0,4.65705977382876,9.83177964458804,22617.8054102227,24.3414196485312,23.1,5.26888767364276,Other/Global,0.00969305331179321,0.0,0.0,0.0,1.4,0.0,0.0,15.0,0.76,792.0,-1.42,29,42.97,461,69.44,17.09,5.0
Oman,2012,0.0,4.65111470113086,10.7542022617124,21665.431005713,23.911843378932,23.1,5.31691207172649,Other/Global,0.00969305331179321,0.0,0.0,0.0,1.4,0.0,0.0,15.0,0.56,863.6,-0.4,22,42.39,459,69.16,16.41,5.0
Oman,2013,0.0,4.64516962843296,11.6766248788368,20713.0566012033,23.5085765785687,23.1,5.34685544474511,Other/Global,0.00969305331179321,0.0,0.0,0.0,1.39,0.0,0.0,15.0,0.71,792.2,-0.95,23,44.42,477,70.06,17.13,5.0
Oman,2014,0.0,4.63922455573506,12.5990474959612,19760.6821966936,23.1107423251049,23.1,5.3530204669755,Other/Global,0.00969305331179321,0.0,0.0,0.0,1.39,0.0,0.0,15.0,0.66,828.1,-1.28,23,42.88,484,71.76,17.24,5.0
Oman,2015,0.0,4.63327948303716,13.5214701130856,18808.3077921839,22.6974636962045,23.1,5.28414591292707,Other/Global,0.00969305331179321,0.0,0.0,0.0,1.39,0.0,0.0,15.0,0.77,944.1,-0.72,27,44.46,462,68.5,16.82,5.0
Oman,2016,0.0,4.64938933764136,13.7396297253634,18403.6188463482,22.2478637695312,23.1,4.92359230993571,Other/Global,0.00904684975767367,0.0,0.0,0.0,1.39,0.0,0.0,15.0,0.82,841.3,-0.75,27,44.37,473,68.8,17.88,7.34
Oman,2017,0.0,4.66549919224556,13.9577893376413,17998.9299005126,21.6857739959864,23.1,4.66234396728353,Other/Global,0.00872374798061389,0.0,0.0,0.0,1.4,0.0,0.0,15.0,0.9,875.9,-0.96,25,43.17,487,70.1,18.07,5.0
Oman,2018,0.0,4.68160904684976,14.1759489499192,17594.240954677,21.0344160279724,23.1,4.36034340916681,Other/Global,0.00840064620355412,0.0,0.0,0.0,1.4,0.0,0.0,15.0,0.94,769.8,-1.4,28,46.4,491,68.32,18.3,5.0
Oman,2019,0.0,4.69771890145396,14.3941085621971,17189.5520088414,20.4219982454038,23.1,4.7924288327127,Other/Global,0.00807754442649435,0.0,0.0,0.0,1.41,0.0,0.0,15.0,0.96,915.0,-0.74,26,46.53,477,65.87,18.17,5.0
Oman,2020,0.0,4.71382875605816,14.612268174475,16784.8630630058,19.9823621077278,23.1,5.24898227341606,Other/Global,0.00807754442649435,0.0,0.0,0.0,1.41,0.0,0.0,15.0,1.06,896.5,-0.76,31,48.44,513,66.67,18.57,5.0
Pakistan,1990,14660.0,45.6698837691988,150.679192611042,344.45547384189,69.246955106251,64.3,40.6575882819101,Other/Global,6.46895755500208,2.64,70.37,72.28,62.08,17592.0,26388.0,41.89,0.18,839.9,-0.78,18,1.0,196,85.19,4.42,34.07
Pakistan,1991,14739.0,45.8634288086342,155.702484303653,374.24376110769,69.0089215510447,64.3,40.6575882819101,Other/Global,6.40727091116646,2.65,70.75,72.36,62.18,17686.8,26530.2,42.12,0.36,883.1,-0.18,17,1.0,239,84.66,3.53,34.46
Pakistan,1992,14818.0,46.0569738480696,160.725775996264,404.032048373491,68.7741815955711,64.3,41.4276497605799,Other/Global,6.34558426733084,2.67,71.13,72.44,62.29,17781.6,26672.4,42.36,0.5,912.6,-0.6,21,1.0,226,84.98,5.27,42.12
Pakistan,1993,14897.0,46.2505188875051,165.749067688875,433.820335639292,68.5423167679012,64.3,40.866592176413,Other/Global,6.28389762349523,2.68,71.51,72.6,62.43,17876.4,26814.6,42.58,0.39,833.0,-0.54,19,1.0,232,83.63,5.75,39.24
Pakistan,1994,14976.0,46.4440639269406,170.772359381485,463.608622905093,68.3129085961059,64.3,43.392128422557,Other/Global,6.22221097965961,2.7,71.88,72.68,62.54,17971.2,26956.8,42.8,0.39,780.1,-0.72,20,1.0,218,82.2,5.37,34.78
Pakistan,1995,15055.0,46.637608966376,175.795651074097,493.396910170894,68.0855386082564,64.3,40.088180570956,Other/Global,6.16052433582399,2.71,72.26,72.76,62.64,18066.0,27099.0,43.02,0.42,1042.6,-0.02,24,1.0,226,83.1,6.09,38.18
Pakistan,1996,15134.0,46.8311540058115,180.818942766708,523.185197436694,67.8597883324238,64.3,40.085778440433,Other/Global,6.09883769198838,2.72,72.64,72.84,62.75,18160.8,27241.2,43.24,0.51,847.5,-0.89,22,1.0,220,83.46,7.42,37.79
Pakistan,1997,15213.0,47.0246990452469,185.842234459319,552.973484702495,67.6352392966789,64.3,37.3794785796359,Other/Global,6.03715104815276,2.74,73.02,72.93,62.86,18255.6,27383.4,43.44,0.4,890.4,-0.44,20,1.0,216,82.3,7.94,36.3
Pakistan,1998,15292.0,47.2182440846824,190.86552615193,582.761771968296,67.4128276106277,64.3,40.5923625069592,Other/Global,5.97546440431714,2.75,73.4,73.01,62.96,18350.4,27525.6,43.65,0.33,979.0,0.49,20,1.0,218,80.58,6.3,42.16
Pakistan,1999,15371.0,47.4117891241178,195.888817844541,612.550059234097,67.1984187512067,64.3,40.5906965344243,Other/Global,5.91377776048153,2.77,73.78,73.09,63.07,18445.2,27667.8,43.85,0.41,1180.5,0.2,21,1.0,267,83.68,7.46,37.96
Pakistan,2000,15450.0,47.6053341635533,200.912109537152,642.338346499898,66.9953115508465,64.3,41.674170807577,Other/Global,5.85209111664591,2.78,74.16,73.17,63.17,18540.0,27810.0,44.05,0.31,798.6,-0.08,18,1.0,245,82.01,9.03,41.49
Pakistan,2001,16515.0,47.4164591116645,206.666561591946,676.834968962356,66.8011528335968,64.3,41.6742612619028,Other/Global,5.79792834163553,2.97,79.27,73.73,63.48,19818.0,29727.0,44.46,0.5,934.0,-0.36,20,1.0,222,83.35,7.77,37.59
Pakistan,2002,17580.0,47.2275840597758,212.421013646741,711.331591424815,66.6142921457248,64.3,41.4514550967689,Other/Global,5.74376556662516,3.16,84.38,74.21,63.74,21096.0,31644.0,44.85,0.54,841.3,-0.62,20,1.0,260,80.75,9.06,41.29
Pakistan,2003,18645.0,47.038709007887,218.175465701535,745.828213887274,66.4330790334981,64.3,41.4504870032503,Other/Global,5.68960279161478,3.36,89.5,74.7,64.01,22374.0,33561.0,45.23,0.55,854.7,-0.92,22,1.0,289,81.92,8.56,41.94
Pakistan,2004,19710.0,46.8498339559983,223.92991775633,780.324836349732,66.2558630431842,51.7,42.4511105054529,Other/Global,5.6354400166044,3.55,94.61,75.18,64.26,23652.0,35478.0,45.6,0.58,840.0,-0.9,21,1.0,230,83.2,9.23,37.51
Pakistan,2005,20775.0,46.6609589041095,229.684369811125,814.821458812191,66.0809937210505,50.4,42.4497500554916,Other/Global,5.58127724159402,3.74,99.72,75.66,64.51,24930.0,37395.0,45.96,0.62,807.5,-0.96,25,1.0,265,83.54,10.6,38.98
Pakistan,2006,21840.0,46.4720838522208,235.438821865919,849.31808127465,65.9068206133644,50.4,42.7541639006255,Other/Global,5.52711446658364,3.93,104.83,76.07,64.72,26208.0,39312.0,46.31,0.76,894.1,-0.94,28,1.0,243,83.73,11.21,39.65
Pakistan,2007,22905.0,46.283208800332,241.193273920714,883.814703737109,65.7316932663935,44.1,42.9748480938517,Other/Global,5.47295169157327,4.12,109.94,76.47,64.93,27486.0,41229.0,46.65,0.82,779.3,-1.12,29,1.0,281,82.8,11.93,43.27
Pakistan,2008,23970.0,46.0943337484433,246.947725975508,918.311326199567,65.5539612264052,44.1,44.0483910681028,Other/Global,5.41878891656289,4.31,115.06,76.87,65.13,28764.0,43146.0,46.98,0.66,972.9,-0.41,23,1.0,235,83.16,13.72,43.29
Pakistan,2009,25035.0,45.9054586965545,252.702178030303,952.807948662026,65.3719740396669,44.1,42.6138833281505,Other/Global,5.36462614155251,4.51,120.17,77.2,65.29,30042.0,45063.0,47.3,0.72,901.4,-0.02,26,1.0,271,83.44,11.71,39.57
Pakistan,2010,26100.0,45.7165836446658,258.456630085098,987.304571124485,65.1840812524461,36.8,42.6724150953953,Other/Global,5.31046336654213,4.7,125.28,77.6,65.49,31320.0,46980.0,47.62,0.49,930.7,-0.64,21,1.0,280,83.4,12.14,39.78
Pakistan,2011,23082.0,45.9656496471564,263.140066158157,1065.93769857622,64.9886324110103,36.3,42.8185933880648,Other/Global,5.26865919468659,4.15,110.79,76.71,64.96,27698.4,41547.6,47.37,0.6,859.9,-0.58,24,1.0,256,83.64,13.66,41.4
Pakistan,2012,20064.0,46.2147156496471,267.823502231216,1144.57082602795,64.7839770616269,36.3,42.5867801683668,Other/Global,5.22685502283105,3.61,96.31,75.66,64.33,24076.8,36115.2,47.06,0.65,868.2,-0.55,25,1.0,287,81.51,13.93,38.13
Pakistan,2013,17046.0,46.4637816521377,272.506938304275,1223.20395347969,64.5684647505634,29.5,42.2365644535977,Other/Global,5.18505085097551,3.07,81.82,74.46,63.6,20455.2,30682.8,46.67,0.62,921.0,-0.75,28,1.0,277,85.07,13.86,44.18
Pakistan,2014,14028.0,46.7128476546284,277.190374377334,1301.83708093143,64.3404450240872,29.5,42.2331998558465,Other/Global,5.14324667911997,2.53,67.33,73.01,62.7,16833.6,25250.4,46.17,0.67,805.2,-0.65,23,1.0,314,82.55,13.51,40.27
Pakistan,2015,11010.0,46.9619136571191,281.873810450394,1380.47020838317,64.0982674284658,24.3,41.0100156050682,Other/Global,5.10144250726443,1.98,52.85,71.15,61.54,13212.0,19818.0,45.51,0.76,870.0,-0.83,24,1.0,270,82.6,14.8,42.55
Pakistan,2016,11010.0,46.9619136571191,281.873810450394,1380.47020838317,63.8402815099667,24.3,42.2680831973418,Other/Global,5.01795350767954,1.98,52.85,71.23,61.58,13212.0,19818.0,45.51,0.91,829.9,-1.71,34,1.0,308,82.36,14.12,45.16
Pakistan,2017,11010.0,46.9619136571191,281.873810450394,1380.47020838317,63.5648451776601,24.3,39.8747244915583,Other/Global,4.99418845994188,1.98,52.85,71.23,61.58,13212.0,19818.0,45.51,0.93,827.4,-0.79,29,1.0,297,82.99,14.44,43.24
Pakistan,2018,11010.0,46.9619136571191,281.873810450394,1380.47020838317,63.2521488449641,21.9,37.4164265521233,Other/Global,4.94056143628061,1.98,52.85,71.31,61.62,13212.0,19818.0,45.51,0.81,729.9,-1.55,28,1.0,321,80.98,15.57,41.56
Pakistan,2019,11010.0,46.9619136571191,281.873810450394,1380.47020838317,62.8908368264231,21.9,38.3089008456774,Other/Global,4.88693441261934,1.98,52.85,71.31,61.62,13212.0,19818.0,45.51,0.83,1005.8,-0.63,24,1.0,325,82.12,17.38,40.31
Pakistan,2020,11010.0,46.9619136571191,281.873810450394,1380.47020838317,62.4919807051901,21.9,38.3114820459559,Other/Global,4.83330738895807,1.98,52.85,71.39,61.66,13212.0,19818.0,45.51,0.95,843.8,-0.74,25,1.0,305,80.42,15.88,42.24
Panama,1990,18950.0,28.5714285714286,33.0317863868711,2620.13827266274,46.1287236764694,37.9,29.3514044329043,Other/Global,61.9774011299435,3.41,90.96,30.22,36.25,22740.0,34110.0,33.89,0.31,990.8,-0.05,20,1.0,203,86.75,4.94,18.36
Panama,1991,18428.0,28.7140166801184,33.7780683346784,2755.63375567201,45.4722536225557,37.9,29.3514044329043,Other/Global,61.7550981974711,3.32,88.45,30.3,36.29,22113.6,33170.4,33.94,0.12,983.3,0.46,17,1.0,221,87.46,4.03,24.3
Panama,1992,17906.0,28.8566047888082,34.5243502824858,2891.12923868127,44.6623866746793,37.9,27.1427651209534,Other/Global,61.5327952649987,3.22,85.95,30.38,36.34,21487.2,32230.8,33.99,0.36,795.0,-0.27,18,1.0,219,87.92,4.97,17.56
Panama,1993,17384.0,28.999192897498,35.2706322302932,3026.62472169055,43.7446254948365,37.9,25.1947691321591,Other/Global,61.3104923325262,3.13,83.44,30.46,36.39,20860.8,31291.2,34.03,0.39,810.8,-0.8,23,1.0,212,87.13,6.38,18.23
Panama,1994,16862.0,29.1417810061878,36.0169141781005,3162.12020469982,42.7605120558643,37.9,21.8848678186562,Other/Global,61.0881894000538,3.04,80.94,30.54,36.43,20234.4,30351.6,34.07,0.56,1102.8,0.47,21,1.0,205,87.51,6.88,17.41
Panama,1995,16340.0,29.2843691148776,36.7631961259079,3297.61568770909,41.7515883305999,37.9,22.8164298395367,Other/Global,60.8658864675814,2.94,78.43,30.62,36.47,19608.0,29412.0,34.11,0.41,1038.1,-0.09,18,1.0,227,85.11,8.45,19.01
Panama,1996,15818.0,29.4269572235674,37.5094780737153,3433.11117071836,40.7593962918803,37.9,22.1352679189857,Other/Global,60.643583535109,2.85,75.93,30.7,36.51,18981.6,28472.4,34.14,0.45,895.6,0.3,19,1.0,208,87.28,6.46,20.69
Panama,1997,15296.0,29.5695453322572,38.2557600215226,3568.60665372763,39.8254779125427,37.9,20.5593840014665,Other/Global,60.4212806026365,2.75,73.42,30.7,36.51,18355.2,27532.8,34.17,0.4,918.8,-0.47,18,1.0,238,88.57,7.81,17.88
Panama,1998,14774.0,29.712133440947,39.00204196933,3704.1021367369,38.9913751654241,37.9,19.6266510167469,Other/Global,60.1989776701641,2.66,70.92,30.78,36.55,17728.8,26593.2,34.19,0.2,847.8,-0.03,21,1.0,248,87.58,7.73,20.59
Panama,1999,14252.0,29.8547215496368,39.7483239171374,3839.59761974617,38.2986300233618,37.9,19.2854676572116,Other/Global,59.9766747376917,2.57,68.41,30.86,36.59,17102.4,25653.6,34.21,0.43,932.9,0.02,21,1.0,223,86.09,8.72,17.58
Panama,2000,13730.0,29.9973096583266,40.4946058649448,3975.09310275544,37.7834629986418,37.9,18.7904624721869,Other/Global,59.7543718052193,2.47,65.9,30.86,36.58,16476.0,24714.0,34.23,0.41,841.0,-0.43,20,1.0,232,87.15,8.47,21.99
Panama,2001,13105.0,30.0462604250739,41.3261447403819,4410.73021473986,37.3662982722589,37.9,19.9400863983205,Other/Global,59.6008205542104,2.36,62.9,30.86,36.54,15726.0,23589.0,34.23,0.48,735.8,-1.13,26,1.0,233,88.58,7.95,19.28
Panama,2002,12480.0,30.0952111918213,42.1576836158191,4846.36732672428,36.9669095573658,37.9,19.1902260113355,Other/Global,59.4472693032015,2.25,59.9,30.78,36.45,14976.0,22464.0,34.23,0.82,792.8,-1.06,27,1.0,262,87.61,10.3,19.6
Panama,2003,11855.0,30.1441619585687,42.9892224912563,5282.0044387087,36.5920050054484,37.9,19.3296031380668,Other/Global,59.2937180521926,2.13,56.9,30.78,36.4,14226.0,21339.0,34.22,0.41,900.3,-0.97,20,1.0,250,87.63,9.64,23.14
Panama,2004,11230.0,30.1931127253161,43.8207613666935,5717.64155069313,36.2446241581584,37.9,17.77574204085,Other/Global,59.1401668011838,2.02,53.9,30.7,36.31,13476.0,20214.0,34.2,0.78,808.2,-0.86,25,1.0,247,85.96,10.49,19.52
Panama,2005,10605.0,30.2420634920635,44.6523002421307,6153.27866267755,35.9278065571474,36.6,17.413078042403,Other/Global,58.9866155501749,1.91,50.9,30.62,36.21,12726.0,19089.0,34.17,0.67,893.3,-0.45,24,1.0,266,86.45,11.18,21.25
Panama,2006,9980.0,30.2910142588108,45.4838391175679,6588.91577466197,35.644591744067,38.3,17.7097032015237,Other/Global,58.833064299166,1.8,47.9,30.54,36.1,11976.0,17964.0,34.13,0.74,812.8,-0.84,23,1.0,252,86.79,11.55,21.94
Panama,2007,9355.0,30.3399650255582,46.3153779930051,7024.5528866464,35.3980192605689,36.5,16.4303531258102,Other/Global,58.6795130481571,1.68,44.9,30.46,36.0,11226.0,16839.0,34.08,0.72,836.3,-1.68,23,1.0,260,89.03,9.64,23.19
Panama,2008,8730.0,30.3889157923056,47.1469168684423,7460.18999863082,35.1911286483048,33.8,19.8106013374722,Other/Global,58.5259617971482,1.57,41.9,30.3,35.84,10476.0,15714.0,34.02,0.67,967.2,-0.69,23,1.0,250,85.76,11.18,21.31
Panama,2009,8105.0,30.437866559053,47.9784557438795,7895.82711061524,35.0269594489263,33.4,19.9525114398212,Other/Global,58.3724105461394,1.46,38.9,30.22,35.72,9726.0,14589.0,33.95,0.63,918.8,-0.67,24,1.0,283,87.15,12.68,20.09
Panama,2010,7480.0,30.4868173258004,48.8099946193167,8331.46422259967,34.9073902352094,29.8,19.2978700358711,Other/Global,58.2188592951305,1.35,35.9,30.06,35.56,8976.0,13464.0,33.86,0.68,898.3,-0.46,24,1.0,257,87.64,15.19,19.74
Panama,2011,6758.0,30.3878348644179,49.7334652043578,9481.70234677965,34.8103321335182,27.6,18.3698709192905,Other/Global,58.0652945924132,1.22,32.44,29.81,35.27,8109.6,12164.4,33.73,0.52,969.5,-0.1,25,1.0,299,87.74,13.16,21.4
Panama,2012,6036.0,30.2888524030355,50.6569357893989,10631.9404709596,34.7170531711849,26.5,18.5421192833176,Other/Global,57.911729889696,1.09,28.97,29.49,34.94,7243.2,10864.8,33.58,0.71,937.7,-0.49,30,1.0,284,86.58,14.16,19.23
Panama,2013,5314.0,30.1898699416531,51.5804063744401,11782.1785951396,34.6290229896635,25.8,18.1736964346788,Other/Global,57.7581651869788,0.96,25.51,29.17,34.59,6376.8,9565.2,33.39,0.66,1015.1,0.05,23,1.0,282,86.51,16.08,21.81
Panama,2014,4592.0,30.0908874802707,52.5038769594812,12932.4167193196,34.5468835229904,25.6,17.4797923944005,Other/Global,57.775580140313,0.83,22.04,28.69,34.13,5510.4,8265.6,33.16,0.65,862.7,-0.95,23,1.0,288,89.24,16.12,21.12
Panama,2015,3870.0,29.9919050188883,53.4273475445224,14082.6548434996,34.4712767052019,23.0,16.3560651652417,Other/Global,57.6215596330275,0.7,18.58,28.2,33.64,4644.0,6966.0,32.87,0.78,865.2,-0.56,25,1.0,317,86.63,16.45,18.36
Panama,2016,4182.0,29.855211801576,54.3171301251299,13924.2360427546,34.4028444703344,22.1,17.093671673745,Other/Global,57.4676200755532,0.75,20.07,28.61,33.9,5018.4,7527.6,33.11,0.98,795.4,-0.99,26,1.0,275,86.48,16.57,18.2
Panama,2017,4494.0,29.7185185842637,55.2069127057374,13765.8172420097,34.3422287524242,20.7,16.1624013812683,Other/Global,57.3135456017269,0.81,21.57,28.93,34.11,5392.8,8089.2,33.34,0.9,865.1,-0.72,27,1.0,279,88.14,15.3,20.79
Panama,2018,4806.0,29.5818253669514,56.0966952863449,13607.3984412647,34.2900714855076,21.4,15.8577402635409,Other/Global,57.1133728767862,0.87,23.07,29.33,34.36,5767.2,8650.8,33.56,1.01,976.6,-0.61,27,1.0,316,87.21,15.92,20.02
Panama,2019,5118.0,29.4451321496391,56.9864778669524,13448.9796405198,34.247014603621,21.5,16.0576090584447,Other/Global,56.9594230250741,0.92,24.57,29.65,34.55,6141.6,9212.4,33.77,0.94,1003.4,0.14,29,1.0,291,85.53,16.8,22.19
Panama,2020,5430.0,29.3084389323268,57.87626044756,13290.5608397749,34.2137000408007,21.5,16.1702605294577,Other/Global,56.8056079805878,0.98,26.06,29.9,34.71,6516.0,9774.0,33.98,1.06,976.2,-0.45,30,1.0,298,88.3,17.57,18.68
Papua New Guinea,1990,12170.0,2.04919842777017,8.60416243430641,826.317152082832,84.6243211839398,37.5,28.4218419115308,Other/Global,80.3773351587687,2.19,58.42,14.91,20.07,14604.0,21906.0,27.89,0.32,755.0,-1.03,20,1.0,197,93.46,5.59,5.0
Papua New Guinea,1991,11944.0,2.08452943514551,8.96643399726184,807.281228779321,84.6778647141461,37.5,28.4218419115308,Other/Global,80.3504584198207,2.15,57.33,14.83,20.02,14332.8,21499.2,28.0,0.49,985.2,-0.03,21,1.0,224,93.44,5.03,5.0
Papua New Guinea,1992,11718.0,2.11986044252086,9.32870556021728,788.24530547581,84.8304616411178,37.5,27.6901750585178,Other/Global,80.3235816808727,2.11,56.25,14.83,20.0,14061.6,21092.4,28.1,0.38,751.5,-0.57,18,1.0,223,97.11,4.87,5.0
Papua New Guinea,1993,11492.0,2.15519144989621,9.69097712317272,769.209382172299,85.0584198562553,37.5,26.9818080540821,Other/Global,80.2967051627435,2.07,55.16,14.83,19.99,13790.4,20685.6,28.2,0.49,970.5,-0.33,21,1.0,212,93.63,5.53,5.0
Papua New Guinea,1994,11266.0,2.19052245727156,10.0532486861281,750.173458868789,85.3380874428698,37.5,26.9440155349138,Other/Global,80.2698284237954,2.03,54.08,14.83,19.97,13519.2,20278.8,28.29,0.46,869.2,-0.14,20,1.0,224,93.98,7.23,5.0
Papua New Guinea,1995,11040.0,2.22585346464691,10.4155202490836,731.137535565278,85.6458124842722,37.5,27.3057317347747,Other/Global,80.2429516848474,1.99,52.99,14.83,19.96,13248.0,19872.0,28.38,0.54,954.9,-0.13,24,1.0,227,94.99,6.61,5.0
Papua New Guinea,1996,10814.0,2.26118447202225,10.777791812039,712.101612261767,85.9579430637737,37.5,26.7461696378874,Other/Global,80.2160751667182,1.95,51.91,14.83,19.94,12976.8,19465.2,28.46,0.36,792.1,-1.35,20,1.0,210,92.77,7.42,5.0
Papua New Guinea,1997,10588.0,2.2965154793976,11.1400633749944,693.065688958257,86.2508272646854,37.5,27.1514371266981,Other/Global,80.1891984277702,1.91,50.82,14.83,19.93,12705.6,19058.4,28.54,0.45,992.4,0.04,20,1.0,214,94.55,6.88,5.0
Papua New Guinea,1998,10362.0,2.33184648677295,11.5023349379499,674.029765654746,86.5008131703182,37.5,27.4155491938088,Other/Global,80.1623216888222,1.87,49.74,14.75,19.87,12434.4,18651.6,28.62,0.35,781.6,-0.8,23,1.0,201,94.98,6.1,5.0
Papua New Guinea,1999,10136.0,2.3671774941483,11.8646065009053,654.993842351235,86.6842488639834,37.5,27.6300298749432,Other/Global,80.1354449498741,1.82,48.65,14.75,19.85,12163.2,18244.8,28.7,0.37,845.3,-0.32,21,1.0,258,95.45,8.54,5.0
Papua New Guinea,2000,9910.0,2.40250850152365,12.2268780638608,635.957919047725,86.7771227723045,37.5,28.205120011657,Other/Global,80.1085684317449,1.78,47.57,14.75,19.83,11892.0,17838.0,28.76,0.4,819.0,-0.31,21,1.0,229,94.64,8.65,5.0
Papua New Guinea,2001,12009.0,2.44203506602482,12.6898156163052,759.04901699416,86.8135905283922,37.5,28.1795407123753,Other/Global,80.0866894846089,2.16,57.64,15.07,20.25,14410.8,21616.2,29.18,0.46,758.2,-0.78,20,1.0,242,92.51,9.57,5.03
Papua New Guinea,2002,14108.0,2.48156163052598,13.1527531687497,882.140114940596,86.8469305391165,37.5,28.3649735058185,Other/Global,80.064810537473,2.54,67.72,15.31,20.59,16929.6,25394.4,29.56,0.5,905.9,0.12,20,1.0,254,94.35,9.26,5.0
Papua New Guinea,2003,16207.0,2.52108819502716,13.6156907211941,1005.23121288703,86.8773932166062,37.5,28.2771304973047,Other/Global,80.042931590337,2.92,77.79,15.55,20.9,19448.4,29172.6,29.9,0.59,1042.5,-0.05,22,1.0,235,92.21,11.53,5.0
Papua New Guinea,2004,18306.0,2.56061475952832,14.0786282736386,1128.32231083346,86.9048326247256,37.5,28.0172206665473,Other/Global,80.021052643201,3.3,87.87,15.79,21.18,21967.2,32950.8,30.21,0.77,1111.2,0.28,28,1.0,240,95.29,9.24,5.0
Papua New Guinea,2005,20405.0,2.6001413240295,14.5415658260831,1251.4134087799,86.9291028273388,37.5,27.6331378698888,Other/Global,79.999173696065,3.67,97.94,15.95,21.42,24486.0,36729.0,30.5,0.77,905.3,-0.36,26,1.0,242,95.09,9.52,5.0
Papua New Guinea,2006,22504.0,2.63966788853067,15.0045033785275,1374.50450672633,86.95005788831,37.5,27.1896502002453,Other/Global,79.977294748929,4.05,108.02,16.2,21.68,27004.8,40507.2,30.78,0.79,986.6,-0.37,27,1.0,216,94.06,10.64,5.0
Papua New Guinea,2007,24603.0,2.67919445303184,15.467440930972,1497.59560467277,86.9675518715035,37.5,26.5149865630946,Other/Global,79.9554158017931,4.43,118.09,16.36,21.88,29523.6,44285.4,31.04,0.69,915.6,-0.27,23,1.0,262,94.0,10.95,5.0
Papua New Guinea,2008,26702.0,2.71872101753301,15.9303784834164,1620.6867026192,86.9814388407834,37.5,26.6198389616087,Other/Global,79.9335368546571,4.81,128.17,16.52,22.08,32042.4,48063.6,31.29,0.64,936.7,-0.57,25,1.0,302,93.76,11.43,5.0
Papua New Guinea,2009,28801.0,2.75824758203418,16.3933160358609,1743.77780056564,86.991572860014,39.9,26.0870419419291,Other/Global,79.9116579075211,5.18,138.24,16.6,22.23,34561.2,51841.8,31.53,0.76,869.2,-0.84,28,1.0,262,93.73,11.9,5.0
Papua New Guinea,2010,30900.0,2.79777414653535,16.8562535883054,1866.86889851208,86.9978079930593,39.9,25.7987273093231,Other/Global,79.8897789603851,5.56,148.32,16.76,22.41,37080.0,55620.0,31.76,0.73,911.9,-0.94,25,1.0,266,94.91,12.12,5.0
Papua New Guinea,2011,31426.0,2.8220642141059,17.3463489820253,1990.41438678172,86.9999974984636,39.9,26.7913046709778,Other/Global,79.821561630526,5.66,150.84,16.84,22.48,37711.2,56566.8,31.91,0.76,939.2,-0.4,24,1.0,272,93.37,12.34,7.84
Papua New Guinea,2012,31952.0,2.84635428167645,17.8364443757452,2113.95987505136,86.9856203928638,39.9,27.5534518951444,Other/Global,79.7533443006669,5.75,153.37,16.92,22.55,38342.4,57513.6,32.05,0.61,849.9,-0.56,24,1.0,285,96.37,12.38,5.0
Papua New Guinea,2013,32478.0,2.870644349247,18.3265397694651,2237.50536332101,86.9417524266906,39.9,28.4414302508706,Other/Global,79.6851271916266,5.85,155.89,17.0,22.61,38973.6,58460.4,32.2,0.67,889.9,-0.22,24,1.0,297,93.94,14.02,5.0
Papua New Guinea,2014,33004.0,2.89493441681755,18.816635163185,2361.05085159065,86.8683595974735,39.9,28.5925021949414,Other/Global,79.6169098617674,5.94,158.42,17.08,22.68,39604.8,59407.2,32.34,0.61,891.4,-0.28,26,1.0,275,95.22,14.93,5.0
Papua New Guinea,2015,33530.0,2.91922448438811,19.306730556905,2484.5963398603,86.7658640163681,39.9,29.3176922684984,Other/Global,79.5486925319083,6.04,160.94,17.16,22.75,40236.0,60354.0,32.47,0.78,962.1,-0.5,26,1.0,298,91.73,17.01,5.0
Papua New Guinea,2016,33530.0,2.95588040454003,19.7803868745307,2473.59934105877,86.6346348057608,39.9,30.1635825253897,Other/Global,79.4724197323676,6.04,160.94,17.24,22.8,40236.0,60354.0,32.58,0.96,810.7,-1.42,28,1.0,293,93.02,15.05,5.0
Papua New Guinea,2017,33530.0,2.99253632469195,20.2540431921565,2462.60234225725,86.4750355118112,39.9,31.2417701222449,Other/Global,79.3983791900367,6.04,160.94,17.32,22.85,40236.0,60354.0,32.68,0.91,891.9,-0.63,28,1.0,303,94.8,16.03,5.0
Papua New Guinea,2018,33530.0,3.02919224484388,20.7276995097822,2451.60534345573,86.2874279467838,39.9,32.5500839457041,Other/Global,79.3243386477057,6.04,160.94,17.32,22.86,40236.0,60354.0,32.79,1.04,1048.9,0.0,28,1.0,308,94.08,15.68,5.0
Papua New Guinea,2019,33530.0,3.0658481649958,21.201355827408,2440.60834465421,86.0721732553053,39.9,33.4428018978125,Other/Global,79.2502981053747,6.04,160.94,17.41,22.92,40236.0,60354.0,32.89,0.99,989.1,-0.27,27,1.0,291,93.72,16.45,5.0
Papua New Guinea,2020,33530.0,3.10250408514773,21.6750121450338,2429.61134585269,85.8296322814271,39.9,36.0295912847914,Other/Global,79.1762575630438,6.04,160.94,17.49,22.97,40236.0,60354.0,32.99,1.02,1003.9,-0.14,31,1.0,301,94.95,16.21,5.0
Paraguay,1990,377000.0,35.8757543418072,10.1579335514724,1440.15829610029,49.9081365895287,23.1,28.4746768111489,Other/Global,64.2986659954694,67.86,1809.6,36.91,45.6,452400.0,678600.0,33.34,0.18,856.7,-0.35,28,1.0,211,88.03,4.49,25.31
Paraguay,1991,377000.0,36.4752751321419,10.4260234080039,1469.75419570102,49.0109756572281,23.1,28.4746768111489,Other/Global,63.6557739743267,67.86,1809.6,37.63,46.14,452400.0,678600.0,33.46,0.35,880.4,-0.49,27,1.0,205,83.94,4.91,24.41
Paraguay,1992,377000.0,37.0747959224767,10.6941132645355,1499.35009530176,48.1987632098276,23.1,28.7263891099169,Other/Global,63.012881953184,67.86,1809.6,38.28,46.64,452400.0,678600.0,33.58,0.16,934.9,-0.23,26,1.0,223,86.38,7.0,24.72
Paraguay,1993,377000.0,37.6743167128114,10.9622031210671,1528.94599490249,47.4317228495908,23.1,28.6012306411819,Other/Global,62.3699899320413,67.86,1809.6,38.92,47.14,452400.0,678600.0,33.69,0.42,979.6,-0.09,30,1.0,211,84.5,7.3,23.92
Paraguay,1994,377000.0,38.2738375031462,11.2302929775987,1558.54189450323,46.6511916652427,23.1,28.4127247642873,Other/Global,61.7270979108986,67.86,1809.6,39.56,47.64,452400.0,678600.0,33.8,0.32,698.6,-0.95,27,1.0,233,85.91,5.58,30.81
Paraguay,1995,377000.0,38.873358293481,11.4983828341303,1588.13779410397,45.8679348933589,23.1,28.055119214279,Other/Global,61.0842058897559,67.86,1809.6,40.29,48.19,452400.0,678600.0,33.92,0.54,749.5,-0.87,30,1.0,192,84.19,7.04,24.76
Paraguay,1996,377000.0,39.4728790838157,11.7664726906619,1617.7336937047,45.0983844150328,23.1,28.3451783934443,Other/Global,60.4413138686131,67.86,1809.6,40.93,48.69,452400.0,678600.0,34.02,0.48,959.5,-0.22,32,1.0,230,85.22,6.81,29.12
Paraguay,1997,377000.0,40.0723998741505,12.0345625471935,1647.32959330544,44.3589721113581,23.1,28.2691311152804,Other/Global,59.7984218474704,67.86,1809.6,41.58,49.19,452400.0,678600.0,34.13,0.43,832.6,-0.61,31,1.0,209,85.18,8.84,23.05
Paraguay,1998,377000.0,40.6719206644852,12.3026524037251,1676.92549290617,43.6661298634281,23.1,28.8299317582685,Other/Global,59.1555298263277,67.86,1809.6,42.22,49.69,452400.0,678600.0,34.24,0.49,801.0,-0.96,29,1.0,249,83.45,6.84,29.6
Paraguay,1999,377000.0,41.27144145482,12.5707422602567,1706.52139250691,43.0362895523366,23.1,29.6112465599315,Other/Global,58.512637805185,67.86,1809.6,42.95,50.24,452400.0,678600.0,34.34,0.29,754.4,-0.43,27,1.0,233,83.56,9.09,30.17
Paraguay,2000,377000.0,41.8709622451548,12.8388321167883,1736.11729210765,42.4858830591769,23.1,32.4691671548796,Other/Global,57.8697457840423,67.86,1809.6,43.59,50.74,452400.0,678600.0,34.44,0.53,810.4,-0.7,31,1.0,234,83.76,8.64,26.73
Paraguay,2001,374702.0,42.4286025924993,12.9991902844198,2037.60183656634,42.0313422650426,23.1,33.1602318164659,Other/Global,57.0085728668512,67.45,1798.57,44.48,51.34,449642.4,674463.6,34.5,0.52,742.8,-0.99,28,1.0,230,81.89,7.5,27.68
Paraguay,2002,372404.0,42.9862429398439,13.1595484520513,2339.08638102503,41.6910267133309,23.1,33.8280868041992,Other/Global,56.1473999496602,67.03,1787.54,45.37,51.95,446884.8,670327.2,34.55,0.49,1022.6,-0.21,29,1.0,256,84.25,10.95,31.38
Paraguay,2003,370106.0,43.5438832871885,13.3199066196828,2640.57092548372,41.4478665596571,23.1,31.3263018258512,Other/Global,55.2862270324692,66.62,1776.51,46.17,52.51,444127.2,666190.8,34.6,0.67,853.8,-1.09,37,1.0,258,85.33,8.45,27.28
Paraguay,2004,367808.0,44.1015236345331,13.4802647873143,2942.05546994242,41.2578629703746,23.1,32.7500726646375,Other/Global,54.4250541152781,66.21,1765.48,47.06,53.11,441369.6,662054.4,34.64,0.56,851.2,-0.22,32,1.0,248,81.91,9.45,30.77
Paraguay,2005,365510.0,44.6591639818777,13.6406229549458,3243.54001440111,41.105920858021,23.1,32.0162699835144,Other/Global,53.5638811980871,65.79,1754.45,47.95,53.71,438612.0,657918.0,34.69,0.63,903.2,-0.33,31,1.0,266,84.08,9.69,28.86
Paraguay,2006,363212.0,45.2168043292222,13.8009811225773,3545.0245588598,40.9797713165373,23.1,30.3091538633538,Other/Global,52.702708280896,65.38,1743.42,48.83,54.31,435854.4,653781.6,34.74,0.67,933.4,-0.91,37,1.0,263,83.56,12.15,32.35
Paraguay,2007,360914.0,45.7744446765668,13.9613392902088,3846.5091033185,40.8671454398645,23.1,28.66880372283,Other/Global,51.841535363705,64.96,1732.39,49.64,54.88,433096.8,649645.2,34.79,0.68,932.4,-0.21,34,1.0,264,82.18,11.05,34.59
Paraguay,2008,358616.0,46.3320850239114,14.1216974578403,4147.99364777719,40.7557743219436,23.1,25.2962672358896,Other/Global,50.980362446514,64.55,1721.36,50.52,55.48,430339.2,645508.8,34.84,0.62,942.9,-0.08,30,1.0,278,85.32,11.03,29.18
Paraguay,2009,356318.0,46.889725371256,14.2820556254718,4449.47819223588,40.6333890567156,23.1,27.9571840270083,Other/Global,50.1191895293229,64.14,1710.33,51.41,56.08,427581.6,641372.4,34.88,0.78,806.8,-0.9,34,1.0,297,84.11,12.88,32.7
Paraguay,2010,354020.0,47.4473657186006,14.4424137931034,4750.96273669458,40.4877207381214,23.1,25.6207368184605,Other/Global,49.2580166121319,63.72,1699.3,52.22,56.64,424824.0,637236.0,34.93,0.63,833.7,-0.25,31,1.0,278,84.07,11.93,33.8
Paraguay,2011,335450.0,47.9878089604833,14.6544107727158,4976.63777397318,40.306500460102,23.1,25.5169931218549,Other/Global,48.2153435690914,60.38,1610.16,53.1,57.18,402540.0,603810.0,34.91,0.67,921.3,-0.4,32,1.0,281,82.5,13.6,28.05
Paraguay,2012,316880.0,48.528252202366,14.8664077523282,5202.31281125179,40.0787090545298,23.1,26.1407384283935,Other/Global,47.1726705260508,57.04,1521.02,53.91,57.67,380256.0,570384.0,34.9,0.61,819.8,-1.18,39,1.0,294,80.5,13.93,34.25
Paraguay,2013,298310.0,49.0686954442487,15.0784047319406,5427.9878485304,39.7624684399099,23.1,22.8232971944413,Other/Global,46.1299974830103,53.7,1431.89,54.71,58.16,357972.0,536958.0,34.87,0.54,863.8,-0.44,31,1.0,270,82.39,14.26,33.13
Paraguay,2014,279740.0,49.6091386861314,15.290401711553,5653.66288580901,39.2898034051843,23.1,22.083577472912,Other/Global,45.0873244399698,50.35,1342.75,55.52,58.64,335688.0,503532.0,34.84,0.77,898.3,-0.55,30,1.0,285,81.9,12.91,33.91
Paraguay,2015,261170.0,50.1495819280141,15.5023986911654,5879.33792308762,38.6697231466737,23.1,19.7020453457583,Other/Global,44.0446513969293,47.01,1253.62,56.24,59.08,313404.0,470106.0,34.8,0.66,931.5,-0.6,29,1.0,285,83.14,15.81,29.17
Paraguay,2016,252460.0,50.6704661464888,15.7262275358671,5776.5647799123,37.9172386791394,23.1,21.3241060050382,Other/Global,43.6273093380317,45.44,1211.81,56.49,59.32,302952.0,454428.0,34.82,0.88,727.5,-1.11,33,1.0,299,81.07,16.42,34.57
Paraguay,2017,243750.0,51.1913503649635,15.9500563805688,5673.79163673698,37.0473610173426,23.1,20.55290490832,Other/Global,42.6384847722124,43.88,1170.0,57.37,59.87,292500.0,438750.0,34.83,0.83,927.9,-1.07,31,1.0,301,83.25,16.37,32.97
Paraguay,2018,235040.0,51.7122345834382,16.1738852252705,5571.01849356167,36.0751011760447,23.1,20.0768931677864,Other/Global,41.9353888749056,42.31,1128.19,57.86,60.22,282048.0,423072.0,34.84,1.14,853.1,-0.77,35,1.0,328,80.78,16.58,31.32
Paraguay,2019,226330.0,52.2331188019129,16.3977140699722,5468.24535038635,35.0154701700071,23.1,18.7222459631732,Other/Global,41.2323181474956,40.74,1086.38,58.42,60.61,271596.0,407394.0,34.85,1.07,929.4,-1.02,34,1.0,328,82.24,16.2,35.26
Paraguay,2020,217620.0,52.7540030203876,16.621542914674,5365.47220721104,33.883479013991,23.1,21.2745183356803,Other/Global,40.5292222501888,39.17,1044.58,58.9,60.96,261144.0,391716.0,34.85,1.0,936.0,-0.98,33,1.0,286,80.37,18.09,35.74
Poland,1990,510.0,61.3568839988246,124.427118090698,1731.2095094382,38.6990848936751,11.8,26.2700208376011,Other/Global,28.9986613993274,0.09,2.45,35.7,44.21,612.0,918.0,31.66,0.37,1028.6,0.1,19,1.0,209,79.06,3.65,42.89
Poland,1991,517.0,61.2328185706356,124.475388357438,2010.15265894349,38.6291086923423,11.8,26.2700208376011,Other/Global,29.056449769826,0.09,2.48,35.7,44.19,620.4,930.6,31.7,0.27,1008.2,0.27,22,1.0,218,77.54,3.37,43.69
Poland,1992,524.0,61.1087531424466,124.523658624179,2289.09580844878,38.5642836180976,11.8,25.9241223308579,Other/Global,29.1142381403245,0.09,2.52,35.78,44.21,628.8,943.2,31.74,0.44,1007.7,0.06,21,1.0,212,79.26,6.6,42.57
Poland,1993,531.0,60.9846877142576,124.57192889092,2568.03895795407,38.5048010071019,11.8,25.4559498216535,Other/Global,29.1720265108231,0.1,2.55,35.86,44.23,637.2,955.8,31.78,0.45,1015.4,-0.2,18,1.0,206,77.99,4.62,40.07
Poland,1994,538.0,60.8606222860687,124.62019915766,2846.98210745936,38.4508521955159,11.8,24.8771269979633,Other/Global,29.2298148813216,0.1,2.58,35.86,44.21,645.6,968.4,31.81,0.47,923.2,-0.45,23,1.0,238,79.9,7.33,42.46
Poland,1995,545.0,60.7365568578797,124.668469424401,3125.92525696465,38.4026285195005,11.8,23.5510826267293,Other/Global,29.2876032518202,0.1,2.62,35.94,44.23,654.0,981.0,31.85,0.54,902.5,-0.76,21,1.0,226,80.1,5.73,45.08
Poland,1996,552.0,60.6124914296907,124.716739691142,3404.86840646994,38.3603213152164,11.8,23.0158072844767,Other/Global,29.3453916223187,0.1,2.65,35.94,44.21,662.4,993.6,31.88,0.47,969.8,-0.21,22,1.0,209,79.28,7.8,45.04
Poland,1997,559.0,60.4884260015018,124.765009957882,3683.81155597523,38.3241219188246,11.8,21.5571283240564,Other/Global,29.4031799928173,0.1,2.68,36.02,44.23,670.8,1006.2,31.92,0.41,958.5,0.19,19,1.0,243,78.54,7.12,40.88
Poland,1998,566.0,60.3643605733128,124.813280224623,3962.75470548052,38.2942216664856,11.8,20.881625343981,Other/Global,29.4609683633158,0.1,2.72,36.02,44.21,679.2,1018.8,31.95,0.24,875.2,-0.28,18,1.0,239,79.85,8.45,42.94
Poland,1999,573.0,60.2402951451238,124.861550491364,4241.69785498581,38.2708118943604,11.8,20.239272129602,Other/Global,29.5187567338144,0.1,2.75,36.1,44.23,687.6,1031.4,31.99,0.29,932.3,0.13,19,1.0,226,80.53,9.69,42.54
Poland,2000,580.0,60.1162297169349,124.909820758105,4520.64100449111,38.2540839386097,11.8,19.6072576457648,Other/Global,29.5765451043129,0.1,2.78,36.1,44.2,696.0,1044.0,32.02,0.38,897.1,0.12,25,1.0,227,79.22,8.31,43.31
Poland,2001,628.0,58.8221854314109,124.83975875543,5325.35008080581,38.2442291353944,11.8,19.4993495189835,Other/Global,29.6646968559209,0.11,3.01,36.5,44.12,753.6,1130.4,32.23,0.45,831.6,-0.76,23,1.0,230,79.23,10.8,41.64
Poland,2002,676.0,57.5281411458869,124.769696752755,6130.05915712052,38.2418465444304,11.8,19.3047441594844,Other/Global,29.7528486075288,0.12,3.24,36.91,44.03,811.2,1216.8,32.43,0.42,1003.2,-0.05,24,1.0,263,78.56,9.99,42.2
Poland,2003,724.0,56.2340968603629,124.69963475008,6934.76823343523,38.2718625620398,11.8,19.0317228667679,Other/Global,29.8458725182863,0.13,3.48,37.23,43.89,868.8,1303.2,32.61,0.77,904.3,0.05,25,1.0,258,80.65,10.57,39.15
Poland,2004,772.0,54.940052574839,124.629572747405,7739.47730974994,38.3444827440011,11.8,18.8128120106601,Other/Global,29.9252440178892,0.14,3.71,37.55,43.74,926.4,1389.6,32.78,0.77,1063.8,0.36,24,1.0,267,81.99,11.93,41.41
Poland,2005,820.0,53.646008289315,124.559510744731,8544.18638606465,38.4502989225144,11.8,18.1702949126104,Other/Global,30.0133842588059,0.15,3.94,37.87,43.59,984.0,1476.0,32.93,0.74,769.9,-1.53,26,1.0,259,82.75,12.53,37.36
Poland,2006,868.0,52.351964003791,124.489448742056,9348.89546237936,38.5800311500904,11.8,16.5377201984067,Other/Global,30.1025071820319,0.16,4.17,38.11,43.39,1041.6,1562.4,33.08,0.73,855.4,-0.62,26,1.0,249,81.65,11.93,38.03
Poland,2007,916.0,51.0579197182671,124.419386739381,10153.604538694,38.7243994792396,11.8,15.4587002523961,Other/Global,30.1906503003395,0.16,4.4,38.36,43.2,1099.2,1648.8,33.22,0.71,902.5,-0.56,24,1.0,251,80.0,11.26,38.19
Poland,2008,964.0,49.7638754327431,124.349324736706,10958.3136150087,38.8741239624726,11.8,14.6749377451477,Other/Global,30.2807704864512,0.17,4.63,38.6,43.0,1156.8,1735.2,33.36,0.63,990.9,0.05,23,1.0,283,81.44,13.02,36.52
Poland,2009,1012.0,48.4698311472191,124.279262734031,11763.0226913234,39.0199246523,11.8,13.9400143579404,Other/Global,30.3709024422097,0.18,4.86,38.84,42.79,1214.4,1821.6,33.49,0.69,931.8,-0.67,21,1.0,277,83.74,12.28,30.62
Poland,2010,1060.0,47.1757868616952,124.209200731357,12567.7317676382,39.1525216012323,11.8,13.7093433924596,Other/Global,30.4590570719603,0.19,5.09,39.0,42.54,1272.0,1908.0,33.61,0.68,924.7,-0.71,24,1.0,270,83.64,13.91,35.12
Poland,2011,1074.0,47.1276114286748,124.179674507813,12581.6898205986,39.2642909347456,11.8,13.5566050411973,Other/Global,30.5234627567515,0.19,5.16,39.08,42.58,1288.8,1933.2,33.64,0.54,809.7,-0.94,20,1.0,278,81.43,14.09,35.87
Poland,2012,1088.0,47.0794359956545,124.150148284269,12595.6478735591,39.3658367211134,11.8,13.221535148357,Other/Global,30.5838939324669,0.2,5.22,39.08,42.59,1305.6,1958.4,33.67,0.68,807.3,-1.02,22,1.0,296,85.05,13.6,35.06
Poland,2013,1102.0,47.0312605626342,124.120622060726,12609.6059265196,39.4666812534677,11.8,12.6233425735333,Other/Global,30.6443290552235,0.2,5.29,39.16,42.63,1322.4,1983.6,33.71,0.68,925.7,-0.21,24,1.0,293,81.39,14.42,36.32
Poland,2014,1116.0,46.9830851296139,124.091095837182,12623.5639794801,39.5659936655672,11.8,12.0840616673872,Other/Global,30.7057709265489,0.2,5.36,39.16,42.63,1339.2,2008.8,33.74,0.59,790.7,-1.19,22,1.0,286,82.24,16.54,36.75
Poland,2015,1130.0,46.9349096965936,124.061569613639,12637.5220324406,39.6637113194365,11.8,11.5341847677397,Other/Global,30.7652111434077,0.2,5.42,39.24,42.67,1356.0,2034.0,33.77,0.74,857.3,-0.92,25,1.0,291,83.32,15.64,32.98
Poland,2016,1230.0,47.1732503326513,123.758939812036,13340.2037222219,39.7597715771003,11.8,10.5841774948991,Other/Global,30.8142003331265,0.22,5.9,39.65,43.05,1476.0,2214.0,33.99,0.85,939.9,-1.08,26,1.0,286,82.56,16.01,31.07
Poland,2017,1330.0,47.4115909687091,123.456310010433,14042.8854120032,39.854111800583,11.8,10.2217444992013,Other/Global,30.8533916849015,0.24,6.38,40.05,43.43,1596.0,2394.0,34.18,1.1,821.3,-0.84,28,1.0,299,82.21,17.3,32.23
Poland,2018,1430.0,47.6499316047668,123.15368020883,14745.5671017846,39.9466693519093,11.8,9.61848760646282,Other/Global,30.8946010386387,0.26,6.86,40.45,43.79,1716.0,2574.0,34.36,1.03,1028.3,-0.02,29,1.0,297,82.55,18.66,34.9
Poland,2019,1530.0,47.8882722408246,122.851050407227,15448.2487915659,40.0373815931037,11.8,9.15364541967772,Other/Global,30.939858220901,0.28,7.34,40.77,44.11,1836.0,2754.0,34.53,0.89,997.7,-0.48,27,1.0,304,83.71,17.37,36.11
Poland,2020,1630.0,48.1266128768824,122.548420605625,16150.9304813473,40.1261858861908,11.8,9.58676149341363,Other/Global,30.9770358997811,0.29,7.82,41.18,44.46,1956.0,2934.0,34.69,1.03,774.1,-1.33,30,1.0,301,84.73,19.26,34.77
Portugal,1990,46050.0,43.3114754098361,109.106207650273,7884.61798756332,52.2615736302128,20.4,6.55880007498891,Other/Global,37.1475409836066,8.29,221.04,54.39,53.89,55260.0,82890.0,42.76,0.15,819.9,-0.25,16,1.0,184,83.99,5.68,29.02
Portugal,1991,45685.0,43.3042404371585,109.44137704918,8248.79339548666,51.634140174852,20.4,6.55880007498891,Other/Global,37.0185792349727,8.22,219.29,54.47,53.91,54822.0,82233.0,42.76,0.43,711.7,-0.53,20,1.0,222,82.87,7.66,32.39
Portugal,1992,45320.0,43.2970054644809,109.776546448087,8612.96880341001,50.9971282591898,20.4,6.39533673180663,Other/Global,36.8896174863388,8.16,217.54,54.55,53.94,54384.0,81576.0,42.76,0.36,832.0,-0.39,20,1.0,219,83.75,7.41,31.83
Portugal,1993,44955.0,43.2897704918033,110.111715846994,8977.14421133336,50.3410478619963,20.4,6.29798372280154,Other/Global,36.7606557377049,8.09,215.78,54.63,53.97,53946.0,80919.0,42.76,0.43,955.9,-0.37,21,1.0,210,86.0,6.69,32.14
Portugal,1994,44590.0,43.2825355191257,110.446885245901,9341.31961925671,49.6711937215351,20.4,6.40971778367312,Other/Global,36.631693989071,8.03,214.03,54.63,53.96,53508.0,80262.0,42.76,0.55,861.5,-1.05,22,1.0,213,84.6,7.64,35.45
Portugal,1995,44225.0,43.2753005464481,110.782054644808,9705.49502718005,48.991708984073,20.4,6.24193113298254,Other/Global,36.5027322404372,7.96,212.28,54.71,53.98,53070.0,79605.0,42.76,0.34,931.6,-0.5,20,1.0,200,85.24,7.21,33.47
Portugal,1996,43860.0,43.2680655737705,111.117224043715,10069.6704351034,48.3067367958768,20.4,6.68280478698213,Other/Global,36.3737704918033,7.89,210.53,54.79,54.01,52632.0,78948.0,42.76,0.3,773.0,-0.64,17,1.0,241,84.63,8.42,31.58
Portugal,1997,43495.0,43.2608306010929,111.452393442622,10433.8458430267,47.6204203032132,20.4,7.35083383858867,Other/Global,36.2448087431694,7.83,208.78,54.88,54.04,52194.0,78291.0,42.76,0.34,958.6,-0.27,23,1.0,247,84.76,8.06,29.2
Portugal,1998,43130.0,43.2535956284153,111.787562841529,10798.0212509501,46.936902652349,20.4,7.75754049987658,Other/Global,36.1158469945355,7.76,207.02,54.96,54.07,51756.0,77634.0,42.76,0.45,850.4,-0.47,21,1.0,230,83.69,8.61,34.55
Portugal,1999,42765.0,43.2463606557377,112.122732240436,11162.1966588734,46.2603269895509,20.4,7.0325340704799,Other/Global,35.9868852459016,7.7,205.27,55.04,54.1,51318.0,76977.0,42.76,0.25,895.8,-0.38,21,1.0,240,85.37,10.53,28.34
Portugal,2000,42400.0,43.2391256830601,112.457901639344,11526.3720667968,45.5948364610858,20.4,6.9516259995263,Other/Global,35.8579234972678,7.63,203.52,55.04,54.08,50880.0,76320.0,42.76,0.17,887.5,-0.5,15,1.0,224,80.24,10.21,31.32
Portugal,2001,42123.0,42.9049172309239,112.756057321025,12628.928369998,44.9320166990788,20.4,7.27002556409339,Other/Global,35.8262295081967,7.58,202.19,55.04,53.98,50547.6,75821.4,42.76,0.41,793.2,-1.04,20,1.0,243,84.41,10.86,29.3
Portugal,2002,41846.0,42.5707087787878,113.054213002707,13731.4846731992,44.210700130321,20.4,6.91822354911189,Other/Global,35.7945355191257,7.53,200.86,55.04,53.87,50215.2,75322.8,42.76,0.55,802.7,-0.3,25,1.0,235,84.38,10.72,30.69
Portugal,2003,41569.0,42.2365003266517,113.352368684389,14834.0409764004,43.4134490479287,20.4,7.13350862275027,Other/Global,35.7628415300546,7.48,199.53,55.04,53.76,49882.8,74824.2,42.76,0.67,972.4,-0.03,26,1.0,239,82.85,11.42,31.14
Portugal,2004,41292.0,41.9022918745156,113.650524366071,15936.5972796016,42.5828142352336,19.4,6.70682178257643,Other/Global,35.7311475409836,7.43,198.2,55.04,53.65,49550.4,74325.6,42.76,0.61,927.0,0.12,23,1.0,248,84.39,11.93,28.5
Portugal,2005,41015.0,41.5680834223795,113.948680047753,17039.1535828029,41.7549236610415,18.5,6.5633522915839,Other/Global,35.71116212966,7.38,196.87,55.04,53.54,49218.0,73827.0,42.76,0.66,979.1,-0.1,24,1.0,250,84.77,12.28,26.05
Portugal,2006,40738.0,41.2338749702433,114.246835729435,18141.7098860041,40.9659052941581,18.1,6.46957813701059,Other/Global,35.679457745709,7.33,195.54,55.04,53.43,48885.6,73328.4,42.76,0.81,921.1,-0.71,27,1.0,258,82.06,12.8,28.83
Portugal,2007,40461.0,40.8996665181072,114.544991411117,19244.2661892053,40.2518871033891,18.5,6.42664351997806,Other/Global,35.647753361758,7.28,194.21,55.04,53.32,48553.2,72829.8,42.76,0.57,906.6,-0.04,21,1.0,279,84.66,13.15,27.86
Portugal,2008,40184.0,40.5654580659711,114.843147092799,20346.8224924065,39.6489970575405,17.9,6.19481427381208,Other/Global,35.6160489778069,7.23,192.88,55.04,53.21,48220.8,72331.2,42.76,0.68,757.1,-1.03,25,1.0,235,85.87,13.29,28.47
Portugal,2009,39907.0,40.231249613835,115.141302774481,21449.3787956077,39.1933631254178,17.9,6.20325482152001,Other/Global,35.5377224587837,7.18,191.55,55.04,53.11,47888.4,71832.6,42.76,0.7,873.6,-0.58,28,1.0,262,86.41,14.88,29.63
Portugal,2010,39630.0,39.8970411616989,115.439458456163,22551.935098809,38.9211132758269,18.0,6.05437050776722,Other/Global,35.5060596134949,7.13,190.22,55.04,53.0,47556.0,71334.0,42.76,0.69,893.1,-0.59,24,1.0,283,85.23,14.72,33.05
Portugal,2011,38982.0,39.8620817403488,114.966070681721,21884.7043393341,38.8589301604498,17.9,5.45887020198126,Other/Global,35.6370782836554,7.02,187.11,54.79,52.84,46778.4,70167.6,42.69,0.6,1051.6,-0.86,24,1.0,280,84.39,17.09,28.76
Portugal,2012,38334.0,39.8271223189987,114.49268290728,21217.4735798592,38.8590206085334,18.7,5.85063645460905,Other/Global,35.7680969538159,6.9,184.0,54.63,52.73,46000.8,69001.2,42.62,0.66,950.4,0.12,23,1.0,269,85.67,14.97,28.85
Portugal,2013,37686.0,39.7921628976487,114.019295132838,20550.2428203844,38.8594684784358,19.5,5.49731675573142,Other/Global,35.893158903643,6.78,180.89,54.39,52.58,45223.2,67834.8,42.55,0.49,1018.4,0.15,19,1.0,316,83.5,16.0,29.65
Portugal,2014,37038.0,39.7572034762986,113.545907358397,19883.0120609095,38.8605462638884,19.5,4.55888760342955,Other/Global,36.0239985328408,6.67,177.78,54.23,52.46,44445.6,66668.4,42.47,0.69,943.4,-0.31,24,1.0,328,85.47,17.19,31.13
Portugal,2015,36390.0,39.7222440549486,113.072519583956,19215.7813014347,38.862530788462,19.0,3.95165683044813,Other/Global,36.154994891142,6.55,174.67,54.07,52.35,43668.0,65502.0,42.4,0.85,838.7,-0.9,27,1.0,291,84.48,15.17,30.88
Portugal,2016,36390.0,40.4110133004969,112.939350869379,19832.5059223912,38.8656988757277,18.3,3.61553758118563,Other/Global,36.154994891142,6.55,174.67,54.07,52.56,43668.0,65502.0,42.39,0.81,905.0,-0.58,30,1.0,280,85.78,17.97,26.33
Portugal,2017,36390.0,41.0997825460452,112.806182154803,20449.2305433477,38.8703273492564,17.3,3.35174740170112,Other/Global,36.154994891142,6.55,174.67,54.07,52.76,43668.0,65502.0,42.38,0.95,914.5,-0.89,27,1.0,294,83.62,17.17,28.48
Portugal,2018,36390.0,41.7885517915935,112.673013440226,21065.9551643042,38.8766930326192,17.2,3.14470982189453,Other/Global,36.154994891142,6.55,174.67,54.07,52.97,43668.0,65502.0,42.37,1.02,820.5,-0.9,29,1.0,285,86.08,17.44,33.2
Portugal,2019,36390.0,42.4773210371418,112.53984472565,21682.6797852607,38.885072749387,16.2,2.8773483224011,Other/Global,36.154994891142,6.55,174.67,54.07,53.18,43668.0,65502.0,42.36,0.97,864.9,-1.29,30,1.0,311,85.3,19.24,30.34
Portugal,2020,36390.0,43.1660902826901,112.406676011074,22299.4044062173,38.8957433231309,18.4,2.86634832641125,Other/Global,36.154994891142,6.55,174.67,54.07,53.38,43668.0,65502.0,42.36,1.01,879.2,-0.82,30,1.0,317,84.11,19.8,33.72
Qatar,1990,0.0,5.25409130060293,37.9134366925065,16721.6207714589,7.0762631148847,23.1,4.34853273137698,Other/Global,0.0,0.0,0.0,0.0,1.58,0.0,0.0,15.0,0.19,1028.4,0.44,20,37.66,372,73.33,6.12,6.48
Qatar,1991,0.0,5.29715762273901,39.6775538329027,17802.9769884064,6.5639020386584,23.1,4.34853273137698,Other/Global,0.0,0.0,0.0,0.0,1.59,0.0,0.0,15.0,0.32,733.5,-0.87,18,36.41,362,75.71,7.28,5.0
Qatar,1992,0.0,5.3402239448751,41.4416709732989,18884.3332053539,6.0944050845294,23.1,4.25319558746279,Other/Global,0.0,0.0,0.0,0.0,1.6,0.0,0.0,15.0,0.45,996.5,0.07,22,36.46,363,76.21,9.06,5.0
Qatar,1993,0.0,5.38329026701119,43.2057881136951,19965.6894223014,5.66609372961619,23.1,4.17865048921034,Other/Global,0.0,0.0,0.0,0.0,1.61,0.0,0.0,15.0,0.45,825.1,-0.91,24,35.26,343,73.87,8.28,5.0
Qatar,1994,0.0,5.42635658914728,44.9699052540913,21047.0456392489,5.2772894510374,23.1,4.0547298644501,Other/Global,0.0,0.0,0.0,0.0,1.63,0.0,0.0,15.0,0.4,790.2,-0.98,19,36.9,350,73.01,8.37,6.31
Qatar,1995,0.0,5.46942291128337,46.7340223944875,22128.4018561964,4.9263137259117,23.1,3.95213750969437,Other/Global,0.0,0.0,0.0,0.0,1.64,0.0,0.0,15.0,0.46,994.4,0.02,21,37.25,343,74.73,9.62,5.08
Qatar,1996,0.0,5.51248923341946,48.4981395348837,23209.7580731439,4.6114880313576,23.1,3.8322283060992,Other/Global,0.0,0.0,0.0,0.0,1.65,0.0,0.0,15.0,0.47,958.6,0.02,19,37.43,379,70.23,10.19,5.34
Qatar,1997,0.0,5.55555555555555,50.2622566752799,24291.1142900914,4.3336498045005,23.1,3.67397207425104,Other/Global,0.0,0.0,0.0,0.0,1.67,0.0,0.0,15.0,0.22,1000.4,-0.4,21,39.01,401,69.12,10.6,5.92
Qatar,1998,0.0,5.59862187769164,52.0263738156761,25372.4705070389,4.09362261155469,23.1,3.24720211125508,Other/Global,0.0,0.0,0.0,0.0,1.68,0.0,0.0,15.0,0.46,964.1,0.0,22,36.78,399,72.5,11.7,5.76
Qatar,1999,0.0,5.64168819982773,53.7904909560723,26453.8267239864,3.8888161292177,23.1,2.90669740258717,Other/Global,0.0,0.0,0.0,0.0,1.69,0.0,0.0,15.0,0.34,1064.8,0.11,18,42.44,422,70.67,11.37,6.01
Qatar,2000,0.0,5.68475452196382,55.5546080964686,27535.182940934,3.7057281073362,23.1,2.60069500265882,Other/Global,0.0,0.0,0.0,0.0,1.71,0.0,0.0,15.0,0.43,944.7,-0.25,22,41.44,403,69.51,12.93,5.0
Qatar,2001,0.0,5.70284237726097,63.9253488372093,32427.9258417079,3.5325692448276,23.1,2.29353948300944,Other/Global,0.0,0.0,0.0,0.0,1.71,0.0,0.0,15.0,0.54,887.5,-0.88,23,38.18,426,71.13,13.25,5.99
Qatar,2002,0.0,5.72093023255813,72.29608957795,37320.6687424819,3.3575502406095,23.1,2.44208249174972,Other/Global,0.0,0.0,0.0,0.0,1.72,0.0,0.0,15.0,0.4,927.4,-0.48,19,39.96,395,71.07,13.51,6.41
Qatar,2003,0.0,5.73901808785529,80.6668303186908,42213.4116432558,3.1688817935991,23.1,2.60264259314649,Other/Global,0.0,0.0,0.0,0.0,1.72,0.0,0.0,15.0,0.52,999.5,0.21,24,39.3,395,73.65,17.04,5.34
Qatar,2004,0.0,5.75710594315245,89.0375710594315,47106.1545440298,2.9527420440959,23.1,2.74814971624911,Other/Global,0.0,0.0,0.0,0.0,1.73,0.0,0.0,15.0,0.62,837.6,-0.69,22,41.55,435,70.3,15.65,6.37
Qatar,2005,0.0,5.77519379844961,97.4083118001723,51998.8974448038,2.6983345081829,23.1,2.86676716783504,Other/Global,0.0,0.0,0.0,0.0,1.73,0.0,0.0,15.0,0.63,847.8,-0.79,22,40.87,445,72.47,18.66,5.0
Qatar,2006,0.0,5.79328165374676,105.779052540913,56891.6403455777,2.4172621204938,23.1,2.96800111678119,Other/Global,0.0,0.0,0.0,0.0,1.74,0.0,0.0,15.0,0.86,875.3,-0.81,27,38.58,444,72.52,18.98,9.54
Qatar,2007,0.0,5.81136950904392,114.149793281653,61784.3832463517,2.1336874888265,23.1,2.35270671407743,Other/Global,0.0,0.0,0.0,0.0,1.74,0.0,0.0,15.0,0.66,731.6,-0.94,25,40.42,444,73.24,20.24,6.89
Qatar,2008,0.0,5.82945736434108,122.520534022394,66677.1261471256,1.8704806062678,23.1,1.56983290417176,Other/Global,0.0,0.0,0.0,0.0,1.75,0.0,0.0,15.0,0.66,911.0,-0.36,23,44.19,459,69.01,20.64,9.38
Qatar,2009,0.0,5.84754521963824,130.891274763135,71569.8690478996,1.6505114659045,23.1,1.57399405243925,Other/Global,0.0,0.0,0.0,0.0,1.75,0.0,0.0,15.0,0.7,749.1,-1.09,24,42.27,456,70.86,22.07,9.07
Qatar,2010,0.0,5.8656330749354,139.262015503876,76462.6119486736,1.4933767833335,23.1,1.46158116005563,Other/Global,0.0,0.0,0.0,0.0,1.76,0.0,0.0,15.0,0.56,904.2,-0.11,24,42.66,445,70.4,24.21,10.11
Qatar,2011,0.0,5.92836372713718,152.220004048009,74967.1382265409,1.3699389789091,23.1,1.3616030338994,Other/Global,0.0,0.0,0.0,0.0,1.78,0.0,0.0,15.0,0.61,969.2,0.03,24,44.4,447,69.0,22.84,12.99
Qatar,2012,0.0,5.99109437933896,165.177992592142,73471.6645044082,1.25719895280319,23.1,1.35475378080374,Other/Global,0.0,0.0,0.0,0.0,1.8,0.0,0.0,15.0,0.68,861.8,-0.55,23,45.21,471,69.67,23.48,10.39
Qatar,2013,0.0,6.05382503154074,178.135981136276,71976.1907822755,1.16423781720989,23.1,1.38014691648855,Other/Global,0.0,0.0,0.0,0.0,1.82,0.0,0.0,15.0,0.66,1034.2,-0.06,25,44.07,440,70.15,24.88,12.34
Qatar,2014,0.0,6.11655568374252,191.093969680409,70480.7170601428,1.098372161174,23.1,1.31039403673994,Other/Global,0.0,0.0,0.0,0.0,1.83,0.0,0.0,15.0,0.74,783.2,-0.78,24,41.35,453,71.08,23.72,14.5
Qatar,2015,0.0,6.1792863359443,204.051958224543,68985.2433380102,1.06175923188459,23.1,1.23297366564313,Other/Global,0.0,0.0,0.0,0.0,1.85,0.0,0.0,15.0,0.77,995.3,-0.2,25,43.8,463,67.14,24.37,14.22
Qatar,2016,0.0,6.23150565709312,211.87773716275,65524.9082919871,1.0144734654577,23.1,1.21584425434225,Other/Global,0.0,0.0,0.0,0.0,1.87,0.0,0.0,15.0,0.76,954.0,-0.11,24,42.18,476,68.91,24.3,12.74
Qatar,2017,0.0,6.28372497824194,219.703516100957,62064.573245964,0.968987473402194,23.1,1.2462067014981,Other/Global,0.0,0.0,0.0,0.0,1.89,0.0,0.0,15.0,0.97,762.7,-0.96,27,43.7,481,68.36,23.37,11.65
Qatar,2018,0.0,6.33594429939077,227.529295039164,58604.238199941,0.924431523775596,23.1,1.33538216170977,Other/Global,0.0,0.0,0.0,0.0,1.9,0.0,0.0,15.0,1.13,1116.9,-0.49,31,46.32,514,68.3,24.27,13.5
Qatar,2019,0.0,6.38816362053959,235.355073977371,55143.9031539179,0.880830332793295,23.1,1.53400410893958,Other/Global,0.0,0.0,0.0,0.0,1.92,0.0,0.0,15.0,1.0,894.9,-1.14,26,46.67,509,67.76,23.73,15.96
Qatar,2020,0.0,6.44038294168842,243.180852915579,51683.5681078949,0.838208616696605,23.1,1.33577120343499,Other/Global,0.0,0.0,0.0,0.0,1.93,0.0,0.0,15.0,1.01,829.8,-1.25,27,48.91,500,65.66,23.01,15.93
Romania,1990,1730.0,64.3950294310007,101.163440156965,1648.48522974542,45.786209756206,24.6,30.584736360733,Other/Global,27.7785044691519,0.31,8.3,43.43,50.55,2076.0,3114.0,33.92,0.33,787.2,-0.35,22,1.0,214,77.44,5.25,44.98
Romania,1991,1575.0,64.4232466568092,100.817228482045,1649.6296116814,45.6873196811801,24.6,30.584736360733,Other/Global,27.7630088032773,0.28,7.56,42.87,50.15,1890.0,2835.0,33.66,0.24,882.2,-0.72,18,1.0,181,79.25,5.24,43.04
Romania,1992,1420.0,64.4514638826178,100.471016807127,1650.77399361739,45.6869432208032,24.6,30.7174645086881,Other/Global,27.7608297742526,0.26,6.82,42.22,49.71,1704.0,2556.0,33.39,0.53,889.6,-0.34,23,1.0,222,77.54,5.45,42.16
Romania,1993,1265.0,64.4796811084263,100.124805132208,1651.91837555337,45.7643243417785,24.6,30.7512275814703,Other/Global,27.7586507452279,0.23,6.07,41.58,49.25,1518.0,2277.0,33.08,0.45,908.1,-0.22,24,1.0,203,75.44,5.64,40.73
Romania,1994,1110.0,64.5078983342349,99.778593457289,1653.06275748936,45.9094308343812,24.6,30.6265965065469,Other/Global,27.7504248180907,0.2,5.33,40.85,48.72,1332.0,1998.0,32.73,0.58,876.0,-0.2,24,1.0,209,78.59,5.1,41.28
Romania,1995,955.0,64.5361155600434,99.43238178237,1654.20713942534,46.1014561607403,24.6,31.8418929890705,Other/Global,27.7506645169724,0.17,4.58,39.97,48.1,1146.0,1719.0,32.34,0.38,950.5,-0.08,20,1.0,241,77.74,6.53,41.61
Romania,1996,800.0,64.564332785852,99.086170107451,1655.35152136133,46.322476886589,24.6,29.4709392188863,Other/Global,27.7448588358313,0.14,3.84,38.92,47.36,960.0,1440.0,31.88,0.56,868.9,-0.95,21,1.0,231,79.29,5.25,46.32
Romania,1997,645.0,64.5925500116605,98.739958432532,1656.49590329732,46.5545695776607,24.6,29.3064633829874,Other/Global,27.7414717030454,0.12,3.1,37.71,46.49,774.0,1161.0,31.32,0.45,745.1,-1.16,24,1.0,225,77.47,8.0,41.33
Romania,1998,490.0,64.6207672374691,98.393746757613,1657.6402852333,46.7798107996886,24.6,30.3801521211496,Other/Global,27.7320440785749,0.09,2.35,36.1,45.34,588.0,882.0,30.61,0.41,888.0,-0.72,25,1.0,247,78.08,6.86,41.36
Romania,1999,335.0,64.6489844632776,98.047535082694,1658.78466716929,46.9802771184061,24.6,32.3961886973886,Other/Global,27.7286585365854,0.06,1.61,33.84,43.74,402.0,603.0,29.64,0.39,710.6,-1.1,22,1.0,257,78.69,8.6,42.27
Romania,2000,180.0,64.6772016890862,97.701323407775,1659.92904910528,47.1380450995465,24.6,33.6054363981867,Other/Global,27.7132036045449,0.03,0.86,30.3,41.19,216.0,324.0,28.08,0.37,928.3,-0.26,19,1.0,224,75.71,7.43,45.76
Romania,2001,173.0,64.3629264234594,96.7322651813204,2333.88988653759,47.235191308843,24.6,32.7996686023183,Other/Global,27.7780679987811,0.03,0.83,30.06,40.92,207.6,311.4,27.94,0.54,821.6,-1.04,20,1.0,231,77.7,7.99,44.4
Romania,2002,166.0,64.0486511578327,95.7632069548659,3007.8507239699,47.2533572062241,24.6,26.3195686313993,Other/Global,27.823552442685,0.03,0.8,29.73,40.61,199.2,298.8,27.81,0.52,913.0,0.07,25,1.0,258,77.57,8.92,42.71
Romania,2003,159.0,63.734375892206,94.7941487284114,3681.81156140221,47.1976506180318,24.6,26.3082960276534,Other/Global,27.8786692759296,0.03,0.76,29.49,40.34,190.8,286.2,27.67,0.42,1005.1,-0.38,20,1.0,254,78.0,11.48,39.82
Romania,2004,152.0,63.4201006265792,93.8250905019568,4355.77239883452,47.0824704476192,24.6,21.7351208118541,Other/Global,27.9373913043478,0.03,0.73,29.25,40.07,182.4,273.6,27.52,0.55,824.1,-0.29,20,1.0,225,78.03,10.12,42.48
Romania,2005,145.0,63.1058253609525,92.8560322755023,5029.73323626684,46.925492968963,24.6,21.4879343050264,Other/Global,28.0046090964432,0.03,0.7,28.93,39.75,174.0,261.0,27.38,0.68,984.9,0.09,23,1.0,283,78.73,12.29,43.91
Romania,2006,138.0,62.7915500953258,91.8869740490478,5703.69407369915,46.7433619321728,24.6,20.0536181992268,Other/Global,28.069397338899,0.02,0.66,28.61,39.44,165.6,248.4,27.22,0.75,865.3,-0.45,23,1.0,252,79.03,11.81,44.73
Romania,2007,131.0,62.477274829699,90.9179158225932,6377.65491113146,46.5527210873584,23.6,19.1645715407001,Other/Global,28.1451998782026,0.02,0.63,28.28,39.11,157.2,235.8,27.06,0.72,1040.2,-0.32,27,1.0,248,79.64,11.71,37.34
Romania,2008,124.0,62.1629995640723,89.9488575961387,7051.61574856377,46.3702141846294,22.1,18.4796689027575,Other/Global,28.2087864288821,0.02,0.6,27.96,38.79,148.8,223.2,26.9,0.8,870.8,-0.63,26,1.0,267,79.57,12.54,39.92
Romania,2009,117.0,61.8487242984456,88.9797993696842,7725.57658599608,46.2124849740958,21.6,18.7917176522673,Other/Global,28.2539337564114,0.02,0.56,27.56,38.42,140.4,210.6,26.72,0.52,832.7,-1.02,21,1.0,284,80.47,13.15,41.41
Romania,2010,110.0,61.5344490328189,88.0107411432297,8399.5374234284,46.0961772058671,22.3,20.3773537091964,Other/Global,28.3199304499022,0.02,0.53,27.24,38.09,132.0,198.0,26.54,0.67,955.0,-0.08,25,1.0,291,80.28,13.72,43.48
Romania,2011,92.0,61.2738040106779,87.633572052275,8515.03343505911,46.0391125755831,22.9,18.9262725805488,Other/Global,28.6405352565495,0.02,0.44,26.03,37.18,110.4,165.6,26.09,0.5,865.1,-0.54,24,1.0,278,80.85,14.82,38.17
Romania,2012,74.0,61.0131589885369,87.2564029613203,8630.52944668982,46.0436907503927,23.0,19.3003397567107,Other/Global,28.9948004521346,0.01,0.36,24.74,36.18,88.8,133.2,25.56,0.71,832.7,-0.92,24,1.0,319,80.72,14.22,38.43
Romania,2013,56.0,60.752513966396,86.8792338703656,8746.02545832053,46.0898241965635,25.1,18.9224052265256,Other/Global,29.3291135938791,0.01,0.27,23.05,34.91,67.2,100.8,24.87,0.68,861.8,-1.04,23,1.0,327,78.7,15.04,39.51
Romania,2014,38.0,60.491868944255,86.5020647794109,8861.52146995124,46.1732812375947,25.4,18.1895653235505,Other/Global,29.6582406119611,0.01,0.18,20.79,33.22,45.6,68.4,23.94,0.78,896.4,-1.38,28,1.0,294,79.01,16.52,37.46
Romania,2015,20.0,60.2312239221141,86.1248956884562,8977.01748158196,46.2928160481107,25.3,16.0162810804354,Other/Global,29.9937413073714,0.0,0.1,17.16,30.53,24.0,36.0,22.42,0.74,1007.4,-0.55,22,1.0,290,79.17,14.09,36.16
Romania,2016,20.0,59.5279902642559,85.6464829624478,9783.44939673002,46.4471828027361,23.6,14.138561345476,Other/Global,30.1158292767733,0.0,0.1,17.16,30.32,24.0,36.0,22.41,0.99,745.3,-0.97,27,1.0,290,81.03,15.75,43.88
Romania,2017,20.0,58.8247566063978,85.1680702364395,10589.881311878,46.6351356760954,23.5,13.8986309145005,Other/Global,30.1158292767733,0.0,0.1,17.16,30.11,24.0,36.0,22.4,1.03,901.8,-0.94,32,1.0,296,79.53,16.99,38.69
Romania,2018,20.0,58.1215229485396,84.6896575104311,11396.3132270261,46.8554288428132,23.8,13.5531156128166,Other/Global,30.1158292767733,0.0,0.1,17.16,29.9,24.0,36.0,22.39,1.03,950.0,-0.71,29,1.0,324,80.92,15.74,37.45
Romania,2019,20.0,57.4182892906815,84.2112447844228,12202.7451421742,47.1068164775138,23.4,12.7807371953682,Other/Global,30.1158292767733,0.0,0.1,17.16,29.69,24.0,36.0,22.38,0.99,915.5,-0.54,29,1.0,310,77.9,16.57,35.93
Romania,2020,20.0,56.7150556328234,83.7328320584145,13009.1770573223,47.388052754822,22.5,12.2550899409496,Other/Global,30.1158292767733,0.0,0.1,17.16,29.48,24.0,36.0,22.37,1.04,1004.8,0.06,27,1.0,322,77.83,17.1,37.78
Russia,1990,0.0,13.2566688683588,8.94901570933758,3494.06323242188,39.0452192448637,23.1,18.5778506151342,Other/Global,28.6435234422283,0.0,0.0,0.0,3.98,0.0,0.0,15.0,0.21,894.1,0.21,18,1.0,214,92.77,5.33,6.94
Russia,1991,0.0,13.2566688683588,8.94901570933758,3321.81632080078,39.0452192448637,23.1,18.5778506151342,Other/Global,28.6435234422283,0.0,0.0,0.0,3.98,0.0,0.0,15.0,0.41,885.2,-0.67,19,1.0,216,91.83,5.8,9.62
Russia,1992,0.0,13.2566688683588,8.94901570933758,3149.56940917969,39.0452192448637,23.1,18.5778506151342,Other/Global,28.6435234422283,0.0,0.0,0.0,3.98,0.0,0.0,15.0,0.53,947.4,-0.85,20,1.0,227,92.66,5.03,5.89
Russia,1993,0.0,13.2566688683588,8.94901570933758,2977.32249755859,39.0452192448637,23.1,18.5778506151342,Other/Global,28.6435234422283,0.0,0.0,0.0,3.98,0.0,0.0,15.0,0.52,907.9,0.32,21,1.0,227,89.4,6.43,8.0
Russia,1994,0.0,13.2566688683588,8.94901570933758,2805.0755859375,39.0452192448637,23.1,18.5778506151342,Other/Global,28.6435234422283,0.0,0.0,0.0,3.98,0.0,0.0,15.0,0.39,868.8,0.26,20,1.0,225,91.44,5.92,7.92
Russia,1995,0.0,13.2566688683588,8.94901570933758,2632.82867431641,39.0452192448637,23.1,18.5778506151342,Other/Global,28.6435234422283,0.0,0.0,0.0,3.98,0.0,0.0,15.0,0.47,941.3,-0.18,21,1.0,249,89.45,7.8,9.11
Russia,1996,0.0,13.2566688683588,8.94901570933758,2460.58176269531,39.0452192448637,23.1,18.5778506151342,Other/Global,28.6435234422283,0.0,0.0,0.0,3.98,0.0,0.0,15.0,0.31,847.8,-0.8,19,1.0,205,92.31,7.56,7.67
Russia,1997,0.0,13.2566688683588,8.94901570933758,2288.33485107422,39.0452192448637,23.1,18.5778506151342,Other/Global,28.6435234422283,0.0,0.0,0.0,3.98,0.0,0.0,15.0,0.43,851.1,-0.22,22,1.0,232,91.28,8.09,9.19
Russia,1998,0.0,13.2566688683588,8.94901570933758,2116.08793945312,39.0452192448637,23.1,18.5778506151342,Other/Global,28.6435234422283,0.0,0.0,0.0,3.98,0.0,0.0,15.0,0.41,857.8,-0.5,20,1.0,224,91.1,9.13,8.63
Russia,1999,0.0,13.2566688683588,8.94901570933758,1943.84102783203,39.0452192448637,23.1,18.5778506151342,Other/Global,28.6435234422283,0.0,0.0,0.0,3.98,0.0,0.0,15.0,0.22,1008.2,0.15,19,1.0,249,92.29,8.77,9.75
Russia,2000,0.0,13.2566688683588,8.94901570933758,1771.59411621094,39.0452192448637,23.1,18.5778506151342,Other/Global,28.6435234422283,0.0,0.0,0.0,3.98,0.0,0.0,15.0,0.3,642.3,-0.83,19,1.0,214,91.13,8.11,9.22
Russia,2001,0.0,13.2468456073195,8.92637769059664,2661.93372802734,39.0452192448637,23.1,18.5778506151342,Other/Global,28.6435234422283,0.0,0.0,0.0,3.97,0.0,0.0,15.0,0.42,931.6,-0.13,18,1.0,246,91.1,9.18,7.66
Russia,2002,0.0,13.2370223462803,8.9037396718557,3552.27333984375,39.0452192448637,23.1,18.5778506151342,Other/Global,28.6435234422283,0.0,0.0,0.0,3.97,0.0,0.0,15.0,0.48,902.7,-0.73,19,1.0,253,89.51,8.54,11.34
Russia,2003,0.0,13.227199085241,8.88110165311476,4442.61295166015,39.0452192448637,23.1,18.5778506151342,Other/Global,28.6435234422283,0.0,0.0,0.0,3.97,0.0,0.0,15.0,0.48,765.5,-0.93,19,1.0,268,92.87,9.22,6.99
Russia,2004,0.0,13.2173758242018,8.85846363437382,5332.95256347656,39.0452192448637,23.1,18.5778506151342,Other/Global,28.6435234422283,0.0,0.0,0.0,3.97,0.0,0.0,15.0,0.67,924.8,-0.25,25,1.0,246,91.39,11.1,11.08
Russia,2005,0.0,13.2075525631625,8.83582561563288,6223.29217529297,39.0452192448637,23.1,18.5778506151342,Other/Global,28.6435234422283,0.0,0.0,0.0,3.96,0.0,0.0,15.0,0.71,938.1,-0.29,24,1.0,298,91.89,12.47,10.18
Russia,2006,0.0,13.1977293021233,8.81318759689194,7113.63178710937,39.0452192448637,23.1,18.5778506151342,Other/Global,28.6435234422283,0.0,0.0,0.0,3.96,0.0,0.0,15.0,0.71,947.2,-0.33,28,1.0,251,89.63,12.51,9.36
Russia,2007,0.0,13.187906041084,8.790549578151,8003.97139892578,39.0452192448637,23.1,18.5778506151342,Other/Global,28.6435234422283,0.0,0.0,0.0,3.96,0.0,0.0,15.0,0.66,687.9,-0.95,28,1.0,246,92.93,12.43,8.0
Russia,2008,0.0,13.1780827800448,8.76791155941006,8894.31101074218,39.0452192448637,23.1,18.5778506151342,Other/Global,28.6435234422283,0.0,0.0,0.0,3.95,0.0,0.0,15.0,0.79,1009.3,-0.38,27,1.0,276,91.46,11.47,6.77
Russia,2009,0.0,13.1682595190055,8.74527354066912,9784.65062255859,39.0452192448637,23.1,18.5778506151342,Other/Global,28.6435234422283,0.0,0.0,0.0,3.95,0.0,0.0,15.0,0.81,841.0,-0.79,27,1.0,268,93.32,13.3,8.56
Russia,2010,0.0,13.1584362579663,8.72263552192818,10674.990234375,39.0452192448637,23.1,18.5778506151342,Other/Global,28.6435234422283,0.0,0.0,0.0,3.95,0.0,0.0,15.0,0.62,954.9,-1.33,23,1.0,301,92.46,12.9,8.53
Russia,2011,0.0,13.1584362579663,8.74451086196568,10395.5349609375,39.0452192448637,23.1,18.5778506151342,Other/Global,28.6435234422283,0.0,0.0,0.0,3.95,0.0,0.0,15.0,0.6,959.3,-0.42,30,1.0,253,88.32,14.35,7.96
Russia,2012,0.0,13.1584362579663,8.76638620200318,10116.0796875,39.0452192448637,23.1,18.5778506151342,Other/Global,28.6435234422283,0.0,0.0,0.0,3.95,0.0,0.0,15.0,0.69,829.9,-0.56,24,1.0,281,92.19,13.32,9.25
Russia,2013,0.0,13.1584362579663,8.78826154204069,9836.6244140625,39.0452192448637,23.1,18.5778506151342,Other/Global,28.6435234422283,0.0,0.0,0.0,3.95,0.0,0.0,15.0,0.66,952.8,-0.47,25,1.0,296,92.35,14.85,9.98
Russia,2014,0.0,13.1584362579663,8.81013688207819,9557.169140625,39.0452192448637,23.1,18.5778506151342,Other/Global,28.6435234422283,0.0,0.0,0.0,3.95,0.0,0.0,15.0,0.73,869.2,-0.83,24,1.0,278,92.0,14.64,6.5
Russia,2015,0.0,13.1584362579663,8.8320122221157,9277.7138671875,39.0452192448637,23.1,18.5778506151342,Other/Global,28.6435234422283,0.0,0.0,0.0,3.95,0.0,0.0,15.0,0.87,734.3,-1.56,29,1.0,270,91.49,15.46,6.85
Russia,2016,0.0,13.1584362579663,8.83939375472846,9443.8365234375,39.0452192448637,23.1,18.5778506151342,Other/Global,28.6435234422283,0.0,0.0,0.0,3.95,0.0,0.0,15.0,0.73,993.4,0.03,24,1.0,316,91.0,15.37,5.64
Russia,2017,0.0,13.1584362579663,8.84677528734122,9609.9591796875,39.0452192448637,23.1,18.5778506151342,Other/Global,28.6435234422283,0.0,0.0,0.0,3.95,0.0,0.0,15.0,1.05,838.0,-0.88,29,1.0,286,91.2,14.95,8.92
Russia,2018,0.0,13.1584362579663,8.85415681995399,9776.0818359375,39.0452192448637,23.1,18.5778506151342,Other/Global,28.6435234422283,0.0,0.0,0.0,3.95,0.0,0.0,15.0,0.99,831.6,-0.77,27,1.0,317,92.91,17.43,11.31
Russia,2019,0.0,13.1584362579663,8.86153835256675,9942.2044921875,39.0452192448637,23.1,18.5778506151342,Other/Global,28.6435234422283,0.0,0.0,0.0,3.95,0.0,0.0,15.0,0.97,867.8,-1.4,28,1.0,291,93.0,16.77,5.54
Russia,2020,0.0,13.1584362579663,8.86891988517952,10108.3271484375,39.0452192448637,23.1,18.5778506151342,Other/Global,28.6435234422283,0.0,0.0,0.0,3.95,0.0,0.0,15.0,0.99,921.8,-0.77,29,1.0,304,91.01,17.07,6.66
Saint Vincent and the Grenadines,1990,80.0,27.1282051282051,286.697435897436,2149.73944358984,39.0452192448637,23.1,18.5778506151342,Other/Global,28.6435234422283,0.01,0.38,25.3,26.39,96.0,144.0,29.47,0.27,895.4,-0.32,17,1.0,215,86.79,4.71,27.72
Saint Vincent and the Grenadines,1991,75.0,26.2102564102563,287.141794871794,2311.66103583487,39.0452192448637,23.1,18.5778506151342,Other/Global,28.6435234422283,0.01,0.36,24.9,25.84,90.0,135.0,29.26,0.2,943.8,-0.1,19,1.0,213,89.48,4.7,28.87
Saint Vincent and the Grenadines,1992,70.0,25.2923076923076,287.586153846154,2473.58262807991,39.0452192448637,23.1,18.5778506151342,Other/Global,28.6435234422283,0.01,0.34,24.5,25.28,84.0,126.0,29.04,0.52,792.8,-0.96,22,1.0,197,89.3,5.1,25.27
Saint Vincent and the Grenadines,1993,65.0,24.3743589743589,288.030512820512,2635.50422032495,39.0452192448637,23.1,18.5778506151342,Other/Global,28.6435234422283,0.01,0.31,24.09,24.7,78.0,117.0,28.81,0.44,840.6,-0.65,21,1.0,222,88.67,7.19,31.21
Saint Vincent and the Grenadines,1994,60.0,23.4564102564102,288.474871794872,2797.42581256999,39.0452192448637,23.1,18.5778506151342,Other/Global,28.6435234422283,0.01,0.29,23.61,24.09,72.0,108.0,28.55,0.48,890.7,-0.16,22,1.0,185,87.49,6.51,29.84
Saint Vincent and the Grenadines,1995,55.0,22.5384615384614,288.919230769231,2959.34740481503,39.0452192448637,23.1,18.5778506151342,Other/Global,28.6435234422283,0.01,0.26,23.13,23.46,66.0,99.0,28.28,0.52,1051.8,-0.48,23,1.0,203,86.86,6.49,28.34
Saint Vincent and the Grenadines,1996,50.0,21.6205128205127,289.363589743589,3121.26899706006,39.0452192448637,23.1,18.5778506151342,Other/Global,28.6435234422283,0.01,0.24,22.64,22.82,60.0,90.0,27.97,0.33,890.9,0.24,20,1.0,251,90.01,5.92,29.24
Saint Vincent and the Grenadines,1997,45.0,20.702564102564,289.807948717949,3283.1905893051,39.0452192448637,23.1,18.5778506151342,Other/Global,28.6435234422283,0.01,0.22,22.0,22.1,54.0,81.0,27.64,0.43,986.8,0.09,18,1.0,226,88.66,7.24,28.6
Saint Vincent and the Grenadines,1998,40.0,19.7846153846153,290.252307692307,3445.11218155014,39.0452192448637,23.1,18.5778506151342,Other/Global,28.6435234422283,0.01,0.19,21.35,21.35,48.0,72.0,27.26,0.35,903.1,-0.28,18,1.0,242,88.86,7.28,26.25
Saint Vincent and the Grenadines,1999,35.0,18.8666666666666,290.696666666667,3607.03377379518,39.0452192448637,23.1,18.5778506151342,Other/Global,28.6435234422283,0.01,0.17,20.63,20.55,42.0,63.0,26.84,0.44,861.3,-0.21,24,1.0,246,90.3,8.12,23.16
Saint Vincent and the Grenadines,2000,30.0,17.9487179487179,291.141025641026,3768.95536604022,39.0452192448637,23.1,18.5778506151342,Other/Global,28.6435234422283,0.01,0.14,19.74,19.64,36.0,54.0,26.35,0.22,880.3,-0.68,17,1.0,234,89.37,10.08,23.81
Saint Vincent and the Grenadines,2001,30.0,17.9487179487179,290.221538461538,4047.2566654286,39.0452192448637,23.1,18.5778506151342,Other/Global,28.6435234422283,0.01,0.14,19.74,19.64,36.0,54.0,26.34,0.43,886.5,-0.59,22,1.0,244,89.42,10.43,25.1
Saint Vincent and the Grenadines,2002,30.0,17.9487179487179,289.302051282051,4325.55796481698,39.0452192448637,23.1,18.5778506151342,Other/Global,28.6435234422283,0.01,0.14,19.74,19.64,36.0,54.0,26.33,0.46,948.3,-0.24,21,1.0,228,89.15,9.5,23.68
Saint Vincent and the Grenadines,2003,30.0,17.9487179487179,288.382564102564,4603.85926420536,39.0452192448637,23.1,18.5778506151342,Other/Global,28.6435234422283,0.01,0.14,19.74,19.64,36.0,54.0,26.32,0.61,1010.0,0.29,24,1.0,251,90.81,9.58,28.65
Saint Vincent and the Grenadines,2004,30.0,17.9487179487179,287.463076923077,4882.16056359375,39.0452192448637,23.1,18.5778506151342,Other/Global,28.6435234422283,0.01,0.14,19.74,19.64,36.0,54.0,26.31,0.68,928.8,-0.46,24,1.0,245,88.83,11.01,25.46
Saint Vincent and the Grenadines,2005,30.0,17.9487179487179,286.54358974359,5160.46186298213,39.0452192448637,23.1,18.5778506151342,Other/Global,28.6435234422283,0.01,0.14,19.74,19.64,36.0,54.0,26.3,0.64,995.0,-0.06,22,1.0,288,88.2,11.87,25.3
Saint Vincent and the Grenadines,2006,30.0,17.9487179487179,285.624102564102,5438.76316237051,39.0452192448637,23.1,18.5778506151342,Other/Global,28.6435234422283,0.01,0.14,19.74,19.64,36.0,54.0,26.29,0.66,822.8,-0.96,23,1.0,249,88.82,11.18,26.94
Saint Vincent and the Grenadines,2007,30.0,17.9487179487179,284.704615384615,5717.0644617589,39.0452192448637,23.1,18.5778506151342,Other/Global,28.6435234422283,0.01,0.14,19.74,19.64,36.0,54.0,26.28,0.71,866.8,-0.53,22,1.0,271,91.69,13.43,25.56
Saint Vincent and the Grenadines,2008,30.0,17.9487179487179,283.785128205128,5995.36576114728,39.0452192448637,23.1,18.5778506151342,Other/Global,28.6435234422283,0.01,0.14,19.74,19.64,36.0,54.0,26.28,0.64,842.1,-0.2,23,1.0,263,89.27,11.81,24.43
Saint Vincent and the Grenadines,2009,30.0,17.9487179487179,282.865641025641,6273.66706053566,39.0452192448637,23.1,18.5778506151342,Other/Global,28.6435234422283,0.01,0.14,19.74,19.64,36.0,54.0,26.27,0.75,925.2,-0.22,23,1.0,282,90.55,12.38,27.94
Saint Vincent and the Grenadines,2010,30.0,17.9487179487179,281.946153846154,6551.96835992405,39.0452192448637,23.1,18.5778506151342,Other/Global,28.6435234422283,0.01,0.14,19.74,19.64,36.0,54.0,26.26,0.63,871.3,-0.62,26,1.0,253,89.59,12.96,25.74
Saint Vincent and the Grenadines,2011,30.0,17.9487179487179,280.408205128205,6712.3218000476,39.0452192448637,23.1,18.5778506151342,Other/Global,28.6435234422283,0.01,0.14,19.74,19.64,36.0,54.0,26.24,0.41,958.4,0.07,18,1.0,275,89.73,13.22,23.8
Saint Vincent and the Grenadines,2012,30.0,17.9487179487179,278.870256410256,6872.67524017116,39.0452192448637,23.1,18.5778506151342,Other/Global,28.6435234422283,0.01,0.14,19.74,19.64,36.0,54.0,26.23,0.62,825.5,-0.57,20,1.0,290,91.61,12.97,25.07
Saint Vincent and the Grenadines,2013,30.0,17.9487179487179,277.332307692307,7033.02868029472,39.0452192448637,23.1,18.5778506151342,Other/Global,28.6435234422283,0.01,0.14,19.74,19.64,36.0,54.0,26.21,0.61,903.4,-0.32,24,1.0,288,90.11,14.91,23.58
Saint Vincent and the Grenadines,2014,30.0,17.9487179487179,275.794358974358,7193.38212041828,39.0452192448637,23.1,18.5778506151342,Other/Global,28.6435234422283,0.01,0.14,19.74,19.64,36.0,54.0,26.2,0.61,954.9,0.03,21,1.0,295,91.96,14.47,22.92
Saint Vincent and the Grenadines,2015,30.0,17.9487179487179,274.25641025641,7353.73556054184,39.0452192448637,23.1,18.5778506151342,Other/Global,28.6435234422283,0.01,0.14,19.74,19.64,36.0,54.0,26.18,0.71,734.8,-0.79,25,1.0,279,92.29,16.83,26.06
Saint Vincent and the Grenadines,2016,26.0,17.9487179487179,272.495384615384,7553.22909651543,39.0452192448637,23.1,18.5778506151342,Other/Global,28.6435234422283,0.0,0.12,18.94,19.06,31.2,46.8,25.71,0.89,1069.7,-0.18,25,1.0,290,91.86,16.13,23.39
Saint Vincent and the Grenadines,2017,22.0,17.9487179487179,270.734358974358,7752.72263248903,39.0452192448637,23.1,18.5778506151342,Other/Global,28.6435234422283,0.0,0.11,18.05,18.41,26.4,39.6,25.17,1.05,877.3,-0.72,29,1.0,298,89.34,16.18,22.77
Saint Vincent and the Grenadines,2018,18.0,17.9487179487179,268.973333333333,7952.21616846262,39.0452192448637,23.1,18.5778506151342,Other/Global,28.6435234422283,0.0,0.09,16.92,17.6,21.6,32.4,24.54,1.01,738.0,-1.46,29,1.0,313,90.17,17.88,24.58
Saint Vincent and the Grenadines,2019,14.0,17.9487179487179,267.212307692307,8151.70970443622,39.0452192448637,23.1,18.5778506151342,Other/Global,28.6435234422283,0.0,0.07,15.55,16.61,16.8,25.2,23.76,0.95,912.6,-0.99,27,1.0,326,91.74,17.32,26.23
Saint Vincent and the Grenadines,2020,10.0,17.9487179487179,265.451282051282,8351.20324040982,39.0452192448637,23.1,18.5778506151342,Other/Global,28.6435234422283,0.0,0.05,13.78,15.33,12.0,18.0,22.74,1.03,902.7,-0.9,30,1.0,281,90.92,17.7,19.84
San Marino,1990,0.0,16.6666666666667,391.25,37600.7077379601,9.4918686896857,23.1,18.5778506151342,Other/Global,16.6666666666667,0.0,0.0,0.0,5.0,0.0,0.0,15.0,0.23,893.4,-0.23,20,1.0,199,91.68,9.61,28.11
San Marino,1991,0.0,16.6666666666667,396.79,37600.7077379601,9.31605289288041,23.1,18.5778506151342,Other/Global,16.6666666666667,0.0,0.0,0.0,5.0,0.0,0.0,15.0,0.28,979.3,-0.46,16,1.0,197,91.78,10.33,25.37
San Marino,1992,0.0,16.6666666666667,402.33,37600.7077379601,9.0513573661699,23.1,18.5778506151342,Other/Global,16.6666666666667,0.0,0.0,0.0,5.0,0.0,0.0,15.0,0.31,959.8,0.21,19,1.0,199,91.85,11.7,23.35
San Marino,1993,0.0,16.6666666666667,407.87,37600.7077379601,8.7185729501243,23.1,18.5778506151342,Other/Global,16.6666666666667,0.0,0.0,0.0,5.0,0.0,0.0,15.0,0.3,923.8,-0.99,22,1.0,218,89.11,11.93,30.49
San Marino,1994,0.0,16.6666666666667,413.409999999999,37600.7077379601,8.3384904853138,23.1,18.5778506151342,Other/Global,16.6666666666667,0.0,0.0,0.0,5.0,0.0,0.0,15.0,0.42,936.0,0.6,18,1.0,218,90.22,11.18,28.03
San Marino,1995,0.0,16.6666666666667,418.95,37600.7077379601,7.9319008123088,23.1,18.5778506151342,Other/Global,16.6666666666667,0.0,0.0,0.0,5.0,0.0,0.0,15.0,0.45,891.7,0.06,21,1.0,204,89.51,13.91,32.48
San Marino,1996,0.0,16.6666666666667,424.49,37600.7077379601,7.51959477167919,23.1,18.5778506151342,Other/Global,16.6666666666667,0.0,0.0,0.0,5.0,0.0,0.0,15.0,0.41,1042.0,0.07,18,1.0,207,90.15,12.26,28.82
San Marino,1997,0.0,16.6666666666667,430.03,37600.7077379601,7.12236320399541,23.1,18.5778506151342,Other/Global,16.6666666666667,0.0,0.0,0.0,5.0,0.0,0.0,15.0,0.36,781.7,-0.68,20,1.0,235,90.54,13.74,32.68
San Marino,1998,0.0,16.6666666666667,435.57,37600.7077379601,6.7609969498275,23.1,18.5778506151342,Other/Global,16.6666666666667,0.0,0.0,0.0,5.0,0.0,0.0,15.0,0.29,911.2,-0.1,20,1.0,215,90.41,13.39,32.36
San Marino,1999,0.0,16.6666666666667,441.109999999999,37600.7077379601,6.4562868497456,23.1,18.5778506151342,Other/Global,16.6666666666667,0.0,0.0,0.0,5.0,0.0,0.0,15.0,0.42,905.2,-0.5,21,1.0,225,89.58,13.92,30.19
San Marino,2000,0.0,16.6666666666667,446.65,37600.7077379601,6.2290237443201,23.1,18.5778506151342,Other/Global,16.6666666666667,0.0,0.0,0.0,5.0,0.0,0.0,15.0,0.29,965.1,0.04,19,1.0,253,88.77,13.67,31.33
San Marino,2001,0.0,16.6666666666667,457.435,39494.955946205,6.09999847412109,23.1,18.5778506151342,Other/Global,16.6666666666667,0.0,0.0,0.0,5.0,0.0,0.0,15.0,0.5,832.5,-0.67,22,1.0,245,88.46,14.77,33.22
San Marino,2002,0.0,16.6666666666667,468.219999999999,41389.20415445,6.05118327054571,23.1,18.5778506151342,Other/Global,16.6666666666667,0.0,0.0,0.0,5.0,0.0,0.0,15.0,0.43,760.5,-0.84,21,1.0,269,92.48,14.03,34.47
San Marino,2003,0.0,16.6666666666667,479.005,43283.452362695,6.0,23.1,18.5778506151342,Other/Global,16.6666666666667,0.0,0.0,0.0,5.0,0.0,0.0,15.0,0.52,912.5,-0.32,20,1.0,248,91.77,16.82,36.68
San Marino,2004,0.0,16.6666666666667,489.789999999999,45177.7005709399,5.7856208236434,23.1,18.5778506151342,Other/Global,16.6666666666667,0.0,0.0,0.0,5.0,0.0,0.0,15.0,0.53,922.5,-0.74,21,1.0,286,90.7,17.2,34.92
San Marino,2005,0.0,16.6666666666667,500.575,47071.9487791849,5.35451031753649,23.1,18.5778506151342,Other/Global,16.6666666666667,0.0,0.0,0.0,5.0,0.0,0.0,15.0,0.65,1019.2,-0.11,25,1.0,253,86.86,18.75,34.94
San Marino,2006,0.0,16.6666666666667,511.36,48966.1969874299,4.79157239711471,23.1,18.5778506151342,Other/Global,16.6666666666667,0.0,0.0,0.0,5.0,0.0,0.0,15.0,0.8,798.4,-0.93,25,1.0,278,89.3,17.99,35.61
San Marino,2007,0.0,16.6666666666667,522.145,50860.4451956748,4.1817109778133,23.1,18.5778506151342,Other/Global,16.6666666666667,0.0,0.0,0.0,5.0,0.0,0.0,15.0,0.77,992.4,-0.27,27,1.0,251,90.89,17.79,35.6
San Marino,2008,0.0,16.6666666666667,532.93,52754.6934039198,3.6098299750676,23.1,18.5778506151342,Other/Global,16.6666666666667,0.0,0.0,0.0,5.0,0.0,0.0,15.0,0.79,1089.4,-0.07,23,1.0,257,91.3,20.45,35.71
San Marino,2009,0.0,16.6666666666667,543.715,54648.9416121648,3.1608333043131,23.1,18.5778506151342,Other/Global,16.6666666666667,0.0,0.0,0.0,5.0,0.0,0.0,15.0,0.72,869.8,-0.34,25,1.0,296,89.91,19.71,35.32
San Marino,2010,0.0,16.6666666666667,554.5,56543.1898204098,2.92538423081299,23.1,18.5778506151342,Other/Global,16.6666666666667,0.0,0.0,0.0,5.0,0.0,0.0,15.0,0.57,796.7,-0.91,21,1.0,263,90.95,17.72,38.5
San Marino,2011,0.0,21.0,553.256666666666,53863.9166650364,2.90000152587891,23.1,18.5778506151342,Other/Global,16.6666666666667,0.0,0.0,0.0,6.3,0.0,0.0,15.0,0.62,867.4,-0.54,25,1.0,274,89.09,20.96,38.58
San Marino,2012,0.0,25.3333333333333,552.013333333333,51184.643509663,2.90000152587891,23.1,18.5778506151342,Other/Global,16.6666666666667,0.0,0.0,0.0,7.6,0.0,0.0,15.0,0.59,901.1,-0.08,26,1.0,271,89.48,21.29,43.14
San Marino,2013,0.0,29.6666666666666,550.769999999999,48505.3703542896,2.90000152587891,23.1,18.5778506151342,Other/Global,16.6666666666667,0.0,0.0,0.0,8.9,0.0,0.0,15.0,0.79,945.1,-0.51,26,1.0,301,86.99,21.49,45.27
San Marino,2014,0.0,33.9999999999999,549.526666666666,45826.0971989162,2.90000152587891,23.1,18.5778506151342,Other/Global,16.6666666666667,0.0,0.0,0.0,10.2,0.0,0.0,15.0,0.65,852.7,-0.61,22,1.0,270,85.87,19.77,49.16
San Marino,2015,0.0,38.3333333333333,548.283333333333,43146.8240435428,2.90000152587891,23.1,18.5778506151342,Other/Global,16.6666666666667,0.0,0.0,0.0,11.5,0.0,0.0,15.0,0.88,1024.4,-0.32,28,1.0,311,84.27,20.88,50.89
San Marino,2016,0.0,38.3333333333333,554.526666666666,43382.8503697624,2.90000152587891,23.1,18.5778506151342,Other/Global,16.6666666666667,0.0,0.0,0.0,11.5,0.0,0.0,15.0,0.96,810.8,-0.69,26,1.0,298,85.77,21.35,49.17
San Marino,2017,0.0,38.3333333333333,560.769999999999,43618.8766959821,2.90000152587891,23.1,18.5778506151342,Other/Global,16.6666666666667,0.0,0.0,0.0,11.5,0.0,0.0,15.0,1.09,760.9,-1.41,31,1.0,301,85.37,21.8,48.82
San Marino,2018,0.0,38.3333333333333,567.013333333333,43854.9030222017,2.90000152587891,23.1,18.5778506151342,Other/Global,16.6666666666667,0.0,0.0,0.0,11.5,0.0,0.0,15.0,0.95,988.5,-0.08,26,1.0,301,83.48,21.24,53.43
San Marino,2019,0.0,38.3333333333333,573.256666666666,44090.9293484214,2.90000152587891,23.1,18.5778506151342,Other/Global,16.6666666666667,0.0,0.0,0.0,11.5,0.0,0.0,15.0,1.06,718.0,-1.49,30,1.0,324,85.33,22.42,50.82
San Marino,2020,0.0,38.3333333333333,579.5,44326.9556746411,2.90000152587891,23.1,18.5778506151342,Other/Global,16.6666666666667,0.0,0.0,0.0,11.5,0.0,0.0,15.0,1.18,883.7,-1.26,29,1.0,305,85.09,23.44,54.77
Saudi Arabia,1990,0.0,57.4413054905591,4.94987230716987,11054.7495049666,22.9912649272609,23.1,7.78315582484218,Other/Global,0.454484134921779,0.0,0.0,0.0,17.23,0.0,0.0,15.0,0.22,1149.4,0.86,20,21.56,279,69.94,4.65,29.47
Saudi Arabia,1991,0.0,59.7820596644167,5.20744577125073,11120.7307912215,22.4329641618635,23.1,7.78315582484218,Other/Global,0.454484134921779,0.0,0.0,0.0,17.93,0.0,0.0,15.0,0.22,899.0,-0.27,17,20.45,297,68.7,6.54,36.49
Saudi Arabia,1992,0.0,62.1228138382743,5.4650192353316,11186.7120774764,22.0,23.1,7.6582921095609,Other/Global,0.454484134921779,0.0,0.0,0.0,18.64,0.0,0.0,15.0,0.25,810.3,-0.31,20,19.77,288,67.43,7.74,39.26
Saudi Arabia,1993,0.0,64.4635680121319,5.72259269941247,11252.6933637313,21.6568347683917,23.1,7.48528533651796,Other/Global,0.454484134921779,0.0,0.0,0.0,19.34,0.0,0.0,15.0,0.49,895.4,-1.23,20,20.76,327,66.92,8.62,39.14
Saudi Arabia,1994,0.0,66.8043221859896,5.98016616349334,11318.6746499863,21.35183776729,23.1,7.33044062915317,Other/Global,0.454484134921779,0.0,0.0,0.0,20.04,0.0,0.0,15.0,0.3,895.9,-0.25,19,21.84,319,68.49,8.96,40.81
Saudi Arabia,1995,0.0,69.1450763598472,6.23773962757421,11384.6559362412,21.0797612344939,23.1,7.20483923234796,Other/Global,0.454484134921779,0.0,0.0,0.0,20.74,0.0,0.0,15.0,0.41,912.9,-0.42,19,21.27,312,65.76,8.86,42.94
Saudi Arabia,1996,0.0,71.4858305337048,6.49531309165507,11450.6372224961,20.835357407802,23.1,7.06098965166758,Other/Global,0.454484134921779,0.0,0.0,0.0,21.45,0.0,0.0,15.0,0.45,953.0,-0.5,19,22.67,337,65.9,9.99,44.87
Saudi Arabia,1997,0.0,73.8265847075625,6.75288655573594,11516.6185087511,20.6133785250134,23.1,6.92027720124531,Other/Global,0.454484134921779,0.0,0.0,0.0,22.15,0.0,0.0,15.0,0.4,816.9,-0.76,24,21.39,292,63.13,9.67,45.84
Saudi Arabia,1998,0.0,76.1673388814201,7.01046001981681,11582.599795006,20.4085768239267,23.1,6.73155396959492,Other/Global,0.454484134921779,0.0,0.0,0.0,22.85,0.0,0.0,15.0,0.4,1035.0,-0.04,21,24.09,337,63.18,7.42,48.51
Saudi Arabia,1999,0.0,78.5080930552777,7.26803348389768,11648.5810812609,20.2157045423409,23.1,6.64288092685094,Other/Global,0.454484134921779,0.0,0.0,0.0,23.55,0.0,0.0,15.0,0.39,919.6,-0.26,20,21.93,325,61.47,9.31,46.52
Saudi Arabia,2000,0.0,80.8488472291354,7.52560694797855,11714.5623675159,20.0295139180547,23.1,6.52647165558334,Other/Global,0.454484134921779,0.0,0.0,0.0,24.25,0.0,0.0,15.0,0.5,958.1,-0.62,25,22.06,324,62.74,11.2,52.23
Saudi Arabia,2001,0.0,80.8460600133042,7.88848554907917,12745.9451450301,19.844757188867,23.1,6.39995248666392,Other/Global,0.454484134921779,0.0,0.0,0.0,24.25,0.0,0.0,15.0,0.37,849.7,-0.37,18,22.79,330,61.37,10.18,46.83
Saudi Arabia,2002,0.0,80.8432727974731,8.2513641501798,13777.3279225444,19.6561865925766,23.1,6.29288265094907,Other/Global,0.454484134921779,0.0,0.0,0.0,24.25,0.0,0.0,15.0,0.45,1002.9,0.39,21,22.44,352,61.34,12.17,50.83
Saudi Arabia,2003,0.0,80.840485581642,8.61424275128042,14808.7107000587,19.4585543669823,23.1,6.11245050780747,Other/Global,0.454484134921779,0.0,0.0,0.0,24.25,0.0,0.0,15.0,0.52,879.4,-0.4,24,25.42,324,59.56,12.28,49.72
Saudi Arabia,2004,0.0,80.8376983658109,8.97712135238105,15840.0934775729,19.2457683461834,23.1,5.92472533961754,Other/Global,0.454484134921779,0.0,0.0,0.0,24.25,0.0,0.0,15.0,0.71,922.2,-0.25,24,22.33,349,62.25,13.7,53.43
Saudi Arabia,2005,0.0,80.8349111499798,9.33999995348167,16871.4762550872,19.0224496907001,23.1,5.78087894359802,Other/Global,0.454484134921779,0.0,0.0,0.0,24.25,0.0,0.0,15.0,0.77,825.4,-0.54,25,24.44,333,59.07,12.38,49.57
Saudi Arabia,2006,0.0,80.8321239341486,9.7028785545823,17902.8590326015,18.7991411916928,23.1,5.62824878740104,Other/Global,0.454484134921779,0.0,0.0,0.0,24.25,0.0,0.0,15.0,0.76,820.2,-0.5,23,25.98,361,58.78,11.8,50.36
Saudi Arabia,2007,0.0,80.8293367183175,10.0657571556829,18934.2418101157,18.5769984450937,23.1,5.46678152407157,Other/Global,0.454484134921779,0.0,0.0,0.0,24.25,0.0,0.0,15.0,0.82,955.1,0.09,27,25.91,367,60.65,13.63,45.7
Saudi Arabia,2008,0.0,80.8265495024864,10.4286357567835,19965.62458763,18.3558568957006,23.1,5.31436569515508,Other/Global,0.454484134921779,0.0,0.0,0.0,24.25,0.0,0.0,15.0,0.61,864.5,-0.76,24,26.23,397,58.27,13.2,50.73
Saudi Arabia,2009,0.0,80.8237622866553,10.7915143578841,20997.0073651443,18.1355519883111,23.1,5.13197621535663,Other/Global,0.454484134921779,0.0,0.0,0.0,24.25,0.0,0.0,15.0,0.81,831.7,-1.09,28,26.48,369,58.4,14.5,49.6
Saudi Arabia,2010,0.0,80.8209750708242,11.1543929589848,22028.3901426586,17.9208331455535,23.1,4.94783365704671,Other/Global,0.454484134921779,0.0,0.0,0.0,24.25,0.0,0.0,15.0,0.78,848.5,-0.56,24,27.34,385,61.9,13.17,50.52
Saudi Arabia,2011,0.0,80.8093028483177,11.6975312719508,22273.9431051975,17.7456123840053,23.1,4.7739608387368,Other/Global,0.454484134921779,0.0,0.0,0.0,24.24,0.0,0.0,15.0,0.7,955.9,-0.16,23,25.99,364,62.39,15.83,47.16
Saudi Arabia,2012,0.0,80.7976306258112,12.2406695849169,22519.4960677364,17.5688081974642,23.1,4.61447482947913,Other/Global,0.454484134921779,0.0,0.0,0.0,24.24,0.0,0.0,15.0,0.8,849.7,-0.57,25,27.17,398,58.86,16.58,48.09
Saudi Arabia,2013,0.0,80.7859584033047,12.7838078978829,22765.0490302753,17.3928115380898,23.1,4.47158290444588,Other/Global,0.454484134921779,0.0,0.0,0.0,24.24,0.0,0.0,15.0,0.56,890.6,0.09,22,27.91,377,59.85,17.05,49.47
Saudi Arabia,2014,0.0,80.7742861807982,13.326946210849,23010.6019928142,17.2177428705129,23.1,4.31071387758146,Other/Global,0.454484134921779,0.0,0.0,0.0,24.23,0.0,0.0,15.0,0.7,901.2,-0.55,24,29.38,380,57.66,17.86,48.99
Saudi Arabia,2015,0.0,80.7626139582917,13.8700845238151,23256.1549553531,17.0437226593837,23.1,4.1390373917875,Other/Global,0.454484134921779,0.0,0.0,0.0,24.23,0.0,0.0,15.0,0.75,746.6,-0.98,24,30.51,393,57.09,17.75,49.7
Saudi Arabia,2016,0.0,80.7647727253697,14.0316080923296,23472.6901103038,16.870871369374,23.1,4.0166694632263,Other/Global,0.454484134921779,0.0,0.0,0.0,24.23,0.0,0.0,15.0,0.94,782.3,-1.44,27,29.29,409,54.94,17.38,49.49
Saudi Arabia,2017,0.0,80.7669314924477,14.1931316608441,23689.2252652545,16.699309465178,23.1,3.90583751423174,Other/Global,0.454484134921779,0.0,0.0,0.0,24.23,0.0,0.0,15.0,0.86,926.9,0.04,26,30.99,421,59.6,19.32,48.18
Saudi Arabia,2018,0.0,80.7690902595258,14.3546552293586,23905.7604202052,16.5291574115151,23.1,3.05227404310272,Other/Global,0.454484134921779,0.0,0.0,0.0,24.23,0.0,0.0,15.0,1.05,841.0,-1.14,31,30.43,442,58.74,19.3,48.7
Saudi Arabia,2019,0.0,80.7712490266038,14.5161787978731,24122.2955751559,16.3605356731322,23.1,3.09659072429364,Other/Global,0.454484134921779,0.0,0.0,0.0,24.23,0.0,0.0,15.0,1.11,984.5,-0.7,29,30.59,452,58.87,19.09,47.69
Saudi Arabia,2020,0.0,80.7734077936819,14.6777023663877,24338.8307301067,16.1935647148058,23.1,3.17081020261208,Other/Global,0.454484134921779,0.0,0.0,0.0,24.23,0.0,0.0,15.0,1.05,977.3,-0.69,29,32.27,463,57.7,19.46,54.71
Senegal,1990,21450.0,46.0655482262504,40.1003635797019,957.314337438177,61.0533442534105,37.8,50.8945643816171,Other/Global,48.3205734171298,3.86,102.96,41.5,47.29,25740.0,38610.0,35.08,0.29,955.0,-0.24,20,1.0,221,82.69,4.15,30.48
Senegal,1991,21450.0,46.147613358957,41.2678372201735,921.906219939875,60.8597737609455,37.8,50.8945643816171,Other/Global,48.0868436087882,3.86,102.96,41.74,47.44,25740.0,38610.0,35.22,0.26,1043.0,0.05,18,1.0,238,82.33,6.05,33.43
Senegal,1992,21450.0,46.2296784916636,42.4353108606451,886.498102441573,60.6802931433775,37.8,50.9063518946324,Other/Global,47.8531138004467,3.86,102.96,41.9,47.54,25740.0,38610.0,35.36,0.33,890.8,-0.45,18,1.0,218,82.85,5.42,27.94
Senegal,1993,21450.0,46.3117436243702,43.6027845011167,851.089984943271,60.5114154069371,37.8,50.9422871606627,Other/Global,47.6193839921051,3.86,102.96,42.06,47.65,25740.0,38610.0,35.5,0.54,949.3,-0.68,25,1.0,221,84.63,6.47,29.95
Senegal,1994,21450.0,46.3938087570768,44.7702581415883,815.681867444969,60.3496535578551,37.8,51.1454305238866,Other/Global,47.3856541837636,3.86,102.96,42.3,47.79,25740.0,38610.0,35.64,0.51,850.7,-0.81,23,1.0,245,82.88,4.54,29.34
Senegal,1995,21450.0,46.4758738897834,45.9377317820599,780.273749946667,60.191520602362,37.8,50.8458730355931,Other/Global,47.151924375422,3.86,102.96,42.47,47.9,25740.0,38610.0,35.77,0.44,1093.6,0.88,22,1.0,204,85.16,6.63,31.14
Senegal,1996,21450.0,46.55793902249,47.1052054225315,744.865632448365,60.0335295466885,37.8,50.7723452563895,Other/Global,46.9181945670805,3.86,102.96,42.63,48.01,25740.0,38610.0,35.9,0.38,1056.1,0.44,20,1.0,239,81.88,7.12,30.86
Senegal,1997,21450.0,46.6400041551966,48.2726790630031,709.457514950063,59.8721933970652,37.8,50.5674341812362,Other/Global,46.6844647587389,3.86,102.96,42.87,48.15,25740.0,38610.0,36.03,0.23,898.4,0.09,18,1.0,227,81.0,6.33,28.28
Senegal,1998,21450.0,46.7220692879032,49.4401527034747,674.049397451761,59.7040251597228,37.8,50.0412633643383,Other/Global,46.4507349503973,3.86,102.96,43.03,48.26,25740.0,38610.0,36.16,0.28,928.4,0.22,22,1.0,252,81.66,7.05,31.62
Senegal,1999,21450.0,46.8041344206098,50.6076263439463,638.641279953459,59.525537840892,37.8,49.3664932482332,Other/Global,46.2170051420558,3.86,102.96,43.19,48.36,25740.0,38610.0,36.28,0.52,1006.2,0.49,20,1.0,253,82.56,8.62,31.31
Senegal,2000,21450.0,46.8861995533164,51.775099984418,603.233162455158,59.3332444468033,37.8,48.9058241138647,Other/Global,45.9832753337142,3.86,102.96,43.43,48.5,25740.0,38610.0,36.4,0.29,885.7,-0.81,21,1.0,236,84.39,8.88,31.47
Senegal,2001,21450.0,47.0165688464135,53.1604181166571,670.498203701999,59.1236579836874,37.8,48.4256759616996,Other/Global,45.7833064976887,3.86,102.96,43.59,48.62,25740.0,38610.0,36.54,0.46,844.9,-0.92,23,1.0,224,82.11,9.02,33.33
Senegal,2002,21450.0,47.1469381395107,54.5457362488962,737.76324494884,58.8918528438708,37.8,47.1166054913615,Other/Global,45.5833376616631,3.86,102.96,43.76,48.75,25740.0,38610.0,36.68,0.59,967.3,-0.49,25,1.0,266,80.91,10.21,33.07
Senegal,2003,21450.0,47.2773074326079,55.9310543811353,805.028286195681,58.64106065145,37.8,45.3394419441459,Other/Global,45.3833688256376,3.86,102.96,43.92,48.87,25740.0,38610.0,36.82,0.48,903.7,-0.51,25,1.0,242,82.65,10.02,34.57
Senegal,2004,21450.0,47.4076767257051,57.3163725133745,872.293327442522,58.3751806104105,37.8,43.3608947657388,Other/Global,45.183399989612,3.86,102.96,44.08,48.99,25740.0,38610.0,36.95,0.66,912.1,-0.58,23,1.0,255,84.06,11.08,32.15
Senegal,2005,21450.0,47.5380460188023,58.7016906456136,939.558368689364,58.0942400304162,37.8,41.6393666349937,Other/Global,44.9834311535865,3.86,102.96,44.24,49.11,25740.0,38610.0,37.09,0.77,830.7,-0.98,26,1.0,239,82.56,9.62,33.45
Senegal,2006,21450.0,47.6684153118994,60.0870087778527,1006.8234099362,57.7953586956931,37.8,39.8434349706738,Other/Global,44.7834623175609,3.86,102.96,44.4,49.22,25740.0,38610.0,37.21,0.72,760.0,-0.98,28,1.0,254,82.77,10.92,31.39
Senegal,2007,21450.0,47.7987846049966,61.4723269100919,1074.08845118304,57.475656390467,37.8,39.40699556593,Other/Global,44.5834934815353,3.86,102.96,44.56,49.34,25740.0,38610.0,37.34,0.95,916.3,-0.7,26,1.0,278,82.47,11.2,32.3
Senegal,2008,21450.0,47.9291538980938,62.857645042331,1141.35349242988,57.132252898964,37.8,39.1657509126871,Other/Global,44.3835246455098,3.86,102.96,44.72,49.46,25740.0,38610.0,37.47,0.57,969.8,-0.44,22,1.0,272,82.22,10.54,33.22
Senegal,2009,21450.0,48.059523191191,64.2429631745701,1208.61853367672,56.76226800541,37.8,38.8206072750616,Other/Global,44.1835558094842,3.86,102.96,44.88,49.58,25740.0,38610.0,37.59,0.77,879.4,-1.34,27,1.0,259,85.32,13.32,31.22
Senegal,2010,21450.0,48.1898924842882,65.6282813068093,1275.88357492357,56.3628214940308,37.8,38.1561642116677,Other/Global,43.9835869734587,3.86,102.96,45.04,49.7,25740.0,38610.0,37.71,0.64,1012.3,-0.44,22,1.0,246,83.98,11.93,32.48
Senegal,2011,21450.0,48.2418324416974,67.6621648574248,1264.30808704973,55.9310331490525,37.8,37.4776080461025,Other/Global,43.7758271438217,3.86,102.96,45.21,49.8,25740.0,38610.0,37.88,0.71,841.1,-0.93,24,1.0,288,84.64,12.98,29.93
Senegal,2012,21450.0,48.2937723991066,69.6960484080403,1252.73259917589,55.4640227547011,37.8,36.6804115868487,Other/Global,43.5680673141848,3.86,102.96,45.37,49.9,25740.0,38610.0,38.05,0.69,813.0,-0.92,25,1.0,274,85.84,12.66,35.09
Senegal,2013,21450.0,48.3457123565158,71.7299319586558,1241.15711130205,54.9601249460544,37.8,35.9625907307914,Other/Global,43.3603074845479,3.86,102.96,45.53,49.99,25740.0,38610.0,38.22,0.63,892.0,-0.87,21,1.0,287,83.91,14.34,35.28
Senegal,2014,21450.0,48.397652313925,73.7638155092713,1229.58162342821,54.3979094658412,37.8,34.4897472037828,Other/Global,43.1525476549109,3.86,102.96,45.69,50.09,25740.0,38610.0,38.38,0.76,890.8,-0.79,26,1.0,286,81.79,13.6,30.46
Senegal,2015,21450.0,48.4495922713343,75.7976990598868,1218.00613555438,53.7252330370142,37.8,33.3328100594178,Other/Global,42.944787825274,3.86,102.96,45.85,50.18,25740.0,38610.0,38.54,0.66,959.0,-0.67,23,1.0,285,83.4,13.97,35.34
Senegal,2016,21450.0,48.5555497844491,78.0787856437958,1266.62234914461,52.9446420090071,37.8,36.3670995820541,Other/Global,42.737027995637,3.86,102.96,46.01,50.3,25740.0,38610.0,38.72,0.93,835.4,-1.0,25,1.0,304,84.6,14.59,35.13
Senegal,2017,21450.0,48.6615072975639,80.3598722277048,1315.23856273484,52.0661650360947,37.8,31.7378058056014,Other/Global,42.5292681660001,3.86,102.96,46.17,50.41,25740.0,38610.0,38.89,0.97,1006.9,-0.74,28,1.0,285,82.93,15.02,34.02
Senegal,2018,21450.0,48.7674648106788,82.6409588116138,1363.85477632507,51.0998307725515,37.8,27.2514819279818,Other/Global,42.3215083363632,3.86,102.96,46.33,50.52,25740.0,38610.0,39.06,1.04,1054.8,-0.57,30,1.0,304,81.84,14.91,34.2
Senegal,2019,21450.0,48.8734223237936,84.9220453955228,1412.4709899153,50.0556678726523,37.8,22.9897261028775,Other/Global,42.1137485067262,3.86,102.96,46.49,50.63,25740.0,38610.0,39.22,1.09,894.3,-1.28,27,1.0,311,83.88,15.11,34.88
Senegal,2020,21450.0,48.9793798369085,87.2031319794318,1461.08720350553,48.9437049906718,37.8,26.5365981913382,Other/Global,41.9059886770893,3.86,102.96,46.66,50.75,25740.0,38610.0,39.38,1.02,997.4,-0.54,28,1.0,329,80.68,15.69,31.28
Serbia,1990,20.0,39.8010519094443,81.1271781385776,5820.3215576888,49.6335113656991,14.0,39.3072618568833,Other/Global,29.8627944203064,0.0,0.1,17.24,24.44,24.0,36.0,22.31,0.28,815.5,-0.77,18,1.0,204,84.67,5.25,32.55
Serbia,1991,20.0,39.8010519094443,81.1271781385776,5820.3215576888,49.1848348900767,14.0,39.3072618568833,Other/Global,29.8627944203064,0.0,0.1,17.24,24.44,24.0,36.0,22.31,0.27,986.0,0.34,16,1.0,189,85.41,5.97,23.6
Serbia,1992,20.0,39.8010519094443,81.1271781385776,5820.3215576888,48.700685265092,14.0,39.0980897329085,Other/Global,29.8627944203064,0.0,0.1,17.24,24.44,24.0,36.0,22.31,0.34,983.8,0.13,22,1.0,221,84.37,5.81,25.01
Serbia,1993,20.0,39.8010519094443,81.1271781385776,5820.3215576888,48.1836566882562,14.0,38.9134387078431,Other/Global,29.8627944203064,0.0,0.1,17.24,24.44,24.0,36.0,22.31,0.53,969.1,-0.21,22,1.0,201,85.25,5.6,30.06
Serbia,1994,20.0,39.8010519094443,81.1271781385776,5820.3215576888,47.6433794204075,14.0,38.7187027353913,Other/Global,29.8627944203064,0.0,0.1,17.24,24.44,24.0,36.0,22.31,0.56,898.8,-0.69,20,1.0,208,85.28,5.93,29.77
Serbia,1995,20.0,39.8010519094443,81.1271781385776,5820.3215576888,47.0886783745422,14.0,38.4698883800408,Other/Global,29.8627944203064,0.0,0.1,17.24,24.44,24.0,36.0,22.31,0.42,663.7,-1.01,19,1.0,214,85.17,6.54,31.35
Serbia,1996,20.0,39.8010519094443,81.1271781385776,5820.3215576888,46.5283784636566,14.0,38.3658173942238,Other/Global,29.8627944203064,0.0,0.1,17.24,24.44,24.0,36.0,22.31,0.42,848.7,-0.3,21,1.0,222,84.27,7.92,28.15
Serbia,1997,20.0,39.8010519094443,81.1271781385776,5820.3215576888,45.971304600747,14.0,38.1888529984215,Other/Global,29.8627944203064,0.0,0.1,17.24,24.44,24.0,36.0,22.31,0.32,849.9,-0.38,17,1.0,248,84.02,8.73,26.09
Serbia,1998,20.0,39.8010519094443,81.1271781385776,5820.3215576888,45.4262816988097,14.0,37.9155512080996,Other/Global,29.8627944203064,0.0,0.1,17.24,24.44,24.0,36.0,22.31,0.46,821.7,-0.15,23,1.0,241,84.36,7.53,28.07
Serbia,1999,20.0,39.8010519094443,81.1271781385776,5820.3215576888,44.9021346708411,14.0,37.4393003094588,Other/Global,29.8627944203064,0.0,0.1,17.24,24.44,24.0,36.0,22.31,0.42,909.8,-0.17,22,1.0,219,82.85,9.13,29.64
Serbia,2000,20.0,39.8010519094443,81.1271781385776,5820.3215576888,44.4076884298375,14.0,37.1241357503341,Other/Global,29.8627944203064,0.0,0.1,17.24,24.44,24.0,36.0,22.31,0.55,866.5,-0.28,20,1.0,261,86.15,9.47,26.55
Serbia,2001,20.0,39.8010519094443,81.1271781385776,5820.3215576888,43.9517678887951,14.0,36.7938979640171,Other/Global,29.8627944203064,0.0,0.1,17.24,24.44,24.0,36.0,22.31,0.37,834.0,-0.48,19,1.0,258,85.15,11.02,25.8
Serbia,2002,20.0,39.8010519094443,81.1271781385776,5820.3215576888,43.537098496657,14.0,36.2454370233363,Other/Global,29.8627944203064,0.0,0.1,17.24,24.44,24.0,36.0,22.31,0.48,815.3,-0.46,20,1.0,252,84.7,11.79,28.0
Serbia,2003,20.0,39.8010519094443,81.1271781385776,5820.3215576888,43.1215735473694,14.0,35.7335056992125,Other/Global,29.8627944203064,0.0,0.1,17.24,24.44,24.0,36.0,22.31,0.6,842.8,-0.91,24,1.0,214,83.69,11.16,26.49
Serbia,2004,20.0,39.8010519094443,81.1271781385776,5820.3215576888,42.6855444000722,14.6,35.134055790965,Other/Global,29.8627944203064,0.0,0.1,17.24,24.44,24.0,36.0,22.31,0.7,989.7,-0.4,23,1.0,240,84.65,11.26,27.59
Serbia,2005,20.0,39.8010519094443,81.1271781385776,5820.3215576888,42.2491090111817,14.6,34.3844398021894,Other/Global,29.8627944203064,0.0,0.1,17.24,24.44,24.0,36.0,22.31,0.68,847.1,-0.62,23,1.0,256,84.63,11.5,26.7
Serbia,2006,20.0,39.8010519094443,81.1271781385776,5820.3215576888,41.8290847089332,9.0,31.2157371100381,Other/Global,29.8627944203064,0.0,0.1,17.24,24.44,24.0,36.0,22.31,0.65,858.8,-0.55,24,1.0,285,83.98,10.87,29.1
Serbia,2007,20.0,39.8010519094443,81.1271781385776,5820.3215576888,41.4422888215622,6.6,31.5291712319448,Other/Global,30.1520695174937,0.0,0.1,17.16,24.4,24.0,36.0,22.31,0.79,863.5,-0.6,29,1.0,283,85.76,10.92,27.04
Serbia,2008,20.0,39.8010519094443,81.1271781385776,5820.3215576888,41.1055386773038,6.1,30.9969865057169,Other/Global,30.441344614681,0.0,0.1,17.08,24.36,24.0,36.0,22.31,0.76,927.1,-0.19,24,1.0,252,83.14,10.97,26.9
Serbia,2009,20.0,39.8010519094443,81.1271781385776,5820.3215576888,40.8356516043933,6.9,29.753036968844,Other/Global,30.7306197118683,0.0,0.1,17.0,24.32,24.0,36.0,22.31,0.61,936.5,-0.79,23,1.0,245,83.41,12.72,29.35
Serbia,2010,20.0,39.8010519094443,81.1271781385776,5820.3215576888,40.6494449310662,9.2,28.070229356533,Other/Global,31.0198948090556,0.0,0.1,16.92,24.28,24.0,36.0,22.31,0.76,656.4,-1.71,25,1.0,271,85.83,12.37,25.72
Serbia,2011,20.0,39.8010519094443,81.1271781385776,5820.3215576888,40.5650812212733,9.2,26.8124056571968,Other/Global,31.0348273496456,0.0,0.1,16.92,24.28,24.0,36.0,22.31,0.74,981.7,-0.25,25,1.0,279,86.3,13.99,26.13
Serbia,2012,20.0,39.8010519094443,81.1271781385776,5820.3215576888,40.6531562805176,24.5,26.4776339631869,Other/Global,31.0497598902355,0.0,0.1,16.92,24.28,24.0,36.0,22.31,0.66,1014.9,-0.36,24,1.0,262,84.83,12.83,28.61
Serbia,2013,20.0,39.8010519094443,81.1271781385776,5820.3215576888,40.3888931274414,25.0,26.1835690422826,Other/Global,31.0646924308255,0.0,0.1,16.92,24.28,24.0,36.0,22.31,0.69,816.0,0.18,25,1.0,271,83.32,14.32,26.19
Serbia,2014,20.0,39.8010519094443,81.1271781385776,5820.3215576888,40.1220626831055,26.7,25.8633501581491,Other/Global,31.0796249714155,0.0,0.1,16.92,24.28,24.0,36.0,22.31,0.79,822.2,-0.74,24,1.0,319,86.09,13.88,30.54
Serbia,2015,20.0,39.8010519094443,81.1271781385776,5820.3215576888,39.8611907958984,25.9,25.3249450342213,Other/Global,31.0945575120055,0.0,0.1,16.92,24.28,24.0,36.0,22.31,0.74,864.0,-0.74,24,1.0,286,84.75,13.77,25.83
Serbia,2016,20.0,40.1224445719126,81.3106520125864,6275.99915748873,39.6146129965974,25.7,24.4576761715424,Other/Global,31.1019894809056,0.0,0.1,16.92,24.38,24.0,36.0,22.31,0.89,839.5,-1.07,24,1.0,290,84.57,14.67,27.9
Serbia,2017,20.0,40.443837234381,81.4941258865952,6731.67675728867,39.378791809082,24.3,22.8437738847438,Other/Global,31.1211982620627,0.0,0.1,16.92,24.48,24.0,36.0,22.32,0.77,917.9,-0.7,24,1.0,341,86.19,15.25,26.61
Serbia,2018,20.0,40.7652298968494,81.677599760604,7187.35435708861,39.1566390991211,23.0,21.2816390934572,Other/Global,31.1227989938258,0.0,0.1,16.92,24.57,24.0,36.0,22.32,1.06,744.3,-1.36,32,1.0,297,85.26,16.2,31.47
Serbia,2019,20.0,41.0866225593178,81.8610736346128,7643.03195688855,38.9507751464844,22.4,20.8958194883194,Other/Global,31.1253144294535,0.0,0.1,16.92,24.67,24.0,36.0,22.33,0.88,810.6,-0.97,28,1.0,290,83.74,16.18,26.63
Serbia,2020,20.0,41.4080152217862,82.0445475086217,8098.70955668849,38.776798248291,21.4,19.6369535415821,Other/Global,32.3778094898323,0.0,0.1,16.6,24.61,24.0,36.0,22.33,1.12,1023.1,-0.62,30,1.0,298,82.21,16.37,32.78
Singapore,1990,280.0,2.98507462686567,4547.95820895522,11861.7561591366,0.0,23.1,0.283771720819099,Other/Global,22.1297014925373,0.05,1.34,35.37,25.77,336.0,504.0,52.04,0.24,825.7,-0.52,19,1.0,208,93.32,5.64,98.0
Singapore,1991,266.0,2.86567164179104,4694.3395522388,13060.8644383704,0.0,23.1,0.283771720819099,Other/Global,22.4561194029851,0.05,1.28,34.89,25.43,319.2,478.8,52.0,0.32,999.4,0.48,18,1.0,200,94.3,3.85,98.0
Singapore,1992,252.0,2.74626865671641,4840.72089552238,14259.9727176043,0.0,23.1,0.317266872784661,Other/Global,22.7823880597015,0.05,1.21,34.41,25.09,302.4,453.6,51.92,0.35,928.4,0.23,16,1.0,209,94.53,7.1,98.0
Singapore,1993,238.0,2.62686567164178,4987.10223880596,15459.0809968382,0.0,23.1,0.244956627119199,Other/Global,23.1088059701493,0.04,1.14,33.92,24.73,285.6,428.4,51.82,0.41,755.2,-0.74,20,1.0,214,92.32,7.99,98.0
Singapore,1994,224.0,2.50746268656716,5133.48358208955,16658.189276072,0.0,23.1,0.297139345833789,Other/Global,23.4350746268657,0.04,1.08,33.44,24.38,268.8,403.2,51.68,0.56,950.8,-0.68,19,1.0,265,93.04,8.18,98.0
Singapore,1995,210.0,2.38805970149253,5279.86492537313,17857.2975553059,0.0,23.1,0.240371151997367,Other/Global,23.7614925373134,0.04,1.01,32.88,23.98,252.0,378.0,51.5,0.24,890.6,-0.06,17,1.0,232,90.31,9.24,98.0
Singapore,1996,196.0,2.2686567164179,5426.24626865671,19056.4058345398,0.0,23.1,0.194480005506229,Other/Global,24.0879104477612,0.04,0.94,32.31,23.58,235.2,352.8,51.28,0.52,863.5,-0.07,22,1.0,210,94.3,10.41,98.0
Singapore,1997,182.0,2.14925373134328,5572.6276119403,20255.5141137736,0.0,23.1,0.189004639534854,Other/Global,24.4141791044776,0.03,0.87,31.75,23.17,218.4,327.6,51.01,0.42,919.6,0.14,20,1.0,226,91.86,11.05,98.0
Singapore,1998,168.0,2.02985074626865,5719.00895522388,21454.6223930075,0.0,23.1,0.186307319367341,Other/Global,24.7405970149254,0.03,0.81,31.1,22.7,201.6,302.4,50.69,0.27,938.0,0.13,18,1.0,244,93.39,11.54,98.0
Singapore,1999,154.0,1.91044776119402,5865.39029850746,22653.7306722414,0.0,23.1,0.181695665776238,Other/Global,25.0668656716418,0.03,0.74,30.46,22.24,184.8,277.2,50.31,0.28,956.6,0.39,21,1.0,251,92.9,10.83,98.0
Singapore,2000,140.0,1.7910447761194,6011.77164179105,23852.8389514753,0.0,23.1,0.176899083654021,Other/Global,25.3932835820895,0.03,0.67,29.73,21.72,168.0,252.0,49.86,0.53,994.2,-0.09,21,1.0,215,94.81,11.13,98.0
Singapore,2001,156.0,1.71735340392056,6133.77567419314,26191.223364823,0.0,23.1,0.173741005150197,Other/Global,25.5016417910448,0.03,0.75,30.38,22.16,187.2,280.8,50.8,0.37,932.6,0.0,22,1.0,221,94.48,12.16,98.0
Singapore,2002,172.0,1.64366203172172,6255.77970659523,28529.6077781708,0.0,23.1,0.169447631758385,Other/Global,25.4204444444444,0.03,0.83,30.94,22.54,206.4,309.6,51.66,0.41,789.9,-0.9,23,1.0,253,93.16,13.82,98.0
Singapore,2003,188.0,1.56997065952289,6377.78373899732,30867.9921915186,0.0,23.1,0.164596541772747,Other/Global,25.0822416302766,0.03,0.9,31.67,22.99,225.6,338.4,52.47,0.67,862.1,-0.57,25,1.0,240,94.24,14.32,98.0
Singapore,2004,204.0,1.49627928732406,6499.78777139941,33206.3766048663,0.0,23.1,0.159700817543494,Other/Global,25.1149492017417,0.04,0.98,32.15,23.31,244.8,367.2,53.24,0.67,1135.4,0.65,24,1.0,241,94.89,14.19,98.0
Singapore,2005,220.0,1.42258791512522,6621.79180380151,35544.7610182141,0.0,23.1,0.155212233759282,Other/Global,25.2204644412192,0.04,1.06,32.55,23.59,264.0,396.0,53.96,0.62,957.9,-0.48,23,1.0,259,94.46,16.39,98.0
Singapore,2006,236.0,1.34889654292639,6743.7958362036,37883.1454315619,0.0,23.1,0.150699695627123,Other/Global,25.1435158501441,0.04,1.13,32.96,23.86,283.2,424.8,54.64,0.74,1089.5,-0.22,24,1.0,272,90.06,15.38,98.0
Singapore,2007,252.0,1.27520517072755,6865.79986860569,40221.5298449096,0.0,23.1,0.146455084849104,Other/Global,25.2119424460432,0.05,1.21,33.36,24.12,302.4,453.6,55.3,0.64,1011.6,-0.11,24,1.0,260,96.9,16.58,98.0
Singapore,2008,268.0,1.20151379852871,6987.80390100778,42559.9142582574,0.0,23.1,0.142311248026753,Other/Global,25.1357142857143,0.05,1.29,33.76,24.38,321.6,482.4,55.92,0.8,919.3,-0.64,29,1.0,238,94.79,17.89,98.0
Singapore,2009,284.0,1.12782242632988,7109.80793340987,44898.2986716052,0.0,23.1,0.139063658080801,Other/Global,25.2395714285714,0.05,1.36,34.09,24.59,340.8,511.2,56.52,0.77,924.1,-0.34,25,1.0,262,95.52,19.12,98.0
Singapore,2010,300.0,1.05413105413105,7231.81196581197,47236.683084953,0.0,23.1,0.135619246214096,Other/Global,25.2712250712251,0.05,1.44,34.33,24.76,360.0,540.0,57.1,0.7,897.0,-0.71,24,1.0,256,93.32,20.11,98.0
Singapore,2011,278.0,1.02948255839651,7346.80415657059,48918.4678402545,0.0,23.1,0.132460398348564,Other/Global,24.8389204545455,0.05,1.33,34.09,24.54,333.6,500.4,56.71,0.67,760.9,-0.48,23,1.0,286,93.07,20.06,98.0
Singapore,2012,256.0,1.00483406266198,7461.79634732921,50600.252595556,0.0,23.1,0.129558733292426,Other/Global,24.4090651558074,0.05,1.23,33.76,24.26,307.2,460.8,56.26,0.79,901.4,-1.01,29,1.0,311,93.56,19.46,98.0
Singapore,2013,234.0,0.980185566927455,7576.78853808783,52282.0373508575,0.0,23.1,0.126798540209667,Other/Global,24.015558698727,0.04,1.12,33.44,23.98,280.8,421.2,55.75,0.69,996.8,0.15,23,1.0,289,96.61,21.93,98.0
Singapore,2014,212.0,0.955537071192923,7691.78072884645,53963.822106159,0.0,23.1,0.124092213197688,Other/Global,23.5898448519041,0.04,1.02,33.04,23.65,254.4,381.6,55.17,0.65,852.0,-0.91,24,1.0,294,93.83,20.88,98.0
Singapore,2015,190.0,0.930888575458392,7806.77291960508,55645.6068614606,0.0,23.1,0.121459660055481,Other/Global,23.2318758815233,0.03,0.91,32.47,23.21,228.0,342.0,54.5,0.85,932.9,-1.11,26,1.0,303,94.14,21.96,98.0
Singapore,2016,152.0,0.928554871508774,7829.20858638044,56798.5013417842,0.0,23.1,0.118979259162807,Other/Global,22.9696755994358,0.03,0.73,31.18,22.29,182.4,273.6,52.86,1.05,968.1,-0.54,27,1.0,315,96.45,22.11,98.0
Singapore,2017,114.0,0.926221167559157,7851.6442531558,57951.3958221078,0.0,23.1,0.117077595142899,Other/Global,22.626404494382,0.02,0.55,29.57,21.12,136.8,205.2,50.73,0.86,827.2,-1.01,25,1.0,289,93.79,23.38,98.0
Singapore,2018,76.0,0.92388746360954,7874.07991993116,59104.2903024315,0.0,23.1,0.115089283007242,Other/Global,22.3109243697479,0.01,0.36,27.16,19.4,91.2,136.8,47.73,0.96,863.9,-1.22,27,1.0,301,94.24,23.19,98.0
Singapore,2019,38.0,0.921553759659923,7896.51558670652,60257.1847827551,0.0,23.1,0.113041897035994,Other/Global,21.9972067039106,0.01,0.18,23.05,16.48,45.6,68.4,42.63,1.03,818.6,-1.6,27,1.0,319,92.63,24.94,98.0
Singapore,2020,0.0,0.919220055710306,7918.95125348189,61410.0792630788,0.0,23.1,0.108162685533748,Other/Global,21.6852367688022,0.0,0.0,0.0,0.28,0.0,0.0,15.0,0.99,834.2,-1.01,30,1.0,295,96.55,25.44,98.0
Slovenia,1990,2830.0,25.7199602780536,98.7549652432969,9925.14071044684,49.4164390563965,12.2,10.5183346799679,Other/Global,59.4339622641509,0.51,13.58,25.95,30.83,3396.0,5094.0,35.05,0.19,796.7,-0.2,14,1.0,181,87.11,6.59,20.38
Slovenia,1991,2870.0,25.7199602780536,98.7549652432969,9946.19883049427,49.472903006272,12.2,10.5183346799679,Other/Global,59.4339622641509,0.52,13.78,26.03,30.89,3444.0,5166.0,35.08,0.43,827.6,-0.41,21,1.0,200,87.81,6.6,19.82
Slovenia,1992,2910.0,25.7199602780536,98.7549652432969,9967.25695054171,49.3368682861328,12.2,10.3452974015357,Other/Global,59.4339622641509,0.52,13.97,26.11,30.95,3492.0,5238.0,35.12,0.58,1013.2,-0.07,25,1.0,230,84.01,6.93,19.5
Slovenia,1993,2950.0,25.7199602780536,98.7549652432969,9988.31507058914,49.6427993774414,12.2,9.99497080369839,Other/Global,59.6573982125124,0.53,14.16,25.95,30.88,3540.0,5310.0,35.15,0.45,826.4,-0.46,20,1.0,216,87.82,6.35,21.27
Slovenia,1994,2990.0,25.7199602780536,98.7549652432969,10009.3731906365,49.8244705200195,12.2,10.7938984165405,Other/Global,59.8808341608739,0.54,14.35,25.87,30.86,3588.0,5382.0,35.18,0.38,909.8,-0.28,20,1.0,211,87.93,6.98,19.07
Slovenia,1995,3030.0,25.7199602780536,98.7549652432969,10030.431310684,49.7970893115867,12.2,9.72415449002873,Other/Global,60.1042701092353,0.55,14.54,25.79,30.84,3636.0,5454.0,35.22,0.32,859.4,-0.82,20,1.0,236,87.52,7.82,22.19
Slovenia,1996,3070.0,25.7199602780536,98.7549652432969,10051.4894307314,49.7252512419285,12.2,9.34793083997324,Other/Global,60.3277060575968,0.55,14.74,25.71,30.81,3684.0,5526.0,35.25,0.44,993.9,-0.47,21,1.0,233,85.93,8.27,19.64
Slovenia,1997,3110.0,25.7199602780536,98.7549652432969,10072.5475507788,49.6244146445053,12.2,11.1382179119062,Other/Global,60.5511420059583,0.56,14.93,25.54,30.75,3732.0,5598.0,35.28,0.48,1004.5,-0.1,20,1.0,217,88.67,8.4,18.1
Slovenia,1998,3150.0,25.7199602780536,98.7549652432969,10093.6056708263,49.5100378527772,12.2,11.0837087977235,Other/Global,60.7745779543198,0.57,15.12,25.46,30.72,3780.0,5670.0,35.32,0.41,968.7,-0.15,21,1.0,229,85.74,9.5,21.6
Slovenia,1999,3190.0,25.7199602780536,98.7549652432969,10114.6637908737,49.3975792002047,12.2,9.91698567295509,Other/Global,60.9980139026812,0.57,15.31,25.38,30.7,3828.0,5742.0,35.35,0.37,924.1,0.04,18,1.0,220,86.03,11.29,18.66
Slovenia,2000,3230.0,25.7199602780536,98.7549652432969,10135.7219109212,49.3024970202481,12.2,8.73455865587095,Other/Global,61.2214498510427,0.58,15.5,25.22,30.63,3876.0,5814.0,35.38,0.35,881.1,-0.12,17,1.0,241,87.71,10.14,20.25
Slovenia,2001,3160.0,26.2446276408628,99.0480513797171,11455.1338967406,49.2402496463677,12.2,9.06672929251002,Other/Global,61.2909632571996,0.57,15.17,25.14,30.72,3792.0,5688.0,35.34,0.35,804.3,-0.42,20,1.0,252,89.34,9.86,22.59
Slovenia,2002,3090.0,26.7692950036721,99.3411375161373,12774.54588256,49.2255443733445,12.2,8.81483023022354,Other/Global,61.3604766633565,0.56,14.83,25.06,30.81,3708.0,5562.0,35.3,0.57,1055.1,-0.02,22,1.0,209,87.7,11.6,21.15
Slovenia,2003,3020.0,27.2939623664813,99.6342236525575,14093.9578683795,49.2446157371651,12.2,7.65560444858696,Other/Global,61.4299900695134,0.54,14.5,24.9,30.86,3624.0,5436.0,35.25,0.65,838.9,-1.14,25,1.0,234,87.98,11.06,21.6
Slovenia,2004,2950.0,27.8186297292906,99.9273097889777,15413.3698541989,49.2875589388776,12.2,8.88952506309217,Other/Global,61.4995034756703,0.53,14.16,24.82,30.95,3540.0,5310.0,35.21,0.52,952.7,-0.12,21,1.0,278,86.69,12.42,20.83
Slovenia,2005,2880.0,28.3432970920998,100.220395925397,16732.7818400184,49.351218599979,11.6,8.27819136447815,Other/Global,61.5690168818272,0.52,13.82,24.66,31.0,3456.0,5184.0,35.16,0.82,984.4,-0.22,24,1.0,251,86.56,13.09,22.38
Slovenia,2006,2810.0,28.8679644549091,100.513482061818,18052.1938258378,49.4327447183037,11.5,8.69875096882513,Other/Global,61.6385302879841,0.51,13.49,24.58,31.08,3372.0,5058.0,35.12,0.77,855.2,-1.48,25,1.0,285,88.29,13.47,21.12
Slovenia,2007,2740.0,29.3926318177183,100.806568198238,19371.6058116572,49.5292872916856,12.3,8.97745807622578,Other/Global,61.708043694141,0.49,13.15,24.42,31.13,3288.0,4932.0,35.07,0.84,982.7,-0.65,25,1.0,244,88.58,13.39,23.75
Slovenia,2008,2670.0,29.9172991805276,101.099654334658,20691.0177974767,49.6379963179591,11.3,8.66297599389684,Other/Global,61.7585450357884,0.48,12.82,24.34,31.21,3204.0,4806.0,35.02,0.6,960.8,-0.48,22,1.0,259,88.3,14.5,22.35
Slovenia,2009,2600.0,30.4419665433368,101.392740471078,22010.4297832961,49.7560217949584,12.7,9.17235490538713,Other/Global,61.829264660624,0.47,12.48,24.17,31.25,3120.0,4680.0,34.96,0.57,1037.9,0.04,24,1.0,273,87.58,14.62,22.98
Slovenia,2010,2530.0,30.9666339061461,101.685826607499,23329.8417691156,49.8805137205174,13.6,8.86284667448002,Other/Global,61.8975290625527,0.46,12.14,24.09,31.33,3036.0,4554.0,34.91,0.64,862.1,-0.88,27,1.0,269,87.1,15.19,21.67
Slovenia,2011,2480.0,30.894562573568,101.837883134221,22803.3283859048,50.0536181251277,13.5,8.62777916962063,Other/Global,61.9080710811079,0.45,11.9,24.01,31.25,2976.0,4464.0,34.86,0.68,796.8,-0.9,25,1.0,296,85.0,14.58,24.68
Slovenia,2012,2430.0,30.8224912409899,101.989939660943,22276.8150026941,50.2380523681641,14.5,8.40340216613357,Other/Global,61.9189206629703,0.44,11.66,23.93,31.16,2916.0,4374.0,34.82,0.8,859.3,-0.84,26,1.0,279,86.06,16.1,22.52
Slovenia,2013,2380.0,30.7504199084118,102.141996187666,21750.3016194833,49.9533419245973,14.5,8.51907031526394,Other/Global,61.9463753723932,0.43,11.42,23.85,31.07,2856.0,4284.0,34.77,0.74,916.4,-0.59,25,1.0,295,85.91,18.23,21.39
Slovenia,2014,2330.0,30.6783485758337,102.294052714388,21223.7882362726,49.016529083252,14.3,9.65236952413338,Other/Global,61.9563058589871,0.42,11.18,23.77,30.98,2796.0,4194.0,34.73,0.72,904.4,-0.78,25,1.0,271,86.87,14.8,22.5
Slovenia,2015,2280.0,30.6062772432556,102.446109241111,20697.2748530619,46.3387839705856,13.9,7.09904155438421,Other/Global,61.9582377647374,0.41,10.94,23.69,30.89,2736.0,4104.0,34.68,0.73,868.3,-0.88,23,1.0,295,87.73,15.33,25.13
Slovenia,2016,2308.0,30.5485684067099,102.83866367862,21636.2329043217,46.352725982666,13.3,5.04580804341924,Other/Global,61.8592989772614,0.42,11.08,23.77,30.93,2769.6,4154.4,34.73,0.98,747.0,-1.62,25,1.0,290,86.41,17.67,24.65
Slovenia,2017,2336.0,30.4908595701642,103.231218116129,22575.1909555816,44.7548866271973,13.3,5.58675414089525,Other/Global,61.7699782998396,0.42,11.21,23.93,31.01,2803.2,4204.8,34.78,0.87,937.4,-0.46,26,1.0,283,83.84,18.75,19.0
Slovenia,2018,2364.0,30.4331507336185,103.623772553638,23514.1490068414,44.8086569044325,12.0,5.50396366773558,Other/Global,61.674380723466,0.43,11.35,24.01,31.05,2836.8,4255.2,34.83,1.12,1057.5,-0.2,28,1.0,309,88.36,17.59,22.07
Slovenia,2019,2392.0,30.3754418970728,104.016326991147,24453.1070581013,44.5476722717285,12.4,4.29981767378506,Other/Global,61.5730716513379,0.43,11.48,24.09,31.08,2870.4,4305.6,34.88,0.98,936.9,-0.89,28,1.0,326,85.78,19.36,26.32
Slovenia,2020,2420.0,30.3177330605272,104.408881428657,25392.0651093612,44.615608215332,11.7,4.1069573929314,Other/Global,61.4722591923085,0.44,11.62,24.17,31.12,2904.0,4356.0,34.93,1.12,948.4,-0.28,28,1.0,300,85.86,19.58,25.94
Somalia,1990,76750.0,70.2043548952721,11.2902269901489,145.603501373513,39.0452192448637,23.1,18.5778506151342,Other/Global,28.6435234422283,13.82,368.4,64.71,67.77,92100.0,138150.0,31.5,0.32,936.6,-0.23,24,1.0,210,77.67,4.04,40.76
Somalia,1991,76750.0,70.2083399751331,11.5701233780725,169.655078676289,39.0452192448637,23.1,18.5778506151342,Other/Global,28.6435234422283,13.82,368.4,64.71,67.77,92100.0,138150.0,31.6,0.33,922.6,0.27,20,1.0,204,76.28,5.21,45.08
Somalia,1992,76750.0,70.2123250549941,11.8500197659961,193.706655979065,39.0452192448637,23.1,18.5778506151342,Other/Global,28.6435234422283,13.82,368.4,64.71,67.77,92100.0,138150.0,31.7,0.36,965.3,-0.26,21,1.0,212,76.93,4.48,40.42
Somalia,1993,76750.0,70.2163101348551,12.1299161539197,217.758233281841,39.0452192448637,23.1,18.5778506151342,Other/Global,28.6435234422283,13.82,368.4,64.71,67.77,92100.0,138150.0,31.79,0.41,922.4,-0.86,22,1.0,227,77.3,6.49,41.64
Somalia,1994,76750.0,70.2202952147161,12.4098125418433,241.809810584617,39.0452192448637,23.1,18.5778506151342,Other/Global,28.6435234422283,13.82,368.4,64.71,67.77,92100.0,138150.0,31.89,0.48,865.8,-0.38,20,1.0,239,77.07,4.53,41.19
Somalia,1995,76750.0,70.2242802945771,12.6897089297669,265.861387887394,39.0452192448637,23.1,18.5778506151342,Other/Global,28.6435234422283,13.82,368.4,64.71,67.77,92100.0,138150.0,31.98,0.45,827.1,-0.53,23,1.0,240,76.59,6.37,44.82
Somalia,1996,76750.0,70.2282653744381,12.9696053176905,289.91296519017,39.0452192448637,23.1,18.5778506151342,Other/Global,28.6435234422283,13.82,368.4,64.71,67.77,92100.0,138150.0,32.08,0.37,870.9,-0.38,22,1.0,213,77.04,6.91,43.43
Somalia,1997,76750.0,70.232250454299,13.2495017056141,313.964542492946,39.0452192448637,23.1,18.5778506151342,Other/Global,28.6435234422283,13.82,368.4,64.71,67.77,92100.0,138150.0,32.17,0.38,915.9,-0.44,21,1.0,208,79.68,7.07,44.39
Somalia,1998,76750.0,70.2362355341601,13.5293980935377,338.016119795722,39.0452192448637,23.1,18.5778506151342,Other/Global,28.6435234422283,13.82,368.4,64.71,67.78,92100.0,138150.0,32.26,0.38,865.5,-0.43,22,1.0,202,78.45,7.18,39.47
Somalia,1999,76750.0,70.2402206140211,13.8092944814613,362.067697098498,39.0452192448637,23.1,18.5778506151342,Other/Global,28.6435234422283,13.82,368.4,64.71,67.78,92100.0,138150.0,32.35,0.2,915.9,-0.26,17,1.0,245,78.04,8.48,45.18
Somalia,2000,76750.0,70.2442056938821,14.089190869385,386.119274401275,39.0452192448637,23.1,18.5778506151342,Other/Global,28.6435234422283,13.82,368.4,64.71,67.78,92100.0,138150.0,32.43,0.43,925.9,-0.35,22,1.0,231,77.47,8.03,46.7
Somalia,2001,84425.0,70.253610482354,14.6348348582905,369.427592346387,39.0452192448637,23.1,18.5778506151342,Other/Global,28.6435234422283,15.2,405.24,65.19,68.14,101310.0,151965.0,32.75,0.36,956.5,0.15,22,1.0,258,78.92,7.52,44.0
Somalia,2002,92100.0,70.263015270826,15.180478847196,352.735910291499,39.0452192448637,23.1,18.5778506151342,Other/Global,28.6435234422283,16.58,442.08,65.75,68.54,110520.0,165780.0,33.05,0.41,991.6,0.03,27,1.0,230,78.04,8.57,47.58
Somalia,2003,99775.0,70.2724200592979,15.7261228361016,336.044228236611,39.0452192448637,23.1,18.5778506151342,Other/Global,28.6435234422283,17.96,478.92,66.16,68.85,119730.0,179595.0,33.34,0.44,894.3,-0.19,20,1.0,256,78.55,9.57,45.44
Somalia,2004,107450.0,70.2818248477699,16.2717668250071,319.352546181723,39.0452192448637,23.1,18.5778506151342,Other/Global,28.6435234422283,19.34,515.76,66.64,69.18,128940.0,193410.0,33.61,0.5,782.5,-0.86,27,1.0,226,78.59,9.43,47.4
Somalia,2005,115125.0,70.2912296362419,16.8174108139127,302.660864126836,39.0452192448637,23.1,18.5778506151342,Other/Global,28.6435234422283,20.72,552.6,67.04,69.47,138150.0,207225.0,33.88,0.59,858.6,-0.71,27,1.0,264,77.8,9.99,43.42
Somalia,2006,122800.0,70.3006344247138,17.3630548028182,285.969182071948,39.0452192448637,23.1,18.5778506151342,Other/Global,28.6435234422283,22.1,589.44,67.37,69.72,147360.0,221040.0,34.14,0.66,888.8,-0.91,28,1.0,266,77.62,11.24,44.61
Somalia,2007,130475.0,70.3100392131858,17.9086987917237,269.27750001706,39.0452192448637,23.1,18.5778506151342,Other/Global,28.6435234422283,23.49,626.28,67.77,70.0,156570.0,234855.0,34.38,0.88,737.5,-1.36,30,1.0,247,76.59,10.52,42.7
Somalia,2008,138150.0,70.3194440016577,18.4543427806293,252.585817962172,39.0452192448637,23.1,18.5778506151342,Other/Global,28.6435234422283,24.87,663.12,68.09,70.24,165780.0,248670.0,34.63,0.67,994.5,-1.22,31,1.0,270,79.3,11.3,41.25
Somalia,2009,145825.0,70.3288487901297,18.9999867695348,235.894135907284,39.0452192448637,23.1,18.5778506151342,Other/Global,28.6435234422283,26.25,699.96,68.33,70.43,174990.0,262485.0,34.86,0.69,893.9,-0.75,28,1.0,301,76.9,11.6,42.62
Somalia,2010,153500.0,70.3382535786017,19.5456307584404,219.202453852397,39.0452192448637,23.1,18.5778506151342,Other/Global,28.6435234422283,27.63,736.8,68.65,70.66,184200.0,276300.0,35.09,0.69,912.1,-0.54,27,1.0,284,75.63,12.99,44.9
Somalia,2011,153500.0,70.3382535786017,20.0382526221825,264.478579096596,39.0452192448637,23.1,18.5778506151342,Other/Global,28.6435234422283,27.63,736.8,68.65,70.66,184200.0,276300.0,35.21,0.65,990.8,-0.05,30,1.0,322,77.4,12.56,41.84
Somalia,2012,153500.0,70.3382535786017,20.5308744859246,309.754704340796,39.0452192448637,23.1,18.5778506151342,Other/Global,28.6435234422283,27.63,736.8,68.65,70.66,184200.0,276300.0,35.34,0.65,831.2,-0.83,26,1.0,283,76.72,13.55,44.61
Somalia,2013,153500.0,70.3382535786017,21.0234963496668,355.030829584996,39.0452192448637,23.1,18.5778506151342,Other/Global,28.6435234422283,27.63,736.8,68.65,70.66,184200.0,276300.0,35.46,0.59,927.5,-0.28,26,1.0,293,75.74,12.72,40.05
Somalia,2014,153500.0,70.3382535786017,21.5161182134089,400.306954829196,39.0452192448637,23.1,18.5778506151342,Other/Global,28.6435234422283,27.63,736.8,68.65,70.66,184200.0,276300.0,35.57,0.86,872.8,-1.43,32,1.0,281,75.81,15.08,43.77
Somalia,2015,153500.0,70.3382535786017,22.0087400771511,445.583080073396,39.0452192448637,23.1,18.5778506151342,Other/Global,28.6435234422283,27.63,736.8,68.65,70.66,184200.0,276300.0,35.69,0.96,866.9,-0.9,31,1.0,295,76.99,14.73,44.98
Somalia,2016,138150.0,70.3389230720183,22.9154981349825,460.098690726466,39.0452192448637,23.1,18.5778506151342,Other/Global,28.6435234422283,24.87,663.12,68.09,70.25,165780.0,248670.0,35.72,0.75,821.6,-1.37,26,1.0,280,77.06,15.78,42.98
Somalia,2017,122800.0,70.339592565435,23.822256192814,474.614301379537,39.0452192448637,23.1,18.5778506151342,Other/Global,28.6435234422283,22.1,589.44,67.37,69.74,147360.0,221040.0,35.71,0.86,1018.5,-0.66,32,1.0,312,75.23,14.99,43.69
Somalia,2018,107450.0,70.3402620588516,24.7290142506455,489.129912032608,39.0452192448637,23.1,18.5778506151342,Other/Global,28.6435234422283,19.34,515.76,66.64,69.2,128940.0,193410.0,35.67,0.96,857.1,-0.97,28,1.0,290,76.45,14.73,44.21
Somalia,2019,92100.0,70.3409315522683,25.635772308477,503.645522685679,39.0452192448637,23.1,18.5778506151342,Other/Global,28.6435234422283,16.58,442.08,65.75,68.56,110520.0,165780.0,35.58,0.92,944.9,-0.2,30,1.0,330,78.07,15.41,43.4
Somalia,2020,76750.0,70.341601045685,26.5425303663085,518.16113333875,39.0452192448637,23.1,18.5778506151342,Other/Global,28.6435234422283,13.82,368.4,64.71,67.81,92100.0,138150.0,35.43,1.04,740.8,-1.25,29,1.0,289,73.8,16.15,44.68
South Korea,1990,7500.0,22.5896744764669,444.425492432096,6812.9019416767,39.0452192448637,23.1,18.5778506151342,Other/Global,28.6435234422283,1.35,36.0,51.33,43.83,9000.0,13500.0,47.77,0.21,993.5,0.15,18,1.0,199,88.51,5.68,32.45
South Korea,1991,7640.0,22.3761144515861,448.716211901306,7402.64170546482,39.0452192448637,23.1,18.5778506151342,Other/Global,28.6435234422283,1.38,36.67,51.41,43.82,9168.0,13752.0,47.92,0.51,983.3,-0.14,22,1.0,203,88.89,5.66,33.55
South Korea,1992,7780.0,22.1625544267053,453.006931370516,7992.38146925293,39.0452192448637,23.1,18.5778506151342,Other/Global,28.6435234422283,1.4,37.34,51.49,43.82,9336.0,14004.0,48.07,0.49,906.9,-0.58,22,1.0,194,89.7,6.45,33.95
South Korea,1993,7920.0,21.9489944018245,457.297650839726,8582.12123304106,39.0452192448637,23.1,18.5778506151342,Other/Global,28.6435234422283,1.43,38.02,51.65,43.86,9504.0,14256.0,48.21,0.45,880.9,-0.59,20,1.0,218,88.71,7.13,35.67
South Korea,1994,8060.0,21.7354343769437,461.588370308936,9171.86099682918,39.0452192448637,23.1,18.5778506151342,Other/Global,28.6435234422283,1.45,38.69,51.73,43.86,9672.0,14508.0,48.35,0.53,931.0,-0.19,24,1.0,210,88.55,6.74,39.8
South Korea,1995,8200.0,21.521874352063,465.879089778146,9761.6007606173,39.0452192448637,23.1,18.5778506151342,Other/Global,28.6435234422283,1.48,39.36,51.81,43.86,9840.0,14760.0,48.5,0.53,1082.1,-0.23,25,1.0,242,89.8,7.57,37.43
South Korea,1996,8340.0,21.3083143271822,470.169809247356,10351.3405244054,39.0452192448637,23.1,18.5778506151342,Other/Global,28.6435234422283,1.5,40.03,51.89,43.86,10008.0,15012.0,48.63,0.37,757.9,-0.59,22,1.0,213,89.06,9.4,32.92
South Korea,1997,8480.0,21.0947543023014,474.460528716566,10941.0802881935,39.0452192448637,23.1,18.5778506151342,Other/Global,28.6435234422283,1.53,40.7,51.97,43.85,10176.0,15264.0,48.77,0.32,961.5,-0.17,18,1.0,235,91.3,9.76,36.86
South Korea,1998,8620.0,20.8811942774206,478.751248185776,11530.8200519816,39.0452192448637,23.1,18.5778506151342,Other/Global,28.6435234422283,1.55,41.38,52.14,43.9,10344.0,15516.0,48.91,0.38,826.0,-0.3,19,1.0,230,89.98,8.63,35.43
South Korea,1999,8760.0,20.6676342525398,483.041967654986,12120.5598157697,39.0452192448637,23.1,18.5778506151342,Other/Global,28.6435234422283,1.58,42.05,52.22,43.89,10512.0,15768.0,49.05,0.44,897.4,-0.07,25,1.0,232,90.26,11.25,35.71
South Korea,2000,8900.0,20.4540742276591,487.332687124197,12710.2995795579,39.0452192448637,23.1,18.5778506151342,Other/Global,28.6435234422283,1.6,42.72,52.3,43.89,10680.0,16020.0,49.18,0.41,879.1,-0.9,20,1.0,240,89.43,9.57,35.25
South Korea,2001,9010.0,20.2327408789672,489.581015119596,13846.3958268657,39.0452192448637,23.1,18.5778506151342,Other/Global,28.6435234422283,1.62,43.25,52.38,43.88,10812.0,16218.0,49.27,0.32,864.7,-0.55,20,1.0,253,91.65,11.08,36.13
South Korea,2002,9120.0,20.0114075302754,491.829343114995,14982.4920741735,39.0452192448637,23.1,18.5778506151342,Other/Global,28.6435234422283,1.64,43.78,52.46,43.87,10944.0,16416.0,49.35,0.44,898.1,-0.61,20,1.0,217,88.78,12.37,33.09
South Korea,2003,9230.0,19.7900741815835,494.077671110394,16118.5883214813,39.0452192448637,23.1,18.5778506151342,Other/Global,28.6435234422283,1.66,44.3,52.54,43.86,11076.0,16614.0,49.44,0.57,808.2,-1.31,22,1.0,250,88.12,11.22,36.4
South Korea,2004,9340.0,19.5687408328917,496.325999105793,17254.6845687892,39.0452192448637,23.1,18.5778506151342,Other/Global,28.6435234422283,1.68,44.83,52.54,43.8,11208.0,16812.0,49.52,0.64,981.2,-0.55,23,1.0,240,89.45,11.51,37.26
South Korea,2005,9450.0,19.3474074841999,498.574327101193,18390.780816097,39.0452192448637,23.1,18.5778506151342,Other/Global,28.6435234422283,1.7,45.36,52.62,43.79,11340.0,17010.0,49.6,0.85,755.3,-0.43,31,1.0,245,89.3,13.35,35.0
South Korea,2006,9560.0,19.126074135508,500.822655096592,19526.8770634048,39.0452192448637,23.1,18.5778506151342,Other/Global,28.6435234422283,1.72,45.89,52.7,43.78,11472.0,17208.0,49.69,0.61,942.0,-0.17,20,1.0,263,89.5,13.45,35.53
South Korea,2007,9670.0,18.9047407868162,503.070983091991,20662.9733107127,39.0452192448637,23.1,18.5778506151342,Other/Global,28.6435234422283,1.74,46.42,52.78,43.77,11604.0,17406.0,49.77,0.76,872.7,-0.12,30,1.0,280,92.1,13.78,34.18
South Korea,2008,9780.0,18.6834074381243,505.31931108739,21799.0695580205,39.0452192448637,23.1,18.5778506151342,Other/Global,28.6435234422283,1.76,46.94,52.86,43.76,11736.0,17604.0,49.85,0.83,805.2,-0.73,28,1.0,290,88.83,13.53,35.74
South Korea,2009,9890.0,18.4620740894325,507.567639082789,22935.1658053283,39.0452192448637,23.1,18.5778506151342,Other/Global,28.6435234422283,1.78,47.47,52.86,43.7,11868.0,17802.0,49.93,0.86,915.0,-0.86,28,1.0,261,89.76,16.21,36.71
South Korea,2010,10000.0,18.2407407407407,509.815967078189,24071.2620526362,39.0452192448637,23.1,18.5778506151342,Other/Global,28.6435234422283,1.8,48.0,52.94,43.69,12000.0,18000.0,50.01,0.62,774.2,-1.03,26,1.0,231,87.93,15.91,36.13
South Korea,2011,9554.0,18.1556281511127,512.557883211527,25291.3677730134,39.0452192448637,23.1,18.5778506151342,Other/Global,28.6435234422283,1.72,45.86,52.7,43.49,11464.8,17197.2,49.89,0.68,902.0,-0.36,23,1.0,278,92.18,16.82,37.9
South Korea,2012,9108.0,18.0705155614848,515.299799344866,26511.4734933906,39.0452192448637,23.1,18.5778506151342,Other/Global,28.6435234422283,1.64,43.72,52.46,43.28,10929.6,16394.4,49.75,0.7,785.1,-0.81,27,1.0,253,87.14,17.77,38.58
South Korea,2013,8662.0,17.9854029718568,518.041715478204,27731.5792137678,39.0452192448637,23.1,18.5778506151342,Other/Global,28.6435234422283,1.56,41.58,52.14,43.03,10394.4,15591.6,49.6,0.7,935.9,-0.61,25,1.0,291,90.13,16.01,35.58
South Korea,2014,8216.0,17.9002903822289,520.783631611543,28951.684934145,39.0452192448637,23.1,18.5778506151342,Other/Global,28.6435234422283,1.48,39.44,51.81,42.77,9859.2,14788.8,49.45,0.74,825.1,-1.29,24,1.0,274,88.37,18.11,36.38
South Korea,2015,7770.0,17.815177792601,523.525547744882,30171.7906545222,39.0452192448637,23.1,18.5778506151342,Other/Global,28.6435234422283,1.4,37.3,51.49,42.52,9324.0,13986.0,49.28,0.85,863.0,0.18,30,1.0,296,88.33,17.31,34.72
South Korea,2016,6976.0,17.5738635455562,525.042239425413,30866.5869145192,39.0452192448637,23.1,18.5778506151342,Other/Global,28.6435234422283,1.26,33.48,50.93,42.03,8371.2,12556.8,48.89,0.68,922.7,-0.51,26,1.0,282,89.0,19.61,35.88
South Korea,2017,6182.0,17.3325492985114,526.558931105945,31561.3831745162,39.0452192448637,23.1,18.5778506151342,Other/Global,28.6435234422283,1.11,29.67,50.2,41.44,7418.4,11127.6,48.45,1.0,837.5,-1.11,31,1.0,281,88.79,20.57,36.88
South Korea,2018,5388.0,17.0912350514666,528.075622786477,32256.1794345132,39.0452192448637,23.1,18.5778506151342,Other/Global,28.6435234422283,0.97,25.86,49.4,40.79,6465.6,9698.4,47.95,1.0,894.7,-0.78,29,1.0,285,90.5,19.91,38.21
South Korea,2019,4594.0,16.8499208044218,529.592314467009,32950.9756945102,39.0452192448637,23.1,18.5778506151342,Other/Global,28.6435234422283,0.83,22.05,48.51,40.07,5512.8,8269.2,47.36,0.98,778.3,-1.26,28,1.0,311,88.71,20.41,36.43
South Korea,2020,3800.0,16.608606557377,531.109006147541,33645.7719545073,39.0452192448637,23.1,18.5778506151342,Other/Global,28.6435234422283,0.68,18.24,47.38,39.19,4560.0,6840.0,46.66,1.16,950.0,-0.72,31,1.0,289,91.55,21.41,37.17
Spain,1990,5700.0,59.6513026052104,81.2983246492986,14743.2671031455,25.1625641050955,20.1,10.6174504193252,Other/Global,27.8405013615249,1.03,27.36,50.28,54.07,6840.0,10260.0,35.78,0.22,1040.5,0.68,19,1.0,212,81.14,7.09,37.22
Spain,1991,5700.0,59.6513026052104,81.2983246492986,14743.2671031455,24.9692979755077,20.1,10.6174504193252,Other/Global,28.4790705590261,1.03,27.36,49.88,53.87,6840.0,10260.0,35.78,0.31,1122.7,0.46,19,1.0,234,81.52,6.91,40.39
Spain,1992,5700.0,59.6513026052104,81.2983246492986,14743.2671031455,24.8008891320784,20.1,9.71666618990237,Other/Global,29.1176397565273,1.03,27.36,49.4,53.63,6840.0,10260.0,35.78,0.56,906.6,-0.77,21,1.0,236,77.7,8.04,38.16
Spain,1993,5700.0,59.6513026052104,81.2983246492986,14743.2671031455,24.6556546453237,20.1,9.78167403577257,Other/Global,29.7562089540285,1.03,27.36,48.91,53.38,6840.0,10260.0,35.78,0.37,962.4,-0.14,19,1.0,190,78.6,7.66,43.04
Spain,1994,5700.0,59.6513026052104,81.2983246492986,14743.2671031455,24.5276274690818,20.1,9.49025321393273,Other/Global,30.3947781515297,1.03,27.36,48.51,53.18,6840.0,10260.0,35.78,0.4,756.9,-0.94,18,1.0,197,78.96,8.48,43.53
Spain,1995,5700.0,59.6513026052104,81.2983246492986,14743.2671031455,24.411702725364,20.1,8.98709563154256,Other/Global,31.0333473490309,1.03,27.36,48.03,52.94,6840.0,10260.0,35.78,0.43,1019.5,0.48,19,1.0,228,78.86,7.61,42.98
Spain,1996,5700.0,59.6513026052104,81.2983246492986,14743.2671031455,24.3027755361819,20.1,8.35954186760044,Other/Global,31.6719165465321,1.03,27.36,47.62,52.74,6840.0,10260.0,35.78,0.48,961.4,0.17,21,1.0,209,80.5,9.91,38.06
Spain,1997,5700.0,59.6513026052104,81.2983246492986,14743.2671031455,24.195741023547,20.1,8.04417976429359,Other/Global,32.3104857440333,1.03,27.36,47.14,52.5,6840.0,10260.0,35.78,0.41,860.6,-0.43,22,1.0,237,79.92,8.67,41.21
Spain,1998,5700.0,59.6513026052104,81.2983246492986,14743.2671031455,24.0854943094706,20.1,7.69931303667375,Other/Global,32.9490549415345,1.03,27.36,46.74,52.3,6840.0,10260.0,35.78,0.27,998.3,-0.27,17,1.0,206,78.42,10.0,34.92
Spain,1999,5700.0,59.6513026052104,81.2983246492986,14743.2671031455,23.9669305159644,20.1,7.2073239921889,Other/Global,33.5876241390357,1.03,27.36,46.25,52.05,6840.0,10260.0,35.78,0.33,879.0,-0.7,19,1.0,234,79.2,9.23,42.04
Spain,2000,5700.0,59.6513026052104,81.2983246492986,14743.2671031455,23.8349447650398,20.1,6.68796680747931,Other/Global,34.256372745491,1.03,27.36,45.85,51.85,6840.0,10260.0,35.78,0.35,862.7,-0.4,22,1.0,253,79.5,10.16,39.83
Spain,2001,5328.0,59.1950621668929,82.4836852805068,16334.81461566,23.6843110489615,20.1,6.55445005864761,Other/Global,34.5805002808313,0.96,25.57,45.21,51.31,6393.6,9590.4,35.69,0.44,937.4,-0.13,20,1.0,219,79.45,10.72,36.04
Spain,2002,4956.0,58.7388217285754,83.669045911715,17926.3621281746,23.5065782750462,20.1,6.00405671641633,Other/Global,34.8353077909586,0.89,23.79,44.64,50.8,5947.2,8920.8,35.59,0.54,814.3,-0.83,21,1.0,244,78.88,12.17,40.67
Spain,2003,4584.0,58.2825812902579,84.8544065429232,19517.9096406892,23.290664409141,20.1,5.7048835157378,Other/Global,35.114186414535,0.83,22.0,44.08,50.28,5500.8,8251.2,35.47,0.61,981.2,-0.36,23,1.0,247,78.55,13.55,38.55
Spain,2004,4212.0,57.8263408519404,86.0397671741314,21109.4571532037,23.0450372452867,20.1,5.48438393357882,Other/Global,35.4070555711367,0.76,20.22,43.43,49.71,5054.4,7581.6,35.33,0.5,815.0,-0.86,22,1.0,262,80.9,12.38,38.33
Spain,2005,3840.0,57.370100413623,87.2251278053397,22701.0046657183,22.7793198079706,20.3,5.29936901154754,Other/Global,35.7042517381635,0.69,18.43,42.79,49.14,4608.0,6912.0,35.18,0.78,815.5,-0.91,24,1.0,246,78.69,12.88,39.87
Spain,2006,3468.0,56.9138599753055,88.4104884365479,24292.5521782329,22.5031351216798,19.7,4.91362370037492,Other/Global,36.002998116157,0.62,16.65,42.06,48.5,4161.6,6242.4,35.0,0.74,826.8,-1.55,27,1.0,238,81.07,15.06,40.59
Spain,2007,3096.0,56.457619536988,89.5958490677561,25884.0996907474,22.2261062109013,19.8,4.36180748335256,Other/Global,36.2844202680772,0.56,14.86,41.26,47.82,3715.2,5572.8,34.78,0.83,960.4,-0.79,28,1.0,225,80.62,14.27,38.91
Spain,2008,2724.0,56.0013790986705,90.7812096989643,27475.647203262,21.9578561001223,20.4,3.91107556524074,Other/Global,36.5979510825982,0.49,13.08,40.45,47.12,3268.8,4903.2,34.53,0.74,850.3,-0.95,23,1.0,287,79.42,17.32,33.56
Spain,2009,2352.0,55.545138660353,91.9665703301725,29067.1947157766,21.7080078138299,20.7,4.04376217869413,Other/Global,36.8992880920868,0.42,11.29,39.48,46.31,2822.4,4233.6,34.23,0.77,791.9,-0.61,26,1.0,283,81.18,15.23,38.47
Spain,2010,1980.0,55.0888982220356,93.1519309613808,30658.7422282912,21.4861843765112,20.6,4.10249452451234,Other/Global,37.089938201236,0.36,9.5,38.52,45.47,2376.0,3564.0,33.87,0.69,851.3,-0.96,26,1.0,273,79.82,17.28,35.65
Spain,2011,2332.0,54.7089310144606,93.1030642393054,29723.4821065884,21.304602043505,20.8,3.84476727068254,Other/Global,37.1019204609106,0.42,11.19,39.32,45.97,2798.4,4197.6,34.27,0.75,897.2,-0.56,25,1.0,276,81.45,15.71,38.45
Spain,2012,2684.0,54.3289638068857,93.05419751723,28788.2219848857,21.1544319698382,20.4,4.24607226000299,Other/Global,37.0797784930329,0.48,12.88,40.05,46.4,3220.8,4831.2,34.62,0.7,805.2,-0.81,22,1.0,287,79.92,16.36,37.91
Spain,2013,3036.0,53.9489965993107,93.0053307951547,27852.9618631829,21.0141913097888,22.2,4.33445212345307,Other/Global,37.0821135123248,0.55,14.57,40.69,46.76,3643.2,5464.8,34.92,0.68,807.5,-0.46,26,1.0,299,81.09,16.63,36.39
Spain,2014,3388.0,53.5690293917358,92.9564640730793,26917.7017414802,20.8803286166512,22.1,4.26738296736193,Other/Global,37.0844485316167,0.61,16.26,41.18,47.03,4065.6,6098.4,35.19,0.93,1068.5,0.2,30,1.0,257,81.0,17.18,36.52
Spain,2015,3740.0,53.1890621841609,92.907597351004,25982.4416197775,20.7545107256977,22.3,3.98797599058684,Other/Global,37.1275324670126,0.67,17.95,41.66,47.28,4488.0,6732.0,35.43,0.88,830.7,-0.95,28,1.0,265,80.41,18.56,32.88
Spain,2016,3844.0,53.0175855919855,93.2866600185906,26232.7418250541,20.6384044722003,21.6,4.17930297428737,Other/Global,37.142868581403,0.69,18.45,41.82,47.35,4612.8,6919.2,35.52,0.93,873.7,-0.97,28,1.0,266,80.82,18.28,39.6
Spain,2017,3948.0,52.8461089998101,93.6657226861772,26483.0420303308,20.5336766914317,21.5,4.31084380951656,Other/Global,37.1522339173654,0.71,18.95,41.9,47.37,4737.6,7106.4,35.61,0.84,870.1,-0.97,26,1.0,293,80.47,19.65,36.92
Spain,2018,4052.0,52.6746324076348,94.0447853537638,26733.3422356074,20.4419942186639,20.7,4.06932360130248,Other/Global,37.1566467814769,0.73,19.45,42.06,47.43,4862.4,7293.6,35.7,0.88,865.8,-0.89,27,1.0,304,82.69,19.8,36.69
Spain,2019,4156.0,52.5031558154594,94.4238480213504,26983.6424408841,20.3650238891693,21.0,4.11382637552359,Other/Global,37.1677215644695,0.75,19.95,42.22,47.49,4987.2,7480.8,35.78,1.02,949.2,-0.78,28,1.0,320,80.48,18.77,36.7
Spain,2020,4260.0,52.3316792232841,94.802910688937,27233.9426461608,20.3044325382201,21.7,3.90507713594839,Other/Global,37.1773054885498,0.77,20.45,42.3,47.51,5112.0,7668.0,35.86,1.01,975.3,-0.39,28,1.0,265,81.28,19.9,32.4
Sudan,1990,272540.0,59.8232762312634,21.4263549250535,1257.1875,70.0497611870241,46.5,52.0493668738409,Other/Global,10.5635299785867,49.06,1308.19,90.17,79.0,327048.0,490572.0,36.54,0.22,842.8,-0.24,25,1.0,184,76.99,5.67,40.8
Sudan,1991,272540.0,59.8232762312634,21.4263549250535,1167.68043823242,68.9646468090973,46.5,52.0493668738409,Other/Global,10.5635299785867,49.06,1308.19,90.17,79.0,327048.0,490572.0,36.54,0.35,768.4,-0.54,24,1.0,209,78.67,4.37,38.03
Sudan,1992,272540.0,59.8232762312634,21.4263549250535,1078.17337646484,68.2561820254451,46.5,51.2664678375773,Other/Global,10.5635299785867,49.06,1308.19,90.17,79.0,327048.0,490572.0,36.54,0.53,969.3,0.18,28,1.0,215,80.26,5.88,39.06
Sudan,1993,272540.0,59.8232762312634,21.4263549250535,988.666314697265,68.0115521055383,46.5,50.4907654413961,Other/Global,10.5635299785867,49.06,1308.19,90.17,79.0,327048.0,490572.0,36.54,0.49,859.7,0.03,28,1.0,211,80.06,5.21,37.63
Sudan,1994,272540.0,59.8232762312634,21.4263549250535,899.159252929687,67.9513068763885,46.5,49.7048130542623,Other/Global,10.5635299785867,49.06,1308.19,90.17,79.0,327048.0,490572.0,36.54,0.36,1005.7,0.1,23,1.0,201,80.02,5.39,36.38
Sudan,1995,272540.0,59.8232762312634,21.4263549250535,809.652191162109,67.8899374986285,46.5,49.4116484490748,Other/Global,10.5635299785867,49.06,1308.19,90.17,79.0,327048.0,490572.0,36.54,0.43,687.6,-0.72,26,1.0,211,79.46,6.28,37.74
Sudan,1996,272540.0,59.8232762312634,21.4263549250535,720.145129394531,67.8335348095745,46.5,49.3823158075842,Other/Global,10.5635299785867,49.06,1308.19,90.17,79.0,327048.0,490572.0,36.54,0.35,882.9,-0.44,25,1.0,223,79.8,6.0,38.44
Sudan,1997,272540.0,59.8232762312634,21.4263549250535,630.638067626953,67.7820398598915,46.5,48.560347522266,Other/Global,10.5635299785867,49.06,1308.19,90.17,79.0,327048.0,490572.0,36.54,0.36,1020.8,0.47,25,1.0,202,81.23,8.25,38.8
Sudan,1998,272540.0,59.8232762312634,21.4263549250535,541.131005859375,67.7353937002445,46.5,48.0465604707482,Other/Global,10.5635299785867,49.06,1308.19,90.17,79.0,327048.0,490572.0,36.54,0.34,839.0,-0.16,27,1.0,219,78.38,5.36,37.82
Sudan,1999,272540.0,59.8232762312634,21.4263549250535,451.623944091797,67.6935373812984,46.5,47.5830829528338,Other/Global,10.5635299785867,49.06,1308.19,90.17,79.0,327048.0,490572.0,36.54,0.33,849.3,-0.13,26,1.0,214,80.97,8.4,38.61
Sudan,2000,272540.0,59.8232762312634,21.4263549250535,362.116882324219,67.6564119537185,46.5,46.8436916685205,Other/Global,10.5635299785867,49.06,1308.19,90.17,79.0,327048.0,490572.0,36.54,0.29,890.9,-0.23,23,1.0,246,78.44,8.77,38.22
Sudan,2001,272540.0,59.8232762312634,21.4263549250535,456.46879272461,67.6239584681696,46.5,46.5426186457994,Other/Global,10.5635299785867,49.06,1308.19,90.17,79.0,327048.0,490572.0,36.54,0.43,822.6,-0.8,29,1.0,228,79.86,8.38,36.08
Sudan,2002,272540.0,59.8232762312634,21.4263549250535,550.820703125001,67.5961179753168,46.5,46.4416836277493,Other/Global,10.5635299785867,49.06,1308.19,90.17,79.0,327048.0,490572.0,36.54,0.46,842.3,-0.98,29,1.0,226,78.47,7.54,38.75
Sudan,2003,272540.0,59.8232762312634,21.4263549250535,645.172613525392,67.5728315258252,46.5,45.8073165324587,Other/Global,10.5635299785867,49.06,1308.19,90.17,79.0,327048.0,490572.0,36.54,0.34,840.3,-0.48,28,1.0,241,80.51,9.9,38.75
Sudan,2004,272540.0,59.8232762312634,21.4263549250535,739.524523925783,67.5540401703597,46.5,45.0642919985951,Other/Global,10.5635299785867,49.06,1308.19,90.17,79.0,327048.0,490572.0,36.54,0.81,817.1,-0.46,33,1.0,264,77.95,9.57,37.43
Sudan,2005,272540.0,59.8232762312634,21.4263549250535,833.876434326174,67.5396849595854,46.5,44.6348495319311,Other/Global,10.5635299785867,49.06,1308.19,90.17,79.0,327048.0,490572.0,36.54,0.78,965.6,-0.5,32,1.0,256,78.29,9.83,40.68
Sudan,2006,272540.0,59.8232762312634,21.4263549250535,928.228344726565,67.5297069441673,46.5,43.7648038999669,Other/Global,10.5635299785867,49.06,1308.19,90.17,79.0,327048.0,490572.0,36.54,0.69,904.2,-0.3,30,1.0,276,79.36,11.67,38.8
Sudan,2007,272540.0,59.8232762312634,21.4263549250535,1022.58025512695,67.5240471747704,46.5,44.3142429605818,Other/Global,10.5635299785867,49.06,1308.19,90.17,79.0,327048.0,490572.0,36.54,0.73,887.3,-0.37,31,1.0,277,78.55,12.29,39.6
Sudan,2008,272540.0,59.8232762312634,21.4263549250535,1116.93216552734,67.5183769250254,46.5,43.4090467665389,Other/Global,10.5635299785867,49.06,1308.19,90.17,79.0,327048.0,490572.0,36.54,0.61,932.0,-0.47,30,1.0,255,78.64,11.1,37.1
Sudan,2009,272540.0,59.8232762312634,21.4263549250535,1211.28407592773,67.4225377027157,46.5,42.6737594012446,Other/Global,10.5635299785867,49.06,1308.19,90.17,79.0,327048.0,490572.0,36.54,0.82,846.1,-0.44,31,1.0,272,79.35,11.28,37.48
Sudan,2010,272540.0,59.8232762312634,21.4263549250535,1305.63598632813,67.2825973408487,46.5,42.4094359610697,Other/Global,10.5635299785867,49.06,1308.19,90.17,79.0,327048.0,490572.0,36.54,0.81,805.4,-1.84,32,1.0,290,77.99,10.09,38.27
Sudan,2011,270832.0,59.8232762312634,21.4263549250535,1302.98471679688,67.0940239858014,46.5,41.5630051992414,Other/Global,10.5635299785867,48.75,1299.99,90.17,78.99,324998.4,487497.6,36.53,0.66,819.3,-1.16,35,1.0,270,79.65,11.4,36.39
Sudan,2012,269124.0,59.8232762312634,21.4263549250535,1300.33344726563,66.8574438385099,46.5,41.8604734094677,Other/Global,10.5635299785867,48.44,1291.8,90.09,78.94,322948.8,484423.2,36.52,0.74,867.8,-0.97,31,1.0,284,79.94,12.43,35.12
Sudan,2013,267416.0,59.8232762312634,21.4263549250535,1297.68217773438,66.5735222041897,46.5,41.1479516124235,Other/Global,10.4702494646681,48.13,1283.6,90.17,78.97,320899.2,481348.8,36.51,0.7,783.2,-1.2,31,1.0,271,77.6,14.29,41.52
Sudan,2014,265708.0,59.8232762312634,21.4263549250535,1295.03090820313,66.2375417591883,46.5,40.7028923462363,Other/Global,10.3769689507495,47.83,1275.4,90.17,78.97,318849.6,478274.4,36.5,0.64,828.1,-0.65,30,1.0,284,79.79,14.18,37.65
Sudan,2015,264000.0,59.8232762312634,21.4263549250535,1292.37963867188,65.9085605371403,46.5,40.2807765614706,Other/Global,10.2836884368308,47.52,1267.2,90.25,79.0,316800.0,475200.0,36.49,0.78,827.0,-0.78,33,1.0,287,79.74,15.04,38.5
Sudan,2016,264000.0,59.9212548179871,22.1506375802997,1149.46275634766,65.8118041158787,46.5,38.8885045580254,Other/Global,10.1971038543897,47.52,1267.2,90.33,79.07,316800.0,475200.0,36.67,0.89,1038.3,-0.13,34,1.0,304,79.99,15.11,39.47
Sudan,2017,264000.0,60.0192334047109,22.874920235546,1006.54587402344,65.7127774336491,46.5,38.3767695210468,Other/Global,10.1049411134904,47.52,1267.2,90.41,79.14,316800.0,475200.0,36.84,0.91,646.4,-1.39,34,1.0,292,79.58,14.91,38.56
Sudan,2018,264000.0,60.1172119914346,23.5992028907922,863.62899169922,65.617945777995,46.5,37.8346648562387,Other/Global,10.0128479657388,47.52,1267.2,90.49,79.21,316800.0,475200.0,37.01,0.97,854.0,-1.21,37,1.0,305,79.84,15.35,36.83
Sudan,2019,264000.0,60.2151905781584,24.3234855460385,720.712109375,65.5272314175764,46.5,37.9137027873199,Other/Global,9.92077087794432,47.52,1267.2,90.65,79.32,316800.0,475200.0,37.18,0.99,1006.4,-0.8,33,1.0,311,79.81,16.06,41.27
Sudan,2020,264000.0,60.3131691648822,25.0477682012848,577.795227050781,65.4405566210754,46.5,39.6819797424581,Other/Global,9.82869379014989,47.52,1267.2,90.73,79.39,316800.0,475200.0,37.34,0.99,878.1,-0.75,34,1.0,297,79.67,15.81,38.33
Suriname,1990,3670.0,0.548260608951812,2.56992799282227,941.591736102188,33.6232136532748,23.1,4.37795336214115,Other/Global,95.8062362276779,0.66,17.62,2.74,12.01,4404.0,6606.0,23.31,0.27,959.8,-0.21,17,1.0,198,94.76,4.89,5.0
Suriname,1991,3711.0,0.548260608951812,2.60989494516801,1046.2547354174,33.5844655992275,23.1,4.37795336214115,Other/Global,95.7833338867858,0.67,17.81,2.82,12.06,4453.2,6679.8,23.36,0.26,907.5,-0.65,19,1.0,214,96.16,5.33,5.0
Suriname,1992,3752.0,0.548260608951812,2.64986189751376,1150.91773473261,33.5460402032842,23.1,4.43707216337145,Other/Global,95.7604315458937,0.68,18.01,2.82,12.07,4502.4,6753.6,23.4,0.34,846.2,-0.16,17,1.0,238,95.88,5.63,5.0
Suriname,1993,3793.0,0.548260608951812,2.68982884985951,1255.58073404783,33.508339340931,23.1,4.62510665029018,Other/Global,95.7375292050016,0.68,18.21,2.82,12.09,4551.6,6827.4,23.44,0.33,720.2,-0.44,18,1.0,195,94.18,5.37,5.0
Suriname,1994,3834.0,0.548260608951812,2.72979580220526,1360.24373336304,33.4717648876541,23.1,6.32721860598562,Other/Global,95.7146268641094,0.69,18.4,2.82,12.1,4600.8,6901.2,23.49,0.53,916.0,0.1,20,1.0,226,93.56,7.29,5.0
Suriname,1995,3875.0,0.548260608951812,2.76976275455101,1464.90673267825,33.4367187189396,23.1,7.28880781846174,Other/Global,95.6917245232173,0.7,18.6,2.9,12.16,4650.0,6975.0,23.53,0.27,837.5,-0.37,18,1.0,239,95.84,7.68,5.0
Suriname,1996,3916.0,0.548260608951812,2.80972970689676,1569.56973199347,33.4036027102737,23.1,6.14971241445904,Other/Global,95.6688221823252,0.7,18.8,2.9,12.17,4699.2,7048.8,23.57,0.51,835.5,-0.44,21,1.0,226,97.06,6.0,5.0
Suriname,1997,3957.0,0.548260608951812,2.84969665924251,1674.23273130868,33.3728187371426,23.1,5.44690572349366,Other/Global,95.6459198414331,0.71,18.99,2.9,12.18,4748.4,7122.6,23.61,0.5,859.6,-0.12,20,1.0,215,94.28,5.8,5.0
Suriname,1998,3998.0,0.548260608951812,2.88966361158826,1778.8957306239,33.3447686750323,23.1,5.85380214673891,Other/Global,95.623017500541,0.72,19.19,2.9,12.2,4797.6,7196.4,23.65,0.35,1039.1,-0.01,20,1.0,231,94.91,7.45,5.0
Suriname,1999,4039.0,0.548260608951812,2.92963056393401,1883.55872993911,33.319854399429,23.1,6.37248217164951,Other/Global,95.6001151596488,0.73,19.39,2.98,12.25,4846.8,7270.2,23.69,0.16,1091.9,0.84,18,1.0,221,93.92,7.56,5.0
Suriname,2000,4080.0,0.548260608951812,2.96959751627976,1988.22172925433,33.2984777858189,23.1,6.88930513043081,Other/Global,95.5772128187567,0.73,19.58,2.98,12.26,4896.0,7344.0,23.73,0.37,916.9,-0.16,18,1.0,231,94.95,7.28,5.0
Suriname,2001,4638.0,0.542217281784956,3.01525267244338,2583.76003914581,33.281040709688,23.1,7.28197117296942,Other/Global,95.5516626283327,0.83,22.26,3.06,12.46,5565.6,8348.4,23.9,0.44,862.3,-0.2,18,1.0,248,91.94,8.77,5.0
Suriname,2002,5196.0,0.536173954618101,3.060907828607,3179.29834903729,33.2679450465227,23.1,7.72501771793055,Other/Global,95.5261124379087,0.94,24.94,3.06,12.61,6235.2,9352.8,24.05,0.43,805.2,-0.6,19,1.0,245,93.69,10.68,5.0
Suriname,2003,5754.0,0.530130627451246,3.10656298477062,3774.83665892877,33.2595926718089,23.1,8.07190185658991,Other/Global,95.5005622474847,1.04,27.62,3.14,12.77,6904.8,10357.2,24.2,0.54,936.8,0.08,21,1.0,252,95.19,10.37,5.0
Suriname,2004,6312.0,0.524087300284391,3.15221814093425,4370.37496882025,33.256395286832,23.1,8.43745072687711,Other/Global,95.4750120570607,1.14,30.3,3.22,12.93,7574.4,11361.6,24.33,0.77,1041.9,-0.08,24,1.0,235,93.27,11.13,5.0
Suriname,2005,6870.0,0.518043973117535,3.19787329709787,4965.91327871174,33.2678173509119,23.1,8.36654366543666,Other/Global,95.4494618666367,1.24,32.98,3.22,13.04,8244.0,12366.0,24.45,0.75,879.4,-1.11,25,1.0,247,94.99,12.0,5.0
Suriname,2006,7428.0,0.51200064595068,3.24352845326149,5561.45158860322,33.3032017730948,23.1,8.18915109898348,Other/Global,95.4239116762128,1.34,35.65,3.3,13.17,8913.6,13370.4,24.57,0.65,708.8,-0.72,24,1.0,269,94.95,12.03,5.0
Suriname,2007,7986.0,0.505957318783825,3.28918360942512,6156.9898984947,33.3566819865165,23.1,8.05811104027886,Other/Global,95.3983614857888,1.44,38.33,3.3,13.27,9583.2,14374.8,24.68,0.6,952.6,-0.59,24,1.0,238,95.02,11.75,5.0
Suriname,2008,8544.0,0.49991399161697,3.33483876558874,6752.52820838618,33.4223038168358,23.1,8.00729490211723,Other/Global,95.3728112953648,1.54,41.01,3.38,13.39,10252.8,15379.2,24.79,0.68,977.8,0.09,24,1.0,247,93.72,13.29,5.0
Suriname,2009,9102.0,0.493870664450115,3.38049392175236,7348.06651827766,33.4941130897118,23.1,7.91199515773457,Other/Global,95.3472611049408,1.64,43.69,3.38,13.47,10922.4,16383.6,24.89,0.66,772.0,-0.98,23,1.0,266,95.24,12.18,5.0
Suriname,2010,9660.0,0.48782733728326,3.42614907791599,7943.60482816915,33.5661556308033,23.1,7.75353522446546,Other/Global,95.3217109145168,1.74,46.37,3.46,13.58,11592.0,17388.0,24.99,0.7,913.0,-0.16,24,1.0,266,96.55,12.08,5.0
Suriname,2011,9544.0,0.498667944778443,3.46565374688464,8117.60727331945,33.6324772657693,23.1,7.56390546421033,Other/Global,95.2616639173682,1.72,45.81,3.46,13.57,11452.8,17179.2,25.0,0.6,935.0,-0.02,23,1.0,289,93.74,14.82,5.0
Suriname,2012,9428.0,0.509508552273627,3.5051584158533,8291.60971846975,33.6867437306624,23.1,7.50744614001298,Other/Global,95.2016169202195,1.7,45.25,3.55,13.6,11313.6,16970.4,25.02,0.69,893.0,-0.45,24,1.0,245,93.52,15.33,5.0
Suriname,2013,9312.0,0.52034915976881,3.54466308482195,8465.61216362006,33.7316424865491,23.1,7.41522415101731,Other/Global,95.1415699230709,1.68,44.7,3.55,13.59,11174.4,16761.6,25.03,0.84,835.6,-0.73,30,1.0,283,94.12,14.18,5.0
Suriname,2014,9196.0,0.531189767263994,3.58416775379061,8639.61460877036,33.7750733821963,23.1,7.46190779364388,Other/Global,95.0815229259223,1.66,44.14,3.63,13.62,11035.2,16552.8,25.05,0.81,980.2,-0.25,25,1.0,308,94.65,14.49,5.0
Suriname,2015,9080.0,0.542030374759178,3.62367242275927,8813.61705392067,33.8171184925282,23.1,7.72101637366184,Other/Global,95.0214759287737,1.63,43.58,3.63,13.6,10896.0,16344.0,25.06,0.81,866.6,-1.36,25,1.0,296,93.08,15.77,5.0
Suriname,2016,11804.0,0.53330804688949,3.66191360023365,8001.97208655792,33.8573533019531,23.1,7.6822426473964,Other/Global,94.9507627706873,2.12,56.66,3.79,14.02,14164.8,21247.2,25.38,0.87,779.8,-1.06,28,1.0,272,93.77,14.7,5.0
Suriname,2017,14528.0,0.524585719019802,3.70015477770804,7190.32711919517,33.8953532948793,23.1,7.67639259690921,Other/Global,94.9052820610811,2.62,69.73,3.95,14.36,17433.6,26150.4,25.63,0.92,734.3,-1.62,27,1.0,335,96.07,15.65,5.0
Suriname,2018,17252.0,0.515863391150114,3.73839595518243,6378.68215183242,33.9306939557154,23.1,7.48000425630021,Other/Global,94.8290239945632,3.11,82.81,4.03,14.62,20702.4,31053.6,25.85,1.08,998.8,-0.48,32,1.0,293,95.68,16.28,5.0
Suriname,2019,19976.0,0.507141063280426,3.77663713265682,5567.03718446967,33.9629507688695,23.1,7.43287763285931,Other/Global,94.7527036257035,3.6,95.88,4.19,14.88,23971.2,35956.8,26.04,0.95,946.9,-0.95,28,1.0,269,93.13,15.8,5.0
Suriname,2020,22700.0,0.498418735410739,3.81487831013121,4755.39221710693,33.99169921875,23.1,7.56079841286104,Other/Global,94.6764455591856,4.09,108.96,4.27,15.08,27240.0,40860.0,26.21,1.0,904.3,-1.14,30,1.0,321,96.56,17.49,5.0
Sweden,1990,11490.0,8.37875610945852,21.0115414726333,30549.3185706762,16.5958269588706,13.5,3.51250565264075,Other/Global,68.8933585407953,2.07,55.15,23.45,26.17,13788.0,20682.0,31.01,0.27,863.4,0.14,18,1.0,192,91.84,9.29,5.0
Sweden,1991,12423.0,8.27100820273594,21.0884487812015,30457.6456217248,16.5049308674957,13.5,3.51250565264075,Other/Global,68.9179080752502,2.24,59.63,23.61,26.31,14907.6,22361.4,31.16,0.3,856.2,-0.07,20,1.0,235,92.78,9.34,6.66
Sweden,1992,13356.0,8.16326029601337,21.1653560897698,30365.9726727734,16.3921110146643,13.5,3.5081623076676,Other/Global,68.9424576097051,2.4,64.11,23.77,26.45,16027.2,24040.8,31.3,0.29,812.3,-0.53,18,1.0,222,92.46,10.6,5.0
Sweden,1993,14289.0,8.0555123892908,21.242263398338,30274.299723822,16.2730991949105,13.5,3.44354887900264,Other/Global,68.96700714416,2.57,68.59,23.93,26.59,17146.8,25720.2,31.43,0.46,863.8,-0.43,21,1.0,246,93.54,10.3,5.0
Sweden,1994,15222.0,7.94776448256823,21.3191707069063,30182.6267748706,16.1687701131056,13.5,3.43624252704436,Other/Global,68.9915566786149,2.74,73.07,24.09,26.72,18266.4,27399.6,31.56,0.44,728.6,-1.0,21,1.0,202,91.09,9.98,7.66
Sweden,1995,16155.0,7.84001657584566,21.3960780154745,30090.9538259192,16.0999984741211,13.5,3.50284734672664,Other/Global,69.0161062130698,2.91,77.54,24.17,26.8,19386.0,29079.0,31.67,0.48,839.2,-0.42,22,1.0,240,91.86,11.93,8.34
Sweden,1996,17088.0,7.73226866912309,21.4729853240428,29999.2808769678,16.0634287515058,13.5,3.26072419734318,Other/Global,69.0406557475247,3.08,82.02,24.34,26.92,20505.6,30758.4,31.78,0.37,873.1,-0.59,24,1.0,213,91.42,11.26,5.0
Sweden,1997,18021.0,7.62452076240052,21.549892632611,29907.6079280164,16.03753094983,13.5,3.2444386143809,Other/Global,69.0652052819796,3.24,86.5,24.42,27.0,21625.2,32437.8,31.89,0.49,946.6,0.06,21,1.0,233,91.28,8.99,5.0
Sweden,1998,18954.0,7.51677285567795,21.6267999411793,29815.934979065,16.0159180704969,13.5,3.04934403802852,Other/Global,69.0897548164345,3.41,90.98,24.5,27.07,22744.8,34117.2,31.99,0.3,894.5,-0.33,22,1.0,234,91.68,12.24,7.07
Sweden,1999,19887.0,7.40902494895538,21.7037072497475,29724.2620301136,15.99220311491,13.5,2.9970467451277,Other/Global,69.1143043508894,3.58,95.46,24.66,27.18,23864.4,35796.6,32.09,0.51,961.2,-0.33,19,1.0,256,91.59,10.84,7.6
Sweden,2000,20820.0,7.30127704223281,21.7806145583158,29632.5890811623,15.9599990844727,13.5,2.90642827417337,Other/Global,69.1388538853443,3.75,99.94,24.74,27.25,24984.0,37476.0,32.19,0.25,1005.4,0.16,19,1.0,251,93.39,14.42,5.02
Sweden,2001,23288.0,7.32572837854989,21.9048393760784,31923.587763949,15.9172847175777,13.5,2.64170184306761,Other/Global,69.1167593043349,4.19,111.78,25.06,27.56,27945.6,41918.4,32.4,0.48,981.9,-0.29,23,1.0,235,92.15,13.76,5.0
Sweden,2002,25756.0,7.35017971486697,22.0290641938411,34214.5864467358,15.8657491623177,13.5,2.52416252659831,Other/Global,69.0946647233255,4.64,123.63,25.3,27.81,30907.2,46360.8,32.6,0.54,934.6,-0.22,22,1.0,262,92.31,14.48,6.71
Sweden,2003,28224.0,7.37463105118406,22.1532890116038,36505.5851295225,15.8045710346457,13.5,2.54454411975321,Other/Global,69.0725701423161,5.08,135.48,25.54,28.06,33868.8,50803.2,32.79,0.51,897.6,-0.58,21,1.0,248,90.4,15.52,6.38
Sweden,2004,30692.0,7.39908238750114,22.2775138293664,38796.5838123093,15.7329289505151,13.5,2.4851427773414,Other/Global,69.0504755613067,5.52,147.32,25.79,28.3,36830.4,55245.6,32.96,0.68,817.9,-0.68,25,1.0,263,93.79,14.21,5.63
Sweden,2005,33160.0,7.42353372381823,22.4017386471291,41087.5824950961,15.6500015258789,13.5,2.28102345082283,Other/Global,69.0283809802973,5.97,159.17,25.95,28.48,39792.0,59688.0,33.12,0.8,955.2,-0.09,28,1.0,261,90.54,16.68,9.42
Sweden,2006,35628.0,7.44798506013531,22.5259634648918,43378.5811778828,15.5446799379641,13.5,2.22676602837403,Other/Global,69.0062863992879,6.41,171.01,26.19,28.7,42753.6,64130.4,33.27,0.54,1030.1,-0.21,24,1.0,257,92.7,16.27,6.28
Sweden,2007,38096.0,7.47243639645239,22.6501882826544,45669.5798606696,15.4093124545222,13.5,2.25118832765409,Other/Global,68.9841918182784,6.86,182.86,26.35,28.87,45715.2,68572.8,33.41,0.76,922.8,-0.57,23,1.0,243,94.18,17.48,5.0
Sweden,2008,40564.0,7.49688773276948,22.7744131004171,47960.5785434563,15.2482633272937,14.4,2.12171632149708,Other/Global,68.962097237269,7.3,194.71,26.51,29.04,48676.8,73015.2,33.54,0.51,1048.5,0.23,20,1.0,270,94.42,18.88,6.7
Sweden,2009,43032.0,7.52133906908656,22.8986379181798,50251.5772262431,15.0658968080187,14.8,2.17699819166567,Other/Global,68.9400026562596,7.75,206.55,26.67,29.2,51638.4,77457.6,33.67,0.6,772.8,-1.03,25,1.0,260,90.91,18.81,5.0
Sweden,2010,45500.0,7.54579040540365,23.0228627359425,52542.5759090299,14.8665771484375,15.4,2.10051133008918,Other/Global,68.9179080752502,8.19,218.4,26.83,29.36,54600.0,81900.0,33.8,0.79,802.2,-0.82,29,1.0,255,92.35,18.45,5.6
Sweden,2011,53400.0,7.52363006147999,23.2299425433303,52271.6937696337,14.6399251119476,15.2,1.9894450705288,Other/Global,68.8722459411641,9.61,256.32,27.32,29.8,64080.0,96120.0,34.12,0.6,962.0,-0.11,25,1.0,290,93.49,20.7,7.53
Sweden,2012,61300.0,7.50146971755633,23.4370223507181,52000.8116302376,14.3749331116878,16.0,2.0594226430031,Other/Global,68.826583807078,11.03,294.24,27.72,30.17,73560.0,110340.0,34.4,0.56,913.8,-0.08,25,1.0,271,92.09,21.23,7.78
Sweden,2013,69200.0,7.47930937363268,23.644102158106,51729.9294908415,14.0750228740106,15.6,2.03326318839205,Other/Global,68.7809216729919,12.46,332.16,28.04,30.48,83040.0,124560.0,34.66,0.67,996.8,-0.4,29,1.0,257,93.88,20.12,5.0
Sweden,2014,77100.0,7.45714902970902,23.8511819654938,51459.0473514454,13.7436161252686,16.3,1.97429847442304,Other/Global,68.7352595389057,13.88,370.08,28.36,30.77,92520.0,138780.0,34.89,0.91,889.5,-1.05,28,1.0,288,90.14,20.71,5.03
Sweden,2015,85000.0,7.43498868578537,24.0582617728817,51188.1652120493,13.3841345918142,16.2,2.03680775764617,Other/Global,68.6944981353789,15.3,408.0,28.61,31.02,102000.0,153000.0,35.11,0.67,820.4,-0.89,26,1.0,289,92.77,21.52,5.21
Sweden,2016,68000.0,7.42412530337196,24.3307981827917,51464.2467092423,13.0,15.8,1.88620681030464,Other/Global,68.6944981353789,12.24,326.4,28.04,30.44,81600.0,122400.0,34.77,0.8,874.8,-1.01,26,1.0,294,93.13,23.64,6.09
Sweden,2017,51000.0,7.41326192095855,24.6033345927017,51740.3282064354,12.762626213089,16.4,1.83025659905566,Other/Global,68.6944981353789,9.18,244.8,27.32,29.71,61200.0,91800.0,34.31,1.06,771.3,-1.11,29,1.0,297,91.22,23.91,5.0
Sweden,2018,34000.0,7.40239853854514,24.8758710026117,52016.4097036284,12.5262569074704,17.1,1.73231559050394,Other/Global,68.6944981353789,6.12,163.2,26.35,28.71,40800.0,61200.0,33.64,1.13,805.6,-1.57,35,1.0,287,93.56,23.81,5.29
Sweden,2019,17000.0,7.39153515613173,25.1484074125217,52292.4912008215,12.2911579757241,16.1,1.68897374964482,Other/Global,68.6996660773915,3.06,81.6,24.58,26.93,20400.0,30600.0,32.45,0.99,975.8,0.16,29,1.0,299,91.37,25.02,5.58
Sweden,2020,0.0,7.38067177371833,25.4209438224317,52568.5726980146,12.0575953104301,15.7,1.72893248925529,Other/Global,68.6996660773915,0.0,0.0,0.0,2.21,0.0,0.0,15.0,0.9,969.8,-0.1,26,1.0,324,94.55,24.65,5.0
Switzerland,1990,1700.0,40.6035907063298,169.887250637313,39574.5398083788,31.3376144370019,15.0,4.48983306805399,Other/Global,29.1809082231976,0.31,8.16,42.47,42.91,2040.0,3060.0,36.49,0.44,928.8,-0.25,23,1.0,217,83.91,10.65,32.45
Switzerland,1991,1796.0,40.504958939708,171.075648744683,39503.5880215097,30.7585852836109,15.0,4.48983306805399,Other/Global,29.2888195733044,0.32,8.62,42.71,43.07,2155.2,3232.8,36.68,0.47,762.1,-0.58,22,1.0,202,84.13,9.92,34.74
Switzerland,1992,1892.0,40.4063271730863,172.264046852053,39432.6362346406,30.179940352882,15.0,4.50363228478605,Other/Global,29.3967304866273,0.34,9.08,42.95,43.22,2270.4,3405.6,36.87,0.45,871.1,-0.95,23,1.0,219,83.11,9.79,30.33
Switzerland,1993,1988.0,40.3076954064645,173.452444959423,39361.6844477715,29.5948128066924,15.0,4.81881540378898,Other/Global,29.504640963169,0.36,9.54,43.11,43.34,2385.6,3578.4,37.05,0.37,801.8,0.13,19,1.0,216,83.95,11.15,33.09
Switzerland,1994,2084.0,40.2090636398428,174.640843066793,39290.7326609024,29.0195575265975,15.0,4.89617805919749,Other/Global,29.6125510029322,0.38,10.0,43.35,43.49,2500.8,3751.2,37.23,0.45,993.9,-0.22,21,1.0,213,83.55,12.07,32.98
Switzerland,1995,2180.0,40.1104318732211,175.829241174163,39219.7808740334,28.4705293941527,15.0,4.73639967975233,Other/Global,29.7204606059196,0.39,10.46,43.51,43.6,2616.0,3924.0,37.39,0.43,853.0,-0.54,18,1.0,240,84.78,14.13,29.2
Switzerland,1996,2276.0,40.0118001065993,177.017639281533,39148.8290871643,27.9640832909135,15.0,4.64176258888175,Other/Global,29.829347740238,0.41,10.92,43.67,43.7,2731.2,4096.8,37.56,0.44,812.9,-1.2,25,1.0,211,84.76,12.47,32.12
Switzerland,1997,2372.0,39.9131683399776,178.206037388903,39077.8773002952,27.5165740984355,15.0,4.81754439023614,Other/Global,29.938242331484,0.43,11.39,43.92,43.85,2846.4,4269.6,37.72,0.51,902.1,-0.26,26,1.0,233,84.37,13.14,32.66
Switzerland,1998,2468.0,39.8145365733558,179.394435496273,39006.9255134261,27.1443566982742,15.0,4.92649000425151,Other/Global,30.0471443886115,0.44,11.85,44.0,43.91,2961.6,4442.4,37.87,0.44,848.5,-0.86,20,1.0,207,84.7,13.67,35.33
Switzerland,1999,2564.0,39.7159048067341,180.582833603643,38935.973726557,26.8637859719849,15.0,5.09179798837638,Other/Global,30.1560539205764,0.46,12.31,44.16,44.01,3076.8,4615.2,38.02,0.28,1018.4,0.2,17,1.0,241,83.21,13.93,32.1
Switzerland,2000,2660.0,39.6172730401124,181.771231711013,38865.021939688,26.697569475273,15.0,4.64071802389127,Other/Global,30.2649701705926,0.48,12.77,44.32,44.11,3192.0,4788.0,38.17,0.5,840.9,-0.76,22,1.0,229,83.31,15.55,33.59
Switzerland,2001,2588.0,39.538829623964,183.397374408491,42631.6570397961,26.6237007388036,15.0,4.45391838823612,Other/Global,30.3634195933644,0.47,12.42,44.08,43.93,3105.6,4658.4,38.14,0.47,787.8,-1.07,22,1.0,236,86.01,16.14,31.46
Switzerland,2002,2516.0,39.4603862078156,185.023517105969,46398.2921399042,26.5804675863412,15.0,4.09414078232041,Other/Global,30.4618750992981,0.45,12.08,43.92,43.79,3019.2,4528.8,38.1,0.56,727.5,-1.26,21,1.0,241,83.69,16.02,33.51
Switzerland,2003,2444.0,39.3819427916672,186.649659803447,50164.9272400123,26.5481237825246,15.0,4.08076526633089,Other/Global,30.5603374622472,0.44,11.73,43.67,43.6,2932.8,4399.2,38.07,0.69,897.2,-0.49,26,1.0,216,84.96,16.47,34.69
Switzerland,2004,2372.0,39.3034993755188,188.275802500925,53931.5623401204,26.5238682492608,15.0,3.75294502197868,Other/Global,30.6588066903223,0.43,11.39,43.43,43.42,2846.4,4269.6,38.03,0.55,854.8,-0.98,20,1.0,228,81.86,17.46,29.66
Switzerland,2005,2300.0,39.2250559593705,189.901945198403,57698.1974402285,26.5048999084566,15.0,3.71879522930222,Other/Global,30.7572827916362,0.41,11.04,43.19,43.24,2760.0,4140.0,37.99,0.69,785.4,-1.16,21,1.0,269,85.15,18.88,33.29
Switzerland,2006,2228.0,39.1466125432221,191.528087895881,61464.8325403366,26.4884176820187,15.0,3.66643578393706,Other/Global,30.8557657743037,0.4,10.69,42.95,43.05,2673.6,4010.4,37.94,0.68,994.9,-0.03,25,1.0,261,86.06,19.23,34.12
Switzerland,2007,2156.0,39.0681691270737,193.154230593359,65231.4676404447,26.4716204918541,15.7,3.89954615563223,Other/Global,30.9542548630875,0.39,10.35,42.71,42.87,2587.2,3880.8,37.89,0.6,953.1,0.48,21,1.0,285,84.83,21.47,32.82
Switzerland,2008,2084.0,38.9897257109253,194.780373290837,68998.1027405528,26.4517072598695,15.6,4.07448348584291,Other/Global,31.0522573251862,0.38,10.0,42.47,42.68,2500.8,3751.2,37.84,0.73,897.5,-0.45,23,1.0,246,84.91,21.15,33.6
Switzerland,2009,2012.0,38.9112822947769,196.406515988315,72764.737840661,26.4258769079717,15.0,3.34329299696738,Other/Global,31.1502627536125,0.36,9.66,42.22,42.49,2414.4,3621.6,37.78,0.88,1008.9,-0.62,26,1.0,283,86.6,23.88,34.67
Switzerland,2010,1940.0,38.8328388786286,198.032658685794,76531.3729407691,26.3913283580677,15.0,3.55449028507318,Other/Global,31.2482719393317,0.35,9.31,41.98,42.3,2328.0,3492.0,37.72,0.51,952.8,-0.34,20,1.0,281,85.08,24.13,30.46
Switzerland,2011,1762.0,38.7503848121878,200.351451098861,77986.387872692,26.34941251385,15.9,3.61436036151901,Other/Global,31.3357558163813,0.32,8.46,41.34,41.83,2114.4,3171.6,37.5,0.64,834.0,-0.72,22,1.0,295,83.94,23.13,34.03
Switzerland,2012,1584.0,38.667930745747,202.670243511929,79441.4028046149,26.2477370416378,14.5,3.48059862770448,Other/Global,31.4232415506488,0.29,7.6,40.69,41.35,1900.8,2851.2,37.24,0.71,816.7,-0.95,22,1.0,279,84.26,25.95,35.7
Switzerland,2013,1406.0,38.5854766793062,204.989035924996,80896.4177365378,25.8878615214449,13.8,3.52862175238294,Other/Global,31.5107315281037,0.25,6.75,39.97,40.81,1687.2,2530.8,36.94,0.7,965.3,-0.07,24,1.0,286,84.07,24.32,32.53
Switzerland,2014,1228.0,38.5030226128654,207.307828338064,82351.4326684607,25.2597320940418,15.6,3.52826171526484,Other/Global,31.5982233630178,0.22,5.89,39.24,40.25,1473.6,2210.4,36.6,0.74,931.6,-0.42,26,1.0,275,85.99,27.26,32.19
Switzerland,2015,1050.0,38.4205685464246,209.626620751132,83806.4476003837,24.3955039856831,14.7,3.38750816792445,Other/Global,31.6857178507946,0.19,5.04,38.28,39.54,1260.0,1890.0,36.18,0.71,913.5,-0.25,24,1.0,287,86.39,27.17,32.25
Switzerland,2016,1050.0,38.3418760977285,211.428190525247,84224.7149470734,23.3273324226229,15.5,3.2713492185756,Other/Global,31.7732664163142,0.19,5.04,38.28,39.52,1260.0,1890.0,36.22,0.9,832.2,-1.04,26,1.0,287,86.15,28.81,34.16
Switzerland,2017,1050.0,38.2631836490325,213.229760299363,84642.9822937631,22.0873726311157,14.6,3.13542145484868,Other/Global,31.8603337971021,0.19,5.04,38.2,39.45,1260.0,1890.0,36.27,0.88,948.5,-0.14,27,1.0,278,84.01,25.43,36.46
Switzerland,2018,1050.0,38.1844912003364,215.031330073478,85061.2496404528,20.7077798374156,16.0,3.01064213419328,Other/Global,31.9474011778901,0.19,5.04,38.11,39.39,1260.0,1890.0,36.31,0.81,839.4,-0.9,25,1.0,304,84.99,28.01,37.81
Switzerland,2019,1050.0,38.1057987516404,216.832899847594,85479.5169871425,19.2207092677771,15.5,2.53795004633741,Other/Global,32.034468558678,0.19,5.04,38.11,39.36,1260.0,1890.0,36.36,1.1,891.7,-1.2,30,1.0,319,85.76,28.32,36.85
Switzerland,2020,1050.0,38.0271063029444,218.63446962171,85897.7843338323,17.6583161484543,14.7,2.50319286415389,Other/Global,32.1215359394659,0.19,5.04,38.03,39.3,1260.0,1890.0,36.4,1.07,1015.6,0.18,29,1.0,326,83.54,28.29,33.06
Syria,1990,0.0,74.6055065839591,90.5315485907063,1138.1884854278,39.0452192448637,23.1,18.5778506151342,Other/Global,28.6435234422283,0.0,0.0,0.0,22.38,0.0,0.0,15.0,0.27,847.1,-0.94,19,1.0,192,76.89,5.46,47.57
Syria,1991,0.0,74.6055065839591,90.5315485907063,1138.1884854278,39.0452192448637,23.1,18.5778506151342,Other/Global,28.6435234422283,0.0,0.0,0.0,22.38,0.0,0.0,15.0,0.36,774.2,-0.93,19,1.0,207,76.82,4.79,46.21
Syria,1992,0.0,74.6055065839591,90.5315485907063,1138.1884854278,39.0452192448637,23.1,18.5778506151342,Other/Global,28.6435234422283,0.0,0.0,0.0,22.38,0.0,0.0,15.0,0.48,815.8,-0.85,22,1.0,209,76.52,6.58,50.18
Syria,1993,0.0,74.6055065839591,90.5315485907063,1138.1884854278,39.0452192448637,23.1,18.5778506151342,Other/Global,28.6435234422283,0.0,0.0,0.0,22.38,0.0,0.0,15.0,0.45,979.5,0.66,19,1.0,236,76.78,5.07,55.17
Syria,1994,0.0,74.6055065839591,90.5315485907063,1138.1884854278,39.0452192448637,23.1,18.5778506151342,Other/Global,28.6435234422283,0.0,0.0,0.0,22.38,0.0,0.0,15.0,0.52,920.4,0.19,21,1.0,244,75.7,4.66,49.7
Syria,1995,0.0,74.6055065839591,90.5315485907063,1138.1884854278,39.0452192448637,23.1,18.5778506151342,Other/Global,28.6435234422283,0.0,0.0,0.0,22.38,0.0,0.0,15.0,0.42,889.7,0.08,21,1.0,202,74.8,5.97,49.98
Syria,1996,0.0,74.6055065839591,90.5315485907063,1138.1884854278,39.0452192448637,23.1,18.5778506151342,Other/Global,28.6435234422283,0.0,0.0,0.0,22.38,0.0,0.0,15.0,0.52,859.3,-0.65,23,1.0,232,77.2,7.41,49.2
Syria,1997,0.0,74.6055065839591,90.5315485907063,1138.1884854278,39.0452192448637,23.1,18.5778506151342,Other/Global,28.6435234422283,0.0,0.0,0.0,22.38,0.0,0.0,15.0,0.41,938.8,0.53,19,1.0,236,75.85,8.13,50.4
Syria,1998,0.0,74.6055065839591,90.5315485907063,1138.1884854278,39.0452192448637,23.1,18.5778506151342,Other/Global,28.6435234422283,0.0,0.0,0.0,22.38,0.0,0.0,15.0,0.39,832.1,-0.43,24,1.0,229,75.17,6.95,48.05
Syria,1999,0.0,74.6055065839591,90.5315485907063,1138.1884854278,39.0452192448637,23.1,18.5778506151342,Other/Global,28.6435234422283,0.0,0.0,0.0,22.38,0.0,0.0,15.0,0.27,924.5,0.16,17,1.0,216,75.95,8.51,49.94
Syria,2000,0.0,74.6055065839591,90.5315485907063,1138.1884854278,39.0452192448637,23.1,18.5778506151342,Other/Global,28.6435234422283,0.0,0.0,0.0,22.38,0.0,0.0,15.0,0.42,841.5,-0.48,18,1.0,249,75.94,8.75,48.69
Syria,2001,0.0,74.718881754676,93.721720530089,1297.43111400396,39.0452192448637,23.1,18.5778506151342,Other/Global,28.6435234422283,0.0,0.0,0.0,22.42,0.0,0.0,15.0,0.37,828.2,-0.55,17,1.0,260,75.21,9.04,50.47
Syria,2002,0.0,74.832256925393,96.9118924694718,1456.67374258013,39.0452192448637,23.1,18.5778506151342,Other/Global,28.6435234422283,0.0,0.0,0.0,22.45,0.0,0.0,15.0,0.45,849.0,-0.61,21,1.0,237,76.39,10.68,49.72
Syria,2003,0.0,74.94563209611,100.102064408854,1615.9163711563,39.0452192448637,23.1,18.5778506151342,Other/Global,28.6435234422283,0.0,0.0,0.0,22.48,0.0,0.0,15.0,0.51,870.0,-0.57,21,1.0,267,78.01,9.45,51.01
Syria,2004,0.0,75.059007266827,103.292236348237,1775.15899973247,39.0452192448637,23.1,18.5778506151342,Other/Global,28.6435234422283,0.0,0.0,0.0,22.52,0.0,0.0,15.0,0.56,896.1,-0.28,21,1.0,253,74.19,9.34,48.38
Syria,2005,0.0,75.172382437544,106.48240828762,1934.40162830864,39.0452192448637,23.1,18.5778506151342,Other/Global,28.6435234422283,0.0,0.0,0.0,22.55,0.0,0.0,15.0,0.86,918.8,-0.52,28,1.0,278,74.19,10.55,52.61
Syria,2006,0.0,75.2857576082609,109.672580227002,2093.64425688481,39.0452192448637,23.1,18.5778506151342,Other/Global,28.6435234422283,0.0,0.0,0.0,22.59,0.0,0.0,15.0,0.83,604.9,-1.66,24,1.0,281,77.11,10.76,52.6
Syria,2007,0.0,75.3991327789779,112.862752166385,2252.88688546098,39.0452192448637,23.1,18.5778506151342,Other/Global,28.6435234422283,0.0,0.0,0.0,22.62,0.0,0.0,15.0,0.88,835.4,-0.47,26,1.0,263,76.55,12.02,50.28
Syria,2008,0.0,75.5125079496949,116.052924105768,2412.12951403715,39.0452192448637,23.1,18.5778506151342,Other/Global,28.6435234422283,0.0,0.0,0.0,22.65,0.0,0.0,15.0,0.61,868.7,-1.48,22,1.0,273,77.58,11.71,49.98
Syria,2009,0.0,75.6258831204119,119.243096045151,2571.37214261332,39.0452192448637,23.1,18.5778506151342,Other/Global,28.6435234422283,0.0,0.0,0.0,22.69,0.0,0.0,15.0,0.69,1020.4,0.0,24,1.0,260,77.81,12.31,48.81
Syria,2010,0.0,75.7392582911289,122.433267984534,2730.61477118949,39.0452192448637,23.1,18.5778506151342,Other/Global,28.6435234422283,0.0,0.0,0.0,22.72,0.0,0.0,15.0,0.55,813.6,-0.51,20,1.0,249,76.44,12.28,49.24
Syria,2011,0.0,75.7490606110112,119.102872079725,2354.0381433401,39.0452192448637,23.1,18.5778506151342,Other/Global,28.6435234422283,0.0,0.0,0.0,22.72,0.0,0.0,15.0,0.59,913.0,-0.08,23,1.0,281,74.14,11.0,50.62
Syria,2012,0.0,75.7588629308936,115.772476174916,1977.46151549072,39.0452192448637,23.1,18.5778506151342,Other/Global,28.6435234422283,0.0,0.0,0.0,22.73,0.0,0.0,15.0,0.58,1019.6,-0.08,22,1.0,259,75.94,13.3,51.55
Syria,2013,0.0,75.768665250776,112.442080270108,1600.88488764133,39.0452192448637,23.1,18.5778506151342,Other/Global,28.6435234422283,0.0,0.0,0.0,22.73,0.0,0.0,15.0,0.79,795.0,-0.92,29,1.0,316,75.09,14.43,51.49
Syria,2014,0.0,75.7784675706584,109.111684365299,1224.30825979195,39.0452192448637,23.1,18.5778506151342,Other/Global,28.6435234422283,0.0,0.0,0.0,22.73,0.0,0.0,15.0,0.71,931.5,-0.17,25,1.0,305,76.11,14.27,54.41
Syria,2015,0.0,75.7882698905408,105.781288460491,847.731631942565,39.0452192448637,23.1,18.5778506151342,Other/Global,28.6435234422283,0.0,0.0,0.0,22.74,0.0,0.0,15.0,0.9,835.8,-0.49,28,1.0,289,74.63,12.92,49.74
Syria,2016,0.0,75.7843228230681,107.550945923868,792.656363520432,39.0452192448637,23.1,18.5778506151342,Other/Global,28.6435234422283,0.0,0.0,0.0,22.74,0.0,0.0,15.0,0.93,859.6,-0.97,27,1.0,335,76.17,14.23,49.63
Syria,2017,0.0,75.7803757555955,109.320603387245,737.581095098299,39.0452192448637,23.1,18.5778506151342,Other/Global,28.6435234422283,0.0,0.0,0.0,22.73,0.0,0.0,15.0,1.13,835.8,-1.04,28,1.0,289,76.39,14.67,50.75
Syria,2018,0.0,75.7764286881228,111.090260850623,682.505826676166,39.0452192448637,23.1,18.5778506151342,Other/Global,28.6435234422283,0.0,0.0,0.0,22.73,0.0,0.0,15.0,0.87,841.5,-0.39,33,1.0,296,75.86,15.69,49.19
Syria,2019,0.0,75.7724816206502,112.859918314,627.430558254033,39.0452192448637,23.1,18.5778506151342,Other/Global,28.6435234422283,0.0,0.0,0.0,22.73,0.0,0.0,15.0,1.1,1117.8,-0.79,33,1.0,299,76.03,15.73,54.17
Syria,2020,0.0,75.7685345531776,114.629575777378,572.355289831901,39.0452192448637,23.1,18.5778506151342,Other/Global,28.6435234422283,0.0,0.0,0.0,22.73,0.0,0.0,15.0,1.09,967.6,-0.85,30,1.0,308,76.41,13.58,54.78
Tanzania,1990,403000.0,35.2110973131632,29.4764134116053,243.611557006836,81.0708687968648,38.6,73.6771897071225,Other/Global,64.7889026868368,72.54,1934.4,36.58,45.32,483600.0,725400.0,39.06,0.19,939.8,0.42,28,1.0,199,84.76,3.71,27.21
Tanzania,1991,403000.0,35.5283258071799,30.3964779860013,259.420216369629,80.7328561746151,38.6,73.6771897071225,Other/Global,64.368943328065,72.54,1934.4,37.07,45.66,483600.0,725400.0,39.24,0.42,891.0,-0.04,30,1.0,214,85.96,4.63,27.72
Tanzania,1992,403000.0,35.8455543011966,31.3165425603973,275.228875732422,80.410401257395,38.6,73.7886821263884,Other/Global,63.9489839692933,72.54,1934.4,37.47,45.95,483600.0,725400.0,39.43,0.43,723.1,-0.78,32,1.0,196,85.42,4.78,25.77
Tanzania,1993,403000.0,36.1627827952133,32.2366071347933,291.037535095215,80.0986269143316,38.6,73.9086027058213,Other/Global,63.5290246105216,72.54,1934.4,37.95,46.29,483600.0,725400.0,39.6,0.42,883.2,-0.53,32,1.0,216,86.78,5.52,27.68
Tanzania,1994,403000.0,36.48001128923,33.1566717091894,306.846194458008,79.7926560145516,38.6,74.0534637326813,Other/Global,63.1090652517498,72.54,1934.4,38.36,46.59,483600.0,725400.0,39.78,0.38,937.5,-0.44,29,1.0,210,86.3,5.69,29.06
Tanzania,1995,403000.0,36.7972397832467,34.0767362835854,322.654853820801,79.4876114271822,38.6,74.0975665906355,Other/Global,62.6891058929781,72.54,1934.4,38.84,46.92,483600.0,725400.0,39.95,0.38,783.4,-0.87,29,1.0,222,84.59,6.26,26.16
Tanzania,1996,403000.0,37.1144682772634,34.9968008579814,338.463513183594,79.1786160213503,38.6,73.9271602038179,Other/Global,62.2691465342064,72.54,1934.4,39.24,47.22,483600.0,725400.0,40.11,0.58,928.9,0.1,34,1.0,208,86.04,7.46,29.91
Tanzania,1997,403000.0,37.4316967712801,35.9168654323775,354.272172546387,78.8607926661828,38.6,73.829427609876,Other/Global,61.8491871754346,72.54,1934.4,39.65,47.52,483600.0,725400.0,40.28,0.39,908.0,-0.47,28,1.0,215,86.77,8.14,27.23
Tanzania,1998,403000.0,37.7489252652968,36.8369300067735,370.08083190918,78.5292642308067,38.6,73.7029280731569,Other/Global,61.4292278166629,72.54,1934.4,40.13,47.86,483600.0,725400.0,40.44,0.43,999.8,0.02,35,1.0,264,85.52,7.47,27.32
Tanzania,1999,403000.0,38.0661537593135,37.7569945811695,385.889491271973,78.1791535843489,38.6,73.5276900358982,Other/Global,61.0092684578912,72.54,1934.4,40.53,48.15,483600.0,725400.0,40.59,0.31,818.2,-0.75,28,1.0,221,84.57,8.45,26.0
Tanzania,2000,403000.0,38.3833822533303,38.6770591555656,401.698150634766,77.8055835959365,35.6,73.3672944347023,Other/Global,60.5893090991194,72.54,1934.4,41.02,48.49,483600.0,725400.0,40.75,0.33,763.8,-0.47,31,1.0,247,83.58,8.7,28.43
Tanzania,2001,403000.0,38.7671031835628,39.8622419282005,435.181350708008,77.4036771346963,35.6,73.0781202681171,Other/Global,60.1693497403477,72.54,1934.4,41.42,48.81,483600.0,725400.0,40.94,0.53,822.7,-0.84,34,1.0,234,82.4,9.84,30.52
Tanzania,2002,403000.0,39.1508241137954,41.0474247008354,468.66455078125,76.9693081785435,35.6,72.6966214760221,Other/Global,59.749390381576,72.54,1934.4,41.9,49.16,483600.0,725400.0,41.14,0.4,966.5,-0.13,32,1.0,230,86.0,9.67,24.05
Tanzania,2003,403000.0,39.5345450440279,42.2326074734703,502.147750854492,76.4797912738051,35.6,72.335164483977,Other/Global,59.3294310228042,72.54,1934.4,42.3,49.48,483600.0,725400.0,41.32,0.54,705.4,-1.59,30,1.0,250,82.95,11.17,29.54
Tanzania,2004,403000.0,39.9182659742605,43.4177902461052,535.630950927734,75.9167530880543,35.6,71.8959033191482,Other/Global,58.9094716640325,72.54,1934.4,42.71,49.8,483600.0,725400.0,41.5,0.65,686.2,-1.72,36,1.0,240,83.25,10.46,30.6
Tanzania,2005,403000.0,40.3019869044931,44.6029730187401,569.114151000977,75.2938115461259,35.6,71.3754251158089,Other/Global,58.4895123052608,72.54,1934.4,43.19,50.15,483600.0,725400.0,41.68,0.7,858.8,-0.7,36,1.0,264,84.5,8.99,29.67
Tanzania,2006,403000.0,40.6857078347256,45.788155791375,602.597351074219,74.6258966797991,35.6,70.8872672695644,Other/Global,58.069552946489,72.54,1934.4,43.59,50.47,483600.0,725400.0,41.86,0.71,816.2,-1.24,34,1.0,258,84.65,11.75,25.79
Tanzania,2007,403000.0,41.0694287649582,46.9733385640099,636.080551147461,73.9279385208529,34.4,70.3091934256595,Other/Global,57.6495935877173,72.54,1934.4,44.08,50.83,483600.0,725400.0,42.03,0.76,852.3,-0.14,36,1.0,283,85.95,11.79,27.29
Tanzania,2008,403000.0,41.4531496951907,48.1585213366448,669.563751220703,73.2148671010665,34.4,70.0397035875342,Other/Global,57.2296342289456,72.54,1934.4,44.48,51.14,483600.0,725400.0,42.2,0.76,927.3,-1.14,37,1.0,247,84.53,12.16,30.14
Tanzania,2009,403000.0,41.8368706254233,49.3437041092797,703.046951293945,72.501612452219,34.4,69.6098012164832,Other/Global,56.8096748701739,72.54,1934.4,44.88,51.46,483600.0,725400.0,42.37,0.74,807.4,-1.14,38,1.0,274,83.67,10.78,27.25
Tanzania,2010,403000.0,42.2205915556559,50.5288868819147,736.530151367188,71.8031046060895,34.4,69.1010500751114,Other/Global,56.3897155114021,72.54,1934.4,45.37,51.82,483600.0,725400.0,42.53,0.58,701.8,-1.12,33,1.0,279,83.57,13.09,36.25
Tanzania,2011,416200.0,42.4602619101377,52.1686416798374,777.049584960938,71.134273594457,28.2,68.4301196646051,Other/Global,55.9697538947844,74.92,1997.76,45.93,52.21,499440.0,749160.0,42.82,0.62,1013.6,-0.23,34,1.0,262,82.02,13.39,33.8
Tanzania,2012,429400.0,42.6999322646195,53.8083964777602,817.569018554688,70.5121235402089,28.2,68.0873640574709,Other/Global,55.5497922781666,77.29,2061.12,46.49,52.6,515280.0,772920.0,43.1,0.75,768.7,-1.37,37,1.0,271,85.5,11.86,29.46
Tanzania,2013,442600.0,42.9396026191013,55.448151275683,858.088452148437,69.9274891217498,28.2,67.4674382208743,Other/Global,55.1298306615489,79.67,2124.48,46.98,52.96,531120.0,796680.0,43.38,0.76,762.2,-1.35,34,1.0,263,84.78,13.94,33.6
Tanzania,2014,455800.0,43.1792729735831,57.0879060736058,898.607885742187,69.3556922829258,28.2,66.8336668392283,Other/Global,54.7098690449311,82.04,2187.84,47.54,53.35,546960.0,820440.0,43.65,0.63,933.6,-0.69,34,1.0,264,83.99,13.99,33.52
Tanzania,2015,469000.0,43.418943328065,58.7276608715286,939.127319335938,68.7938433407528,28.2,66.4279036113045,Other/Global,54.2899074283134,84.42,2251.2,48.11,53.74,562800.0,844200.0,43.92,0.84,813.0,-1.05,45,1.0,289,85.31,14.15,31.78
Tanzania,2016,469000.0,43.6584330548656,60.748847595394,974.784912109376,68.2422696757084,28.2,65.9819389643126,Other/Global,53.7604425378189,84.42,2251.2,48.67,54.09,562800.0,844200.0,44.17,0.73,838.6,-0.2,38,1.0,307,84.83,14.46,34.72
Tanzania,2017,469000.0,43.8979227816662,62.7700343192594,1010.44250488281,67.7012986682704,28.2,65.5740614570075,Other/Global,53.2309776473245,84.42,2251.2,49.23,54.44,562800.0,844200.0,44.4,0.95,882.3,-0.8,40,1.0,296,84.12,13.39,28.82
Tanzania,2018,469000.0,44.1374125084669,64.7912210431248,1046.10009765625,67.1712576989166,26.4,65.1436788643543,Other/Global,52.70151275683,84.42,2251.2,49.8,54.8,562800.0,844200.0,44.64,1.14,930.4,-0.46,42,1.0,300,83.38,15.24,32.56
Tanzania,2019,469000.0,44.3769022352675,66.8124077669902,1081.75769042969,66.6524741481248,26.4,64.6845484878054,Other/Global,52.1720478663355,84.42,2251.2,50.36,55.15,562800.0,844200.0,44.87,0.93,817.0,-0.87,38,1.0,286,83.4,16.3,32.44
Tanzania,2020,469000.0,44.6163919620682,68.8335944908557,1117.41528320313,66.1452753963727,26.4,65.793951747757,Other/Global,51.642582975841,84.42,2251.2,50.85,55.47,562800.0,844200.0,45.09,0.93,965.3,-0.19,39,1.0,277,81.52,15.41,37.32
Togo,1990,3960.0,58.0989152417724,73.5201507630079,575.094511928654,71.3258474077873,45.5,55.8447287163652,Other/Global,25.0351167494025,0.71,19.01,50.04,53.02,4752.0,7128.0,34.41,0.33,728.7,-1.67,18,1.0,209,81.21,4.54,36.64
Togo,1991,4010.0,58.5401728258871,75.6184703070417,558.574041015065,70.8962297315175,45.5,55.8447287163652,Other/Global,24.8637690751976,0.72,19.25,50.2,53.25,4812.0,7218.0,34.57,0.22,960.3,-0.07,20,1.0,197,79.58,4.56,40.31
Togo,1992,4060.0,58.9814304100018,77.7167898510755,542.053570101476,70.4626598173958,45.5,56.5306840719554,Other/Global,24.6924214009928,0.73,19.49,50.44,53.51,4872.0,7308.0,34.74,0.35,832.4,-0.11,19,1.0,184,80.98,5.0,37.93
Togo,1993,4110.0,59.4226879941165,79.8151093951093,525.533099187888,70.0255434625215,45.5,58.0455843357332,Other/Global,24.521073726788,0.74,19.73,50.6,53.74,4932.0,7398.0,34.9,0.48,1009.3,-0.19,23,1.0,206,80.47,4.25,41.8
Togo,1994,4160.0,59.8639455782313,81.9134289391432,509.012628274299,69.5852864639938,45.5,56.3591410842611,Other/Global,24.3497260525832,0.75,19.97,50.77,53.98,4992.0,7488.0,35.06,0.4,910.9,0.25,20,1.0,221,79.61,6.62,39.18
Togo,1995,4210.0,60.305203162346,84.011748483177,492.492157360711,69.1422946189121,45.5,55.9710652751056,Other/Global,24.1783783783784,0.76,20.21,51.01,54.24,5052.0,7578.0,35.21,0.42,845.7,-0.07,19,1.0,227,80.38,6.49,37.99
Togo,1996,4260.0,60.7464607464607,86.1100680272108,475.971686447122,68.6969737243758,45.5,55.4015991993721,Other/Global,24.0070307041736,0.77,20.45,51.17,54.47,5112.0,7668.0,35.37,0.48,952.5,-0.35,22,1.0,228,78.33,6.2,40.73
Togo,1997,4310.0,61.1877183305755,88.2083875712447,459.451215533533,68.249729577484,45.5,54.2307585416498,Other/Global,23.8356830299687,0.78,20.69,51.33,54.7,5172.0,7758.0,35.52,0.42,970.9,-0.25,20,1.0,218,77.38,8.19,42.84
Togo,1998,4360.0,61.6289759146902,90.3067071152785,442.930744619945,67.800967975336,45.5,54.3227613005724,Other/Global,23.6643353557639,0.78,20.93,51.57,54.97,5232.0,7848.0,35.67,0.39,950.8,-0.45,21,1.0,241,78.86,8.29,42.57
Togo,1999,4410.0,62.0702334988049,92.4050266593123,426.410273706356,67.3510947150313,45.5,54.2704869890696,Other/Global,23.4929876815591,0.79,21.17,51.73,55.19,5292.0,7938.0,35.81,0.34,817.1,-0.74,19,1.0,235,79.46,7.93,38.91
Togo,2000,4460.0,62.5114910829197,94.5033462033462,409.889802792768,66.9005155936691,45.5,54.3636418651094,Other/Global,23.3216400073543,0.8,21.41,51.89,55.42,5352.0,8028.0,35.96,0.42,860.7,-0.84,19,1.0,226,79.85,9.36,39.07
Togo,2001,4510.0,62.998712998713,97.4313715756572,439.399499742099,66.4496364083487,45.5,54.3762412550113,Other/Global,23.2672292700864,0.81,21.65,52.05,55.66,5412.0,8118.0,36.15,0.43,899.1,-0.22,23,1.0,225,78.81,10.01,41.42
Togo,2002,4560.0,63.4859349145063,100.359396947968,468.90919669143,65.9988629561693,45.5,54.1222011836621,Other/Global,23.2128185328185,0.82,21.89,52.14,55.86,5472.0,8208.0,36.33,0.54,896.2,-0.88,21,1.0,249,77.5,8.38,41.17
Togo,2003,4610.0,63.9731568302997,103.287422320279,498.418893640761,65.5486010342304,45.5,53.2240688074109,Other/Global,23.1584077955507,0.83,22.13,52.22,56.06,5532.0,8298.0,36.52,0.54,959.4,-0.05,20,1.0,262,80.02,8.62,41.78
Togo,2004,4660.0,64.460378746093,106.21544769259,527.928590590092,65.0992564396312,45.5,53.5247259153694,Other/Global,23.1039970582828,0.84,22.37,52.38,56.3,5592.0,8388.0,36.69,0.63,738.2,-0.85,24,1.0,262,77.91,8.11,43.1
Togo,2005,4710.0,64.9476006618864,109.143473064901,557.438287539423,64.6512349694709,45.5,54.3368880731622,Other/Global,23.0495863210149,0.85,22.61,52.46,56.5,5652.0,8478.0,36.87,0.61,926.2,-0.9,22,1.0,259,78.68,9.72,45.64
Togo,2006,4760.0,65.4348225776797,112.071498437212,586.947984488754,64.204942420849,45.5,53.5963910051799,Other/Global,22.995175583747,0.86,22.85,52.54,56.7,5712.0,8568.0,37.04,0.72,876.2,-0.19,27,1.0,269,78.7,10.36,44.35
Togo,2007,4810.0,65.922044493473,114.999523809523,616.457681438085,63.7607845908647,45.5,50.7242884764956,Other/Global,22.9407648464791,0.87,23.09,52.62,56.9,5772.0,8658.0,37.21,0.66,832.3,-0.6,24,1.0,299,78.05,9.75,42.97
Togo,2008,4860.0,66.4092664092664,117.927549181834,645.967378387416,63.3191672766173,45.5,47.6892412962354,Other/Global,22.8863541092113,0.87,23.33,52.78,57.14,5832.0,8748.0,37.38,0.62,840.0,-0.47,24,1.0,271,75.52,10.77,43.94
Togo,2009,4910.0,66.8964883250597,120.855574554145,675.477075336747,62.8804962752061,45.5,43.2210438376318,Other/Global,22.8319433719434,0.88,23.57,52.86,57.34,5892.0,8838.0,37.54,0.7,882.2,-0.85,23,1.0,273,76.92,12.41,47.11
Togo,2010,4960.0,67.3837102408531,123.783599926457,704.986772286079,62.4454117024362,45.5,39.8331067855103,Other/Global,22.7775326346755,0.89,23.81,52.94,57.54,5952.0,8928.0,37.71,0.67,611.3,-1.31,22,1.0,282,78.16,12.42,46.43
Togo,2011,4960.0,67.9536679536679,127.205570876999,714.199815346312,62.0127694351268,45.5,37.0443824228183,Other/Global,22.723110865968,0.89,23.81,53.02,57.75,5952.0,8928.0,37.86,0.71,843.3,-0.42,25,1.0,288,79.35,11.98,45.75
Togo,2012,4960.0,68.5236256664828,130.627541827541,723.412858406546,61.5805640401796,45.5,36.4375886431769,Other/Global,22.6686890972605,0.89,23.81,53.02,57.92,5952.0,8928.0,38.01,0.62,829.3,-0.76,23,1.0,261,78.13,13.96,48.95
Togo,2013,4960.0,69.0935833792976,134.049512778084,732.62590146678,61.1483232115897,45.5,35.7123670832228,Other/Global,22.614267328553,0.89,23.81,53.1,58.13,5952.0,8928.0,38.16,0.72,942.0,0.16,27,1.0,287,77.76,12.27,49.81
Togo,2014,4960.0,69.6635410921125,137.471483728626,741.838944527014,60.7160493541632,45.5,35.2353915725043,Other/Global,22.5598455598456,0.89,23.81,53.1,58.3,5952.0,8928.0,38.31,0.79,835.0,-0.84,28,1.0,303,74.65,14.13,50.24
Togo,2015,4960.0,70.2334988049274,140.893454679169,751.051987587248,60.2837448727066,45.5,34.6188919922154,Other/Global,22.5054237911381,0.89,23.81,53.1,58.48,5952.0,8928.0,38.45,0.85,882.2,-0.4,25,1.0,317,78.16,13.93,49.02
Togo,2016,4760.0,70.2334988049274,144.594594594594,773.535323243853,59.8514121720261,45.5,34.2945536790827,Other/Global,22.4510020224306,0.86,22.85,52.94,58.34,5712.0,8568.0,38.49,0.82,1022.8,-0.16,25,1.0,295,78.0,14.57,47.61
Togo,2017,4560.0,70.2334988049274,148.29573451002,796.018658900459,59.4190536569281,45.5,33.7922824314542,Other/Global,22.3965802537231,0.82,21.89,52.7,58.17,5472.0,8208.0,38.52,0.96,979.0,-0.33,31,1.0,291,77.58,15.12,49.14
Togo,2018,4360.0,70.2334988049274,151.996874425445,818.501994557064,58.986671732219,45.5,38.4080204077315,Other/Global,22.3421584850156,0.78,20.93,52.46,57.99,5232.0,7848.0,38.54,1.01,971.7,-1.07,27,1.0,304,77.22,16.22,48.35
Togo,2019,4160.0,70.2334988049274,155.698014340871,840.98533021367,58.554268802705,45.5,42.5990382357115,Other/Global,22.2877367163081,0.75,19.97,52.22,57.81,4992.0,7488.0,38.55,1.0,859.5,-0.82,29,1.0,296,77.5,16.21,44.69
Togo,2020,3960.0,70.2334988049274,159.399154256297,863.468665870276,58.1218472731925,45.5,42.7444852902948,Other/Global,22.2333149476007,0.71,19.01,51.89,57.58,4752.0,7128.0,38.55,0.83,943.0,-0.74,26,1.0,332,78.37,16.9,49.67
Tunisia,1990,4320.0,59.1593717816684,53.5820610195675,1476.43160477311,41.9432840088324,25.4,23.7863746005259,Other/Global,4.14506243563337,0.78,20.74,64.63,60.74,5184.0,7776.0,33.12,0.28,880.8,-0.54,20,1.0,211,79.6,3.91,33.91
Tunisia,1991,4162.0,59.3910916580844,54.5092147270855,1548.69291023211,41.0195177772635,25.4,23.7863746005259,Other/Global,4.16042868177137,0.75,19.98,64.38,60.64,4994.4,7491.6,33.12,0.52,883.8,0.05,23,1.0,206,80.05,4.88,36.94
Tunisia,1992,4004.0,59.6228115345005,55.4363684346035,1620.95421569111,40.1746365196837,25.4,23.3271857403827,Other/Global,4.17579492790937,0.72,19.22,64.06,60.5,4804.8,7207.2,33.11,0.37,932.3,-0.25,22,1.0,227,79.18,4.75,37.41
Tunisia,1993,3846.0,59.8545314109165,56.3635221421215,1693.21552115011,39.4462471782965,25.4,22.9382391410976,Other/Global,4.19116117404737,0.69,18.46,63.74,60.36,4615.2,6922.8,33.1,0.38,851.8,-0.77,19,1.0,197,79.51,4.85,41.85
Tunisia,1994,3688.0,60.0862512873326,57.2906758496395,1765.47682660912,38.8663040006507,25.4,22.4635318033134,Other/Global,4.20652742018538,0.66,17.7,63.42,60.21,4425.6,6638.4,33.08,0.48,1019.0,-0.1,19,1.0,187,79.57,7.01,36.57
Tunisia,1995,3530.0,60.3179711637486,58.2178295571576,1837.73813206812,38.376588636886,25.4,22.1181578050133,Other/Global,4.2218943099897,0.64,16.94,63.01,60.02,4236.0,6354.0,33.05,0.46,886.8,-0.8,19,1.0,228,80.11,5.11,39.59
Tunisia,1996,3372.0,60.5496910401647,59.1449832646756,1909.99943752712,37.9215353567164,25.4,22.0122875201193,Other/Global,4.2372605561277,0.61,16.19,62.69,59.87,4046.4,6069.6,33.02,0.51,949.1,0.19,22,1.0,241,78.72,6.6,38.68
Tunisia,1997,3214.0,60.7814109165808,60.0721369721936,1982.26074298613,37.4993759694691,25.4,21.6732797462533,Other/Global,4.2526268022657,0.58,15.43,62.29,59.68,3856.8,5785.2,32.99,0.29,1016.1,-0.05,20,1.0,226,79.11,7.02,40.42
Tunisia,1998,3056.0,61.0131307929968,60.9992906797116,2054.52204844513,37.1054178203921,25.4,21.2820943863542,Other/Global,4.26799304840371,0.55,14.67,61.89,59.49,3667.2,5500.8,32.94,0.43,982.2,0.09,23,1.0,222,79.59,7.68,38.35
Tunisia,1999,2898.0,61.2448506694129,61.9264443872296,2126.78335390413,36.7349682547336,25.4,20.9215422472151,Other/Global,4.28335929454171,0.52,13.91,61.48,59.28,3477.6,5216.4,32.89,0.42,786.9,-0.31,23,1.0,221,78.98,7.32,36.71
Tunisia,2000,2740.0,61.476570545829,62.8535980947477,2199.04465936314,36.3833346177416,25.4,20.5102984338443,Other/Global,4.29872554067971,0.49,13.15,61.08,59.08,3288.0,4932.0,32.83,0.38,935.3,-0.34,22,1.0,220,79.27,8.04,40.26
Tunisia,2001,2731.0,61.790036045314,63.4979370494335,2408.3263143184,36.0458242546642,25.4,20.09728043374,Other/Global,4.31132852729145,0.49,13.11,61.0,59.13,3277.2,4915.8,32.87,0.47,967.7,0.01,20,1.0,252,77.57,10.53,40.3
Tunisia,2002,2722.0,62.1035015447991,64.1422760041194,2617.60796927366,35.7177445107495,25.4,19.6716064698738,Other/Global,4.32393151390319,0.49,13.07,61.0,59.22,3266.4,4899.6,32.91,0.59,971.0,-0.54,24,1.0,258,79.58,9.24,40.87
Tunisia,2003,2713.0,62.4169670442842,64.7866149588053,2826.88962422892,35.3944027312456,25.4,19.4704842635178,Other/Global,4.33653450051493,0.49,13.02,60.92,59.27,3255.6,4883.4,32.94,0.65,810.6,-0.08,24,1.0,263,78.12,9.16,40.11
Tunisia,2004,2704.0,62.7304325437692,65.4309539134912,3036.17127918418,35.0727258538662,25.4,19.1174466213061,Other/Global,4.34913748712667,0.49,12.98,60.92,59.36,3244.8,4867.2,32.98,0.55,847.1,-0.34,22,1.0,253,77.11,10.46,40.22
Tunisia,2005,2695.0,63.0438980432543,66.0752928681771,3245.45293413944,34.7659098260996,23.1,18.6546887629508,Other/Global,4.36174047373841,0.49,12.94,60.84,59.41,3234.0,4851.0,33.02,0.76,979.2,-0.4,26,1.0,239,79.04,10.75,42.76
Tunisia,2006,2686.0,63.3573635427394,66.719631822863,3454.7345890947,34.4790190348479,23.1,19.5262498075527,Other/Global,4.37434346035015,0.48,12.89,60.84,59.5,3223.2,4834.8,33.05,0.72,838.7,-1.01,23,1.0,249,79.02,12.64,42.8
Tunisia,2007,2677.0,63.6708290422244,67.3639707775489,3664.01624404996,34.1999969482422,23.1,18.7865464882419,Other/Global,4.3869464469619,0.48,12.85,60.84,59.59,3212.4,4818.6,33.09,0.73,875.7,-0.7,23,1.0,272,79.05,11.29,39.98
Tunisia,2008,2668.0,63.9842945417095,68.0083097322348,3873.29789900522,33.9323946015639,23.1,18.1038828508215,Other/Global,4.39954943357364,0.48,12.81,60.76,59.64,3201.6,4802.4,33.12,0.71,1025.7,-0.25,28,1.0,251,78.99,12.31,41.51
Tunisia,2009,2659.0,64.2977600411946,68.6526486869207,4082.57955396048,33.6637802124023,23.1,18.549446294244,Other/Global,4.41215242018538,0.48,12.76,60.76,59.73,3190.8,4786.2,33.16,0.67,895.9,0.04,22,1.0,269,78.88,11.37,39.63
Tunisia,2010,2650.0,64.6112255406797,69.2969876416066,4291.86120891575,33.3719940185547,20.5,18.021184509303,Other/Global,4.42475540679712,0.48,12.72,60.68,59.78,3180.0,4770.0,33.19,0.75,841.5,-1.16,24,1.0,258,80.06,12.17,43.39
Tunisia,2011,2720.0,64.3486096807415,70.116096807415,4236.47851450546,33.0808113802143,20.5,16.4289755187199,Other/Global,4.4346035015448,0.49,13.06,60.92,59.85,3264.0,4896.0,33.31,0.64,829.5,-0.71,23,1.0,267,79.37,12.62,43.06
Tunisia,2012,2790.0,64.0859938208033,70.9352059732234,4181.09582009517,32.7901077270508,20.5,17.1467448902461,Other/Global,4.44445159629248,0.5,13.39,61.08,59.89,3348.0,5022.0,33.42,0.56,926.3,-0.37,21,1.0,263,79.55,12.3,44.85
Tunisia,2013,2860.0,63.8233779608651,71.7543151390319,4125.71312568489,32.5000457763672,20.5,15.4348230095424,Other/Global,4.45429969104016,0.51,13.73,61.24,59.92,3432.0,5148.0,33.53,0.66,793.0,-0.92,25,1.0,284,79.18,13.9,43.38
Tunisia,2014,2930.0,63.5607621009269,72.5734243048403,4070.3304312746,32.2475356620899,20.5,14.9335654699976,Other/Global,4.46414778578785,0.53,14.06,61.48,59.99,3516.0,5274.0,33.64,0.76,879.9,-0.71,28,1.0,266,79.6,14.43,42.14
Tunisia,2015,3000.0,63.2981462409887,73.3925334706488,4014.94773686432,32.1192092895508,15.2,14.7513622590013,Other/Global,4.47399588053553,0.54,14.4,61.64,60.02,3600.0,5400.0,33.75,0.91,926.3,-0.68,29,1.0,280,78.11,14.7,46.83
Tunisia,2016,3176.0,63.1262873326467,74.1286212667353,3921.68891681906,31.9376643471752,15.2,14.7653884971909,Other/Global,4.48384397528321,0.57,15.24,62.05,60.25,3811.2,5716.8,33.93,0.93,1003.6,-0.14,27,1.0,307,79.45,13.68,42.3
Tunisia,2017,3352.0,62.9544284243048,74.8647090628218,3828.4300967738,31.7122192382812,15.2,14.8123059811112,Other/Global,4.4936920700309,0.6,16.09,62.45,60.47,4022.4,6033.6,34.1,0.88,953.0,-0.34,27,1.0,314,80.11,14.56,42.65
Tunisia,2018,3528.0,62.7825695159629,75.6007968589083,3735.17127672854,31.4514759727491,15.2,14.2906992312969,Other/Global,4.50354016477858,0.64,16.93,62.85,60.68,4233.6,6350.4,34.27,1.18,842.5,-1.01,32,1.0,312,78.5,15.38,37.86
Tunisia,2019,3704.0,62.610710607621,76.3368846549948,3641.91245668328,31.1793617423969,15.2,13.7052873898603,Other/Global,4.51338825952626,0.67,17.78,63.26,60.9,4444.8,6667.2,34.43,1.02,993.8,-1.41,28,1.0,326,80.45,15.13,43.04
Tunisia,2020,3880.0,62.4388516992791,77.0729724510814,3548.65363663803,30.8956833561524,15.2,13.6011544512921,Other/Global,4.52323635427395,0.7,18.62,63.58,61.06,4656.0,6984.0,34.59,1.1,875.6,-0.87,31,1.0,289,78.44,14.8,46.18
Turkey,1990,2600.0,50.6892922573184,95.0354715902447,10698.9699409757,39.0452192448637,23.1,18.5778506151342,Other/Global,28.6435234422283,0.47,12.48,45.21,47.84,3120.0,4680.0,34.64,0.26,800.8,-1.04,16,1.0,202,82.35,6.87,35.76
Turkey,1991,2600.0,50.6892922573184,95.0354715902447,10698.9699409757,39.0452192448637,23.1,18.5778506151342,Other/Global,28.6435234422283,0.47,12.48,45.21,47.84,3120.0,4680.0,34.64,0.38,885.9,-0.16,17,1.0,208,80.56,7.69,36.75
Turkey,1992,2600.0,50.6892922573184,95.0354715902447,10698.9699409757,39.0452192448637,23.1,18.5778506151342,Other/Global,28.6435234422283,0.47,12.48,45.21,47.84,3120.0,4680.0,34.64,0.47,1014.7,0.45,21,1.0,240,82.74,7.78,37.4
Turkey,1993,2600.0,50.6892922573184,95.0354715902447,10698.9699409757,39.0452192448637,23.1,18.5778506151342,Other/Global,28.6435234422283,0.47,12.48,45.21,47.84,3120.0,4680.0,34.64,0.53,912.9,-0.66,23,1.0,211,83.25,7.48,38.79
Turkey,1994,2600.0,50.6892922573184,95.0354715902447,10698.9699409757,39.0452192448637,23.1,18.5778506151342,Other/Global,28.6435234422283,0.47,12.48,45.21,47.84,3120.0,4680.0,34.64,0.53,900.7,-0.5,20,1.0,230,81.75,7.15,36.4
Turkey,1995,2600.0,50.6892922573184,95.0354715902447,10698.9699409757,39.0452192448637,23.1,18.5778506151342,Other/Global,28.6435234422283,0.47,12.48,45.21,47.84,3120.0,4680.0,34.64,0.51,1030.7,-0.15,24,1.0,247,80.18,9.74,32.02
Turkey,1996,2600.0,50.6892922573184,95.0354715902447,10698.9699409757,39.0452192448637,23.1,18.5778506151342,Other/Global,28.6435234422283,0.47,12.48,45.21,47.84,3120.0,4680.0,34.64,0.39,785.2,-0.32,19,1.0,227,81.82,9.24,35.64
Turkey,1997,2600.0,50.6892922573184,95.0354715902447,10698.9699409757,39.0452192448637,23.1,18.5778506151342,Other/Global,28.6435234422283,0.47,12.48,45.21,47.84,3120.0,4680.0,34.64,0.34,796.8,-0.59,17,1.0,221,80.72,8.11,36.74
Turkey,1998,2600.0,50.6892922573184,95.0354715902447,10698.9699409757,39.0452192448637,23.1,18.5778506151342,Other/Global,28.6435234422283,0.47,12.48,45.21,47.84,3120.0,4680.0,34.64,0.4,770.4,-0.23,19,1.0,226,81.89,10.35,36.58
Turkey,1999,2600.0,50.6892922573184,95.0354715902447,10698.9699409757,39.0452192448637,23.1,18.5778506151342,Other/Global,28.6435234422283,0.47,12.48,45.21,47.84,3120.0,4680.0,34.64,0.44,929.5,-0.13,22,1.0,210,82.78,9.66,34.88
Turkey,2000,2600.0,50.6892922573184,95.0354715902447,10698.9699409757,39.0452192448637,23.1,18.5778506151342,Other/Global,28.6435234422283,0.47,12.48,45.21,47.84,3120.0,4680.0,34.64,0.38,913.0,-0.19,19,1.0,232,82.34,10.96,34.45
Turkey,2001,2600.0,50.6892922573184,95.0354715902447,10698.9699409757,39.0452192448637,23.1,18.5778506151342,Other/Global,28.6435234422283,0.47,12.48,45.21,47.84,3120.0,4680.0,34.64,0.53,1023.1,0.01,19,1.0,221,79.92,11.56,34.46
Turkey,2002,2600.0,50.6892922573184,95.0354715902447,10698.9699409757,39.0452192448637,23.1,18.5778506151342,Other/Global,28.6435234422283,0.47,12.48,45.21,47.84,3120.0,4680.0,34.64,0.62,919.2,-0.19,21,1.0,257,81.39,10.14,34.89
Turkey,2003,2600.0,50.6892922573184,95.0354715902447,10698.9699409757,39.0452192448637,23.1,18.5778506151342,Other/Global,28.6435234422283,0.47,12.48,45.21,47.84,3120.0,4680.0,34.64,0.5,867.4,-1.03,21,1.0,226,82.03,10.94,35.45
Turkey,2004,2600.0,50.6892922573184,95.0354715902447,10698.9699409757,39.0452192448637,23.1,18.5778506151342,Other/Global,28.6435234422283,0.47,12.48,45.21,47.84,3120.0,4680.0,34.64,0.58,899.8,-0.44,25,1.0,259,83.44,11.62,36.27
Turkey,2005,2600.0,50.6892922573184,95.0354715902447,10698.9699409757,39.0452192448637,23.1,18.5778506151342,Other/Global,28.6435234422283,0.47,12.48,45.21,47.84,3120.0,4680.0,34.64,0.68,909.1,-0.53,24,1.0,273,81.6,11.88,35.94
Turkey,2006,2600.0,50.6892922573184,95.0354715902447,10698.9699409757,39.0452192448637,23.1,18.5778506151342,Other/Global,28.6435234422283,0.47,12.48,45.21,47.84,3120.0,4680.0,34.64,0.75,765.9,-0.83,26,1.0,271,82.38,11.36,34.32
Turkey,2007,2600.0,50.6892922573184,95.0354715902447,10698.9699409757,39.0452192448637,23.1,18.5778506151342,Other/Global,28.6435234422283,0.47,12.48,45.21,47.84,3120.0,4680.0,34.64,0.68,1116.5,0.12,23,1.0,256,81.99,12.65,32.81
Turkey,2008,2600.0,50.6892922573184,95.0354715902447,10698.9699409757,39.0452192448637,23.1,18.5778506151342,Other/Global,28.6435234422283,0.47,12.48,45.21,47.84,3120.0,4680.0,34.64,0.82,941.3,-0.83,26,1.0,278,81.07,12.71,35.94
Turkey,2009,2600.0,50.6892922573184,95.0354715902447,10698.9699409757,39.0452192448637,23.1,18.5778506151342,Other/Global,28.6435234422283,0.47,12.48,45.21,47.84,3120.0,4680.0,34.64,0.71,916.5,-0.51,23,1.0,270,81.23,13.1,34.61
Turkey,2010,2600.0,50.6892922573184,95.0354715902447,10698.9699409757,39.0452192448637,23.1,18.5778506151342,Other/Global,28.6435234422283,0.47,12.48,45.21,47.84,3120.0,4680.0,34.64,0.66,948.9,-0.69,21,1.0,267,81.55,12.45,38.4
Turkey,2011,2348.0,50.5694944323895,96.3546324857399,10772.1058428738,39.0452192448637,23.1,18.5778506151342,Other/Global,28.6435234422283,0.42,11.27,44.64,47.39,2817.6,4226.4,34.45,0.53,956.5,-0.81,19,1.0,272,83.33,13.91,37.0
Turkey,2012,2096.0,50.4496966074606,97.6737933812352,10845.2417447719,39.0452192448637,23.1,18.5778506151342,Other/Global,28.6435234422283,0.38,10.06,44.0,46.89,2515.2,3772.8,34.24,0.55,888.5,-0.26,22,1.0,287,80.9,16.2,35.85
Turkey,2013,1844.0,50.3298987825318,98.9929542767304,10918.37764667,39.0452192448637,23.1,18.5778506151342,Other/Global,28.6435234422283,0.33,8.85,43.27,46.33,2212.8,3319.2,33.98,0.71,849.3,-0.56,22,1.0,261,81.65,15.24,33.65
Turkey,2014,1592.0,50.2101009576029,100.312115172225,10991.5135485681,39.0452192448637,23.1,18.5778506151342,Other/Global,28.6435234422283,0.29,7.64,42.39,45.66,1910.4,2865.6,33.67,0.57,947.8,-0.16,24,1.0,280,81.18,15.02,32.45
Turkey,2015,1340.0,50.0903031326741,101.631276067721,11064.6494504662,39.0452192448637,23.1,18.5778506151342,Other/Global,28.6435234422283,0.24,6.43,41.42,44.92,1608.0,2412.0,33.29,0.89,930.7,-0.22,25,1.0,297,83.49,16.09,35.15
Turkey,2016,1156.0,49.885269545106,102.973791562179,10611.3431437915,39.0452192448637,23.1,18.5778506151342,Other/Global,28.6435234422283,0.21,5.55,40.53,44.23,1387.2,2080.8,32.98,0.87,835.1,-1.11,28,1.0,287,82.44,17.1,35.38
Turkey,2017,972.0,49.680235957538,104.316307056637,10158.0368371169,39.0452192448637,23.1,18.5778506151342,Other/Global,28.6435234422283,0.17,4.67,39.56,43.46,1166.4,1749.6,32.59,1.2,1013.4,-1.01,30,1.0,279,83.67,15.71,31.56
Turkey,2018,788.0,49.4752023699699,105.658822551096,9704.73053044235,39.0452192448637,23.1,18.5778506151342,Other/Global,28.6435234422283,0.14,3.78,38.36,42.53,945.6,1418.4,32.11,1.17,923.4,-0.88,29,1.0,288,78.88,17.94,35.92
Turkey,2019,604.0,49.2701687824019,107.001338045554,9251.42422376774,39.0452192448637,23.1,18.5778506151342,Other/Global,28.6435234422283,0.11,2.9,36.83,41.37,724.8,1087.2,31.48,0.99,958.3,-0.7,26,1.0,308,83.25,16.05,35.02
Turkey,2020,420.0,49.0651351948339,108.343853540013,8798.11791709313,39.0452192448637,23.1,18.5778506151342,Other/Global,28.6435234422283,0.08,2.02,34.73,39.79,504.0,756.0,30.6,0.99,1011.3,-0.67,28,1.0,316,81.1,16.91,29.52
Uganda,1990,124560.0,59.8668735298534,87.9330213703018,244.987168126806,90.2376395688911,56.4,62.3799664226585,Other/Global,17.8943496321505,22.42,597.89,77.6,71.73,149472.0,224208.0,43.74,0.35,886.8,-0.35,21,1.0,220,78.78,4.16,39.54
Uganda,1991,118103.0,60.1421350282769,91.1512051448876,246.293485187234,89.9946766945302,56.4,62.3799664226585,Other/Global,17.6878934988239,21.26,566.89,77.44,71.66,141723.6,212585.4,43.87,0.48,911.2,-0.53,25,1.0,219,79.19,5.89,39.95
Uganda,1992,111646.0,60.4173965267004,94.3693889194734,247.599802247662,89.7841476369176,56.4,62.4400421568169,Other/Global,17.4814373654972,20.1,535.9,77.28,71.59,133975.2,200962.8,43.98,0.27,951.4,-0.6,21,1.0,222,79.32,4.41,39.37
Uganda,1993,105189.0,60.6926580251239,97.5875726940592,248.90611930809,89.5991272127383,56.4,62.0693437121007,Other/Global,17.2749812321706,18.93,504.91,77.12,71.52,126226.8,189340.2,44.08,0.29,829.4,-0.6,23,1.0,185,79.26,6.53,42.86
Uganda,1994,98732.0,60.9679195235474,100.805756468645,250.212436368518,89.4311339067774,56.4,61.9649833953608,Other/Global,17.0685250988439,17.77,473.91,76.87,71.4,118478.4,177717.6,44.15,0.4,892.5,-0.69,21,1.0,229,78.36,5.91,45.94
Uganda,1995,92275.0,61.2431810219709,104.02394024323,251.518753428946,89.2726280874969,56.4,61.3870493572147,Other/Global,16.8620689655172,16.61,442.92,76.55,71.23,110730.0,166095.0,44.21,0.49,899.0,-0.33,26,1.0,213,79.01,6.55,43.57
Uganda,1996,85818.0,61.5184425203944,107.242124017816,252.825070489374,89.1160701233593,44.4,60.9028133205171,Other/Global,16.6556128321906,15.45,411.93,76.31,71.1,102981.6,154472.4,44.25,0.46,813.2,-0.85,23,1.0,203,78.96,7.77,44.18
Uganda,1997,79361.0,61.7937040188179,110.460307792402,254.131387549802,88.9539203828267,44.4,60.7557358587158,Other/Global,16.4491566988639,14.28,380.93,75.99,70.93,95233.2,142849.8,44.26,0.47,1075.9,0.54,25,1.0,237,77.02,7.58,41.64
Uganda,1998,72904.0,62.0689655172414,113.678491566988,255.43770461023,88.7786392343613,44.4,60.6170737386769,Other/Global,16.2427005655373,13.12,349.94,75.58,70.7,87484.8,131227.2,44.25,0.27,778.7,-0.14,19,1.0,234,79.35,8.6,44.49
Uganda,1999,66447.0,62.3442270156649,116.896675341574,256.744021670658,88.5826870464254,33.8,60.2439545539678,Other/Global,16.0362444322106,11.96,318.95,75.1,70.42,79736.4,119604.6,44.21,0.18,788.2,-0.31,22,1.0,248,78.88,8.79,43.38
Uganda,2000,59990.0,62.6194885140884,120.11485911616,258.050338731086,88.3585241874813,33.8,60.2523790400028,Other/Global,15.8297882988839,10.8,287.95,74.62,70.13,71988.0,107982.0,44.14,0.46,997.9,-0.51,21,1.0,231,79.03,10.43,44.03
Uganda,2001,59990.0,63.4715432533438,124.256775358942,314.594119286177,88.0986110259912,33.8,60.061907291209,Other/Global,15.6233271608028,10.8,287.95,74.78,70.47,71988.0,107982.0,44.39,0.38,949.9,0.31,21,1.0,242,77.99,9.65,43.54
Uganda,2002,59990.0,64.3235979925992,128.398691601725,371.137899841268,87.797206425445,38.8,59.5424375001576,Other/Global,15.4168660227216,10.8,287.95,75.02,70.84,71988.0,107982.0,44.63,0.34,810.7,-0.1,20,1.0,219,78.4,9.21,42.31
Uganda,2003,59990.0,65.1756527318546,132.540607844507,427.68168039636,87.4095863280683,38.8,59.4407188691454,Other/Global,15.2104048846404,10.8,287.95,75.18,71.18,71988.0,107982.0,44.86,0.59,941.4,-0.33,26,1.0,279,75.55,9.55,48.02
Uganda,2004,59990.0,66.0277074711101,136.68252408729,484.225460951451,86.8778881599385,38.8,60.4515039986264,Other/Global,15.0039437465592,10.8,287.95,75.34,71.51,71988.0,107982.0,45.09,0.71,1010.2,0.2,25,1.0,233,77.3,11.28,47.22
Uganda,2005,59990.0,66.8797622103655,140.824440330073,540.769241506543,86.2092760503277,31.1,61.5685603020116,Other/Global,14.7974826084781,10.8,287.95,75.5,71.85,71988.0,107982.0,45.32,0.68,890.4,-0.74,26,1.0,244,77.19,10.54,47.16
Uganda,2006,59990.0,67.7318169496209,144.966356572855,597.313022061634,85.4148479725353,31.1,62.0811988838641,Other/Global,14.5910214703969,10.8,287.95,75.75,72.23,71988.0,107982.0,45.54,0.68,1100.7,-0.43,27,1.0,244,77.46,11.09,51.99
Uganda,2007,59990.0,68.5838716888764,149.108272815638,653.856802616725,84.505701899861,31.1,62.8763022509366,Other/Global,14.3845603323157,10.8,287.95,75.91,72.57,71988.0,107982.0,45.76,0.71,754.9,-1.28,28,1.0,266,77.27,12.03,47.06
Uganda,2008,59990.0,69.4359264281318,153.25018905842,710.400583171817,83.4929358056045,31.1,63.7309017910581,Other/Global,14.1780991942345,10.8,287.95,76.07,72.9,71988.0,107982.0,45.97,0.68,948.3,0.14,24,1.0,254,78.24,11.2,51.05
Uganda,2009,59990.0,70.2879811673872,157.392105301203,766.944363726908,82.3876476630652,24.5,64.6235680615221,Other/Global,13.9716380561533,10.8,287.95,76.23,73.24,71988.0,107982.0,46.17,0.57,986.1,-0.62,25,1.0,286,75.54,11.16,54.6
Uganda,2010,59990.0,71.1400359066427,161.534021543986,823.488144282,81.2009354455428,24.5,61.9600851563693,Other/Global,13.7164372631159,10.8,287.95,76.47,73.61,71988.0,107982.0,46.38,0.6,964.1,-0.27,24,1.0,278,77.53,12.72,52.05
Uganda,2011,55580.0,71.2896469180131,166.661334530221,831.377437496762,79.9438971263369,24.5,65.2762926403687,Other/Global,13.5107121484141,10.0,266.78,76.15,73.4,66696.0,100044.0,46.4,0.69,877.0,-0.62,30,1.0,255,79.03,12.25,49.2
Uganda,2012,51170.0,71.4392579293835,171.788647516457,839.266730711524,78.627630678747,19.7,64.992921422961,Other/Global,13.3049870337123,9.21,245.62,75.75,73.14,61404.0,92106.0,46.4,0.68,870.6,-0.8,25,1.0,292,76.0,14.24,53.79
Uganda,2013,46760.0,71.588868940754,176.915960502693,847.156023926286,77.2632340760729,19.7,70.6855410208648,Other/Global,13.0992619190106,8.42,224.45,75.26,72.82,56112.0,84168.0,46.37,0.7,929.9,-0.59,26,1.0,298,77.43,11.45,51.06
Uganda,2014,42350.0,71.7384799521244,182.043273488929,855.045317141048,75.8061496608174,19.7,71.9374720820862,Other/Global,12.8935368043088,7.62,203.28,74.78,72.5,50820.0,76230.0,46.31,0.66,960.2,-0.31,25,1.0,277,78.24,13.39,51.23
Uganda,2015,37940.0,71.8880909634949,187.170586475165,862.934610355811,75.0222143439573,19.7,71.7568690258536,Other/Global,12.687811689607,6.83,182.11,74.21,72.12,45528.0,68292.0,46.2,0.8,943.6,-0.66,30,1.0,274,78.17,14.42,50.97
Uganda,2016,37940.0,71.8880909634949,194.078332335927,859.500981062673,74.3046432865902,21.4,71.6224247097463,Other/Global,12.4820965489727,6.83,182.11,74.38,72.21,45528.0,68292.0,46.48,0.71,978.7,-0.73,25,1.0,301,76.13,14.05,56.38
Uganda,2017,37940.0,71.8880909634949,200.986078196689,856.067351769536,73.5860739420454,21.4,71.4913397378003,Other/Global,12.2763814083383,6.83,182.11,74.54,72.29,45528.0,68292.0,46.76,0.96,813.9,-0.99,27,1.0,308,77.78,16.11,52.66
Uganda,2018,37940.0,71.8880909634949,207.893824057451,852.633722476398,72.8719524981116,21.4,66.7602819993876,Other/Global,12.070666267704,6.83,182.11,74.7,72.37,45528.0,68292.0,47.03,1.1,877.2,-0.63,30,1.0,287,77.51,15.54,51.97
Uganda,2019,37940.0,71.8880909634949,214.801569918213,849.200093183261,72.1630218200597,20.3,61.3604268185351,Other/Global,11.8649012567325,6.83,182.11,74.86,72.45,45528.0,68292.0,47.29,0.88,820.2,-0.71,28,1.0,319,77.92,15.21,56.65
Uganda,2020,37940.0,71.8880909634949,221.709315778975,845.766463890124,71.4600247728498,20.3,64.7499841005898,Other/Global,11.6591861160981,6.83,182.11,75.02,72.53,45528.0,68292.0,47.55,0.95,864.6,-1.12,27,1.0,300,77.31,16.33,51.33
Ukraine,1990,500.0,71.4697505825494,85.5383792180892,1563.63415527344,32.5888076017142,51.9,15.4325998619531,Other/Global,16.0890653318374,0.09,2.4,42.06,50.4,600.0,900.0,30.12,0.3,981.2,-0.34,20,1.0,221,77.99,3.7,47.29
Ukraine,1991,553.0,71.4697505825494,85.5383792180892,1472.60017089843,32.3087171489249,51.9,15.4325998619531,Other/Global,16.0890653318374,0.1,2.65,42.71,50.86,663.6,995.4,30.37,0.44,908.6,-0.41,20,1.0,184,76.31,5.62,45.8
Ukraine,1992,606.0,71.4697505825494,85.5383792180892,1381.56618652343,32.1396579083954,51.9,16.6044542923936,Other/Global,16.0890653318374,0.11,2.91,43.35,51.29,727.2,1090.8,30.59,0.36,1108.5,0.88,19,1.0,200,76.03,6.63,48.38
Ukraine,1993,659.0,71.4697505825494,85.5383792180892,1290.53220214843,32.0820339092548,51.9,15.7923401199155,Other/Global,16.1298006386468,0.12,3.16,43.92,51.68,790.8,1186.2,30.8,0.38,915.4,-0.06,21,1.0,211,73.97,5.82,46.32
Ukraine,1994,712.0,71.4697505825494,85.5383792180892,1199.49821777343,32.0830869452048,51.9,15.7583693067035,Other/Global,16.1705359454561,0.13,3.42,44.4,52.02,854.4,1281.6,30.98,0.29,904.7,-0.01,18,1.0,203,76.08,6.3,44.34
Ukraine,1995,765.0,71.4697505825494,85.5383792180892,1108.46423339843,32.1590341918597,51.9,17.424927683941,Other/Global,16.2112712522655,0.14,3.67,44.8,52.31,918.0,1377.0,31.16,0.45,908.4,-0.07,20,1.0,221,76.21,5.77,47.45
Ukraine,1996,818.0,71.4697505825494,85.5383792180892,1017.43024902343,32.2805797218684,51.9,17.1720385967533,Other/Global,16.2520065590748,0.15,3.93,45.29,52.64,981.6,1472.4,31.32,0.58,848.9,-0.51,23,1.0,219,74.42,6.43,46.25
Ukraine,1997,871.0,71.4697505825494,85.5383792180892,926.396264648438,32.3701296648462,51.9,17.5764589031389,Other/Global,16.2927418658842,0.16,4.18,45.69,52.92,1045.2,1567.8,31.47,0.41,895.3,-0.31,18,1.0,225,76.64,8.24,48.85
Ukraine,1998,924.0,71.4697505825494,85.5383792180892,835.362280273438,32.4453246565804,51.9,18.2297110227389,Other/Global,16.3334771726935,0.17,4.44,46.01,53.16,1108.8,1663.2,31.62,0.37,990.1,0.2,17,1.0,226,77.87,7.68,47.3
Ukraine,1999,977.0,71.4697505825494,85.5383792180892,744.328295898438,32.5188366575916,51.9,18.3452143982879,Other/Global,16.3742124795029,0.18,4.69,46.41,53.43,1172.4,1758.6,31.75,0.4,909.0,-0.45,24,1.0,216,75.49,9.92,51.45
Ukraine,2000,1030.0,71.4697505825494,85.5383792180892,653.294311523438,32.596142703094,51.9,18.3224818200309,Other/Global,16.4149477863122,0.19,4.94,46.74,53.66,1236.0,1854.0,31.88,0.39,836.4,-0.95,21,1.0,238,78.83,8.96,46.05
Ukraine,2001,967.0,71.4461270398644,85.0035986393721,891.928112792969,32.7250194506541,51.9,17.866315667995,Other/Global,16.4215068611375,0.17,4.64,46.33,53.37,1160.4,1740.6,31.7,0.38,825.9,-0.33,22,1.0,240,77.03,8.0,49.47
Ukraine,2002,904.0,71.4225034971794,84.4688180606551,1130.5619140625,32.7327266649096,51.9,17.4486872299176,Other/Global,16.4283495011565,0.16,4.34,45.85,53.04,1084.8,1627.2,31.51,0.57,863.9,-0.21,23,1.0,231,77.61,11.17,46.38
Ukraine,2003,841.0,71.3988799544945,83.9340374819381,1369.19571533203,32.580320131595,51.9,16.7999973633666,Other/Global,16.4349086891981,0.15,4.04,45.37,52.7,1009.2,1513.8,31.31,0.6,905.8,-0.8,23,1.0,268,76.54,8.6,46.8
Ukraine,2004,778.0,71.3752564118095,83.3992569032211,1607.82951660156,32.4029031576315,51.9,16.2276734411,Other/Global,16.4414678772396,0.14,3.73,44.8,52.31,933.6,1400.4,31.1,0.65,995.4,0.04,21,1.0,257,75.54,9.85,48.51
Ukraine,2005,715.0,71.3516328691246,82.8644763245041,1846.46331787109,32.1863953682245,51.9,15.7911073387666,Other/Global,16.4468915047119,0.13,3.43,44.24,51.91,858.0,1287.0,30.87,0.62,792.7,-0.35,21,1.0,267,77.26,10.71,45.08
Ukraine,2006,652.0,71.3280093264396,82.329695745787,2085.09711914062,31.9706652201052,51.9,15.2806803529688,Other/Global,16.4540182270091,0.12,3.13,43.67,51.5,782.4,1173.6,30.62,0.83,874.3,-0.75,24,1.0,248,77.53,11.24,49.3
Ukraine,2007,589.0,71.3043857837546,81.79491516707,2323.73092041015,31.7897677627963,51.9,14.8408455737839,Other/Global,16.4614295824487,0.11,2.83,42.95,51.01,706.8,1060.2,30.35,0.78,911.5,-0.83,28,1.0,229,76.42,10.91,48.26
Ukraine,2008,526.0,71.2807622410697,81.260134588353,2562.36472167968,31.6247914244654,51.9,14.6523182790084,Other/Global,16.4682731478285,0.09,2.52,42.22,50.49,631.2,946.8,30.05,0.66,753.2,-0.98,25,1.0,293,76.94,11.83,48.42
Ukraine,2009,463.0,71.2571386983847,80.725354009636,2800.99852294921,31.4748557750453,51.9,14.2986843134115,Other/Global,16.4748325623144,0.08,2.22,41.34,49.88,555.6,833.4,29.72,0.76,833.3,-1.0,24,1.0,273,76.63,13.3,48.67
Ukraine,2010,400.0,71.2335151556998,80.190573430919,3039.63232421875,31.362602866643,51.9,14.4431257801646,Other/Global,16.4813919768004,0.07,1.92,40.37,49.2,480.0,720.0,29.35,0.62,845.6,-0.86,23,1.0,279,75.86,13.73,47.91
Ukraine,2011,354.0,71.3174582603467,79.9597041658541,2850.60063476562,31.2765700173778,51.9,14.4557270174574,Other/Global,16.5190223020093,0.06,1.7,39.48,48.63,424.8,637.2,29.05,0.58,836.3,-0.55,24,1.0,282,77.01,14.46,48.15
Ukraine,2012,308.0,71.4014013649936,79.7288349007893,2661.5689453125,31.1758016892261,51.9,14.0966314610377,Other/Global,16.5566526272181,0.06,1.48,38.52,47.99,369.6,554.4,28.71,0.59,915.3,-0.9,24,1.0,287,75.75,12.66,49.46
Ukraine,2013,262.0,71.4853444696406,79.4979656357244,2472.53725585937,31.0673711917774,51.9,14.1987274318509,Other/Global,16.594282952427,0.05,1.26,37.47,47.29,314.4,471.6,28.31,0.55,887.1,-0.92,20,1.0,268,77.5,13.94,46.88
Ukraine,2014,216.0,71.5692875742875,79.2670963706596,2283.50556640625,30.9445660698687,51.9,14.3851665058874,Other/Global,16.6327746033938,0.04,1.04,36.18,46.42,259.2,388.8,27.84,0.78,855.6,-0.77,25,1.0,272,79.34,14.42,46.55
Ukraine,2015,170.0,71.6532306789345,79.0362271055948,2094.47387695313,30.8412682798663,51.9,14.8536221190806,Other/Global,16.6704068773844,0.03,0.82,34.49,45.3,204.0,306.0,27.26,0.67,934.2,-0.43,24,1.0,276,77.86,12.95,47.91
Ukraine,2016,170.0,71.6532306789345,79.0362271055948,2094.47387695313,30.7897758390911,51.1,15.1913515069828,Other/Global,16.6824906350878,0.03,0.82,34.49,45.3,204.0,306.0,27.26,0.79,1037.8,-0.07,29,1.0,303,76.31,14.54,47.15
Ukraine,2017,170.0,71.6532306789345,79.0362271055948,2094.47387695313,30.7366891510718,34.9,15.0029523151209,Other/Global,16.6942862074918,0.03,0.82,34.49,45.3,204.0,306.0,27.26,0.78,1031.1,0.38,23,1.0,280,76.96,15.61,48.82
Ukraine,2018,170.0,71.6532306789345,79.0362271055948,2094.47387695313,30.6842007222091,27.6,14.9050893936788,Other/Global,16.7034863652054,0.03,0.82,34.49,45.3,204.0,306.0,27.26,0.98,746.2,-1.27,27,1.0,279,77.9,15.43,50.68
Ukraine,2019,170.0,71.6532306789345,79.0362271055948,2094.47387695313,30.6472351291265,23.1,13.9078605168498,Other/Global,16.7138419054194,0.03,0.82,34.49,45.3,204.0,306.0,27.26,0.99,946.1,-0.46,28,1.0,296,76.42,15.38,45.05
Ukraine,2020,170.0,71.6532306789345,79.0362271055948,2094.47387695313,30.6160899483255,23.2,14.1222074905303,Other/Global,16.7241974456334,0.03,0.82,34.49,45.3,204.0,306.0,27.26,0.97,885.7,-1.12,27,1.0,305,77.21,16.61,47.14
United Kingdom,1990,200.0,70.1194560410036,243.427908899268,28383.8761094996,21.8908216114791,17.0,2.41756693452693,Other/Global,11.4826602736329,0.04,0.96,37.79,46.7,240.0,360.0,31.76,0.19,912.4,0.12,19,1.0,203,77.78,9.82,52.12
United Kingdom,1991,200.0,70.1194560410036,243.427908899268,28383.8761094996,21.8979345763598,17.0,2.41756693452693,Other/Global,11.5554085892614,0.04,0.96,37.79,46.7,240.0,360.0,31.76,0.25,868.1,-0.46,18,1.0,200,77.23,9.38,53.82
United Kingdom,1992,200.0,70.1194560410036,243.427908899268,28383.8761094996,21.8450664097663,17.0,2.3491750516124,Other/Global,11.6281569048898,0.04,0.96,37.79,46.7,240.0,360.0,31.76,0.44,909.4,-0.3,19,1.0,218,77.15,7.88,53.95
United Kingdom,1993,200.0,70.1194560410036,243.427908899268,28383.8761094996,21.7251976852199,17.0,2.27707482667416,Other/Global,11.7009052205183,0.04,0.96,37.71,46.66,240.0,360.0,31.76,0.39,912.1,-0.3,20,1.0,232,78.18,10.94,53.46
United Kingdom,1994,200.0,70.1194560410036,243.427908899268,28383.8761094996,21.5525780251669,17.0,2.31265665164573,Other/Global,11.7736535361468,0.04,0.96,37.71,46.66,240.0,360.0,31.76,0.47,853.7,-0.22,20,1.0,218,79.0,9.34,56.05
United Kingdom,1995,200.0,70.1194560410036,243.427908899268,28383.8761094996,21.3408997287015,17.0,2.28512159147553,Other/Global,11.8464018517753,0.04,0.96,37.71,46.66,240.0,360.0,31.76,0.37,828.3,-0.93,20,1.0,239,76.81,9.79,54.96
United Kingdom,1996,200.0,70.1194560410036,243.427908899268,28383.8761094996,21.1038550949177,17.0,2.16887079729004,Other/Global,11.9191501674038,0.04,0.96,37.63,46.62,240.0,360.0,31.76,0.43,864.1,-1.15,20,1.0,233,78.41,11.32,53.05
United Kingdom,1997,200.0,70.1194560410036,243.427908899268,28383.8761094996,20.8551364229099,17.0,2.06442142858161,Other/Global,11.9918984830323,0.04,0.96,37.63,46.62,240.0,360.0,31.76,0.49,918.7,-0.39,22,1.0,214,75.14,11.71,56.06
United Kingdom,1998,200.0,70.1194560410036,243.427908899268,28383.8761094996,20.608436011772,17.0,1.91347762069851,Other/Global,12.0646467986608,0.04,0.96,37.55,46.58,240.0,360.0,31.76,0.42,947.9,-0.04,19,1.0,219,77.5,11.35,54.02
United Kingdom,1999,200.0,70.1194560410036,243.427908899268,28383.8761094996,20.3774461605983,17.0,1.73130776972456,Other/Global,12.1373951142893,0.04,0.96,37.55,46.58,240.0,360.0,31.76,0.34,968.2,0.0,18,1.0,222,74.3,12.84,53.18
United Kingdom,2000,200.0,70.1194560410036,243.427908899268,28383.8761094996,20.1758591684828,17.0,1.70962230909745,Other/Global,12.2101434299177,0.04,0.96,37.55,46.58,240.0,360.0,31.76,0.41,860.4,-0.09,22,1.0,236,75.99,12.62,52.21
United Kingdom,2001,230.0,70.2269251436365,245.029136940437,29523.3207038352,20.0161698701177,17.0,1.55159019182012,Other/Global,12.2535444136734,0.04,1.1,38.52,47.27,276.0,414.0,32.23,0.42,922.7,-0.13,20,1.0,238,75.65,11.94,51.46
United Kingdom,2002,260.0,70.3343942462695,246.630364981606,30662.7652981709,19.8853937322258,17.0,1.54428426010404,Other/Global,12.296945397429,0.05,1.25,39.32,47.86,312.0,468.0,32.64,0.51,977.0,-0.32,20,1.0,255,78.83,12.92,53.6
United Kingdom,2003,290.0,70.4418633489025,248.231593022775,31802.2098925066,19.7668406667198,17.0,1.39208150037329,Other/Global,12.3403463811846,0.05,1.39,40.05,48.4,348.0,522.0,33.02,0.55,993.2,-0.83,23,1.0,247,76.5,14.03,54.8
United Kingdom,2004,320.0,70.5493324515355,249.832821063943,32941.6544868423,19.6576715070002,17.0,1.42260846622358,Other/Global,12.3837473649403,0.06,1.54,40.77,48.91,384.0,576.0,33.36,0.63,895.3,-0.59,23,1.0,256,76.75,14.85,56.68
United Kingdom,2005,350.0,70.6568015541685,251.434049105113,34081.099081178,19.5544061872373,17.0,1.37992550840949,Other/Global,12.4271483486959,0.06,1.68,41.34,49.34,420.0,630.0,33.67,0.71,882.3,-0.32,24,1.0,239,76.52,14.94,50.88
United Kingdom,2006,380.0,70.7642706568015,253.035277146282,35220.5436755137,19.4535646416009,17.0,1.35227150618747,Other/Global,12.4705493324515,0.07,1.82,41.9,49.76,456.0,684.0,33.96,0.64,915.2,-0.58,21,1.0,263,75.02,14.44,58.84
United Kingdom,2007,410.0,70.8717397594345,254.63650518745,36359.9882698494,19.3516668042613,17.0,1.3656266619244,Other/Global,12.5139503162072,0.07,1.97,42.47,50.17,492.0,738.0,34.23,0.64,808.0,-0.81,23,1.0,256,77.08,15.91,53.72
United Kingdom,2008,440.0,70.9792088620675,256.237733228619,37499.4328641851,19.2452326093884,17.0,1.44138539988242,Other/Global,12.5573512999628,0.08,2.11,42.87,50.5,528.0,792.0,34.49,0.6,884.5,-0.41,25,1.0,258,76.8,17.54,54.63
United Kingdom,2009,470.0,71.0866779647005,257.838961269788,38638.8774585208,19.1307819911522,17.0,1.10940797685672,Other/Global,12.6007522837184,0.08,2.26,43.35,50.85,564.0,846.0,34.73,0.55,959.5,-0.55,21,1.0,261,75.7,17.62,54.85
United Kingdom,2010,500.0,71.1941470673335,259.440189310958,39778.3220528565,19.004834883723,17.0,1.21733982160477,Other/Global,12.6441532674741,0.09,2.4,43.76,51.17,600.0,900.0,34.96,0.56,951.3,-0.09,19,1.0,296,78.31,18.86,54.43
United Kingdom,2011,530.0,71.1230521225147,261.359451080891,40873.7266266093,18.8640314407373,17.0,1.22158090144637,Other/Global,12.7235150663415,0.1,2.54,44.16,51.42,636.0,954.0,35.18,0.66,878.3,-0.11,24,1.0,260,78.29,19.29,55.14
United Kingdom,2012,560.0,71.051957177696,263.278712850824,41969.1312003622,18.7094332240492,17.0,1.18911772552048,Other/Global,12.8028768652089,0.1,2.69,44.48,51.63,672.0,1008.0,35.4,0.58,917.4,-0.46,24,1.0,291,75.18,17.82,55.32
United Kingdom,2013,590.0,70.9808622328772,265.197974620758,43064.5357741151,18.5426231305113,17.0,1.06099350994285,Other/Global,12.8822386640764,0.11,2.83,44.8,51.84,708.0,1062.0,35.6,0.73,834.0,-1.14,25,1.0,284,75.88,19.22,55.55
United Kingdom,2014,620.0,70.9097672880585,267.117236390691,44159.940347868,18.3644249249278,17.0,1.24416047148098,Other/Global,12.9616004629438,0.11,2.98,45.12,52.04,744.0,1116.0,35.8,0.75,956.2,-0.43,25,1.0,267,77.29,20.84,59.08
United Kingdom,2015,650.0,70.8386723432398,269.036498160625,45255.3449216209,18.1756227704353,17.0,1.14458402685791,Other/Global,13.0409622618113,0.12,3.12,45.37,52.2,780.0,1170.0,35.99,0.66,893.7,-1.22,26,1.0,287,76.18,21.24,54.49
United Kingdom,2016,556.0,70.9389477121481,270.405489191088,44366.8118305743,17.9770008301705,17.0,1.13788043759108,Other/Global,13.0574959699087,0.1,2.67,44.32,51.51,667.2,1000.8,35.51,0.94,877.9,-0.72,27,1.0,260,76.45,21.48,59.76
United Kingdom,2017,462.0,71.0392230810565,271.774480221551,43478.2787395277,17.76934326727,18.6,1.1585616698833,Other/Global,13.0781631050304,0.08,2.22,43.03,50.66,554.4,831.6,34.94,1.01,871.0,-0.77,28,1.0,324,75.47,22.13,57.31
United Kingdom,2018,368.0,71.1394984499648,273.143471252015,42589.7456484811,17.5534342448705,18.6,1.06753645094695,Other/Global,13.1153639482495,0.07,1.77,41.42,49.59,441.6,662.4,34.22,0.91,894.9,-0.24,26,1.0,296,75.46,22.59,53.24
United Kingdom,2019,274.0,71.2397738188732,274.512462282478,41701.2125574345,17.3300579261087,18.6,1.08545574617502,Other/Global,13.1525647914686,0.05,1.32,39.32,48.2,328.8,493.2,33.29,1.04,864.1,-1.01,29,1.0,322,76.02,20.43,54.81
United Kingdom,2020,180.0,71.3400491877816,275.881453312942,40812.6794663879,17.0999984741211,18.6,0.981318894168257,Other/Global,13.1856322076634,0.03,0.86,36.34,46.2,216.0,324.0,31.95,0.93,952.6,-0.45,27,1.0,329,76.77,21.73,54.7
Uruguay,1990,0.0,85.2302593989258,17.7374185807336,2995.36105663465,10.9069870749748,23.1,12.8117745798448,Other/Global,4.55947891669523,0.0,0.0,0.0,25.57,0.0,0.0,15.0,0.28,868.4,-0.59,19,1.0,195,73.38,5.51,51.98
Uruguay,1991,0.0,85.2536852931093,17.8298668723574,3394.59504973744,10.5531172116302,23.1,12.8117745798448,Other/Global,4.88572734544624,0.0,0.0,0.0,25.58,0.0,0.0,15.0,0.24,1027.4,0.13,18,1.0,208,72.16,6.06,54.68
Uruguay,1992,0.0,85.2771111872928,17.9223151639812,3793.82904284023,10.219344212961,23.1,12.2452288289544,Other/Global,5.21197577419724,0.0,0.0,0.0,25.58,0.0,0.0,15.0,0.25,1017.2,-0.27,16,1.0,213,71.75,7.27,53.69
Uruguay,1993,0.0,85.3005370814763,18.014763455605,4193.06303594302,9.91146451683019,23.1,10.8727081713834,Other/Global,5.53822420294823,0.0,0.0,0.0,25.59,0.0,0.0,15.0,0.41,828.7,-0.62,20,1.0,243,71.63,7.51,50.05
Uruguay,1994,0.0,85.3239629756599,18.1072117472288,4592.29702904581,9.635274561101,23.1,11.7295487117651,Other/Global,5.86447263169923,0.0,0.0,0.0,25.6,0.0,0.0,15.0,0.44,905.6,-0.42,23,1.0,215,74.31,7.67,54.53
Uruguay,1995,0.0,85.3473888698434,18.1996600388527,4991.53102214861,9.39657078363631,23.1,12.8718960152408,Other/Global,6.19072106045023,0.0,0.0,0.0,25.6,0.0,0.0,15.0,0.41,847.9,-0.41,22,1.0,220,75.66,6.81,50.03
Uruguay,1996,0.0,85.3708147640269,18.2921083304765,5390.7650152514,9.2012830977346,23.1,12.382844875398,Other/Global,6.51696948920123,0.0,0.0,0.0,25.61,0.0,0.0,15.0,0.32,873.9,-0.53,19,1.0,204,73.62,8.32,50.35
Uruguay,1997,0.0,85.3942406582105,18.3845566221003,5789.99900835419,9.0472807087571,23.1,11.8406162186167,Other/Global,6.84321791795223,0.0,0.0,0.0,25.62,0.0,0.0,15.0,0.36,1060.2,0.27,21,1.0,215,70.02,9.66,54.25
Uruguay,1998,0.0,85.417666552394,18.4770049137241,6189.23300145698,8.9236436901444,23.1,11.4567399723661,Other/Global,7.16946634670323,0.0,0.0,0.0,25.63,0.0,0.0,15.0,0.39,875.4,-0.49,22,1.0,224,73.78,9.72,54.23
Uruguay,1999,0.0,85.4410924465775,18.5694532053479,6588.46699455977,8.8192186407412,23.1,11.2409674257448,Other/Global,7.49571477545423,0.0,0.0,0.0,25.63,0.0,0.0,15.0,0.37,928.8,-0.3,20,1.0,255,74.51,9.26,53.82
Uruguay,2000,0.0,85.4645183407611,18.6619014969718,6987.70098766257,8.7230231826434,23.1,10.9219910583793,Other/Global,7.82196320420523,0.0,0.0,0.0,25.64,0.0,0.0,15.0,0.41,943.3,-0.16,20,1.0,267,72.3,10.56,52.25
Uruguay,2001,0.0,85.1645526225574,18.6918260770197,7553.03665738639,8.6240749379466,23.1,11.1931748087836,Other/Global,8.02896811792938,0.0,0.0,0.0,25.55,0.0,0.0,15.0,0.39,819.9,-0.57,17,1.0,250,74.21,10.04,51.88
Uruguay,2002,0.0,84.8645869043538,18.7217506570677,8118.37232711021,8.5113915287466,23.1,11.2632631699117,Other/Global,8.23597303165353,0.0,0.0,0.0,25.46,0.0,0.0,15.0,0.6,831.6,-0.48,24,1.0,251,74.52,10.52,49.51
Uruguay,2003,0.0,84.5646211861501,18.7516752371157,8683.70799683403,8.3739905771391,23.1,11.9762894714582,Other/Global,8.44297794537767,0.0,0.0,0.0,25.37,0.0,0.0,15.0,0.48,803.5,-0.74,21,1.0,259,74.86,10.62,51.65
Uruguay,2004,0.0,84.2646554679465,18.7815998171637,9249.04366655786,8.1990565908083,23.1,12.8751652956961,Other/Global,8.64998285910182,0.0,0.0,0.0,25.28,0.0,0.0,15.0,0.68,829.1,-0.89,24,1.0,242,72.68,10.15,50.15
Uruguay,2005,0.0,83.9646897497429,18.8115243972117,9814.37933628168,7.9187289951428,23.1,12.1517223140898,Other/Global,8.85698777282596,0.0,0.0,0.0,25.19,0.0,0.0,15.0,0.79,672.0,-1.45,24,1.0,277,73.55,12.49,50.96
Uruguay,2006,0.0,83.6647240315392,18.8414489772597,10379.7150060055,7.5154517211809,23.1,11.6898796606826,Other/Global,9.06399268655011,0.0,0.0,0.0,25.1,0.0,0.0,15.0,0.76,943.6,-0.68,23,1.0,238,73.75,12.11,55.73
Uruguay,2007,0.0,83.3647583133356,18.8713735573077,10945.0506757293,7.0396311961287,23.1,11.6247392259455,Other/Global,9.27099760027425,0.0,0.0,0.0,25.01,0.0,0.0,15.0,0.71,1064.3,-0.13,24,1.0,256,75.19,12.77,51.61
Uruguay,2008,0.0,83.0647925951319,18.9012981373557,11510.3863454531,6.54024421379,23.1,11.5242716245928,Other/Global,9.4780025139984,0.0,0.0,0.0,24.92,0.0,0.0,15.0,0.66,911.8,0.12,24,1.0,276,73.19,13.53,48.57
Uruguay,2009,0.0,82.7648268769283,18.9312227174037,12075.7220151769,6.06626756796859,23.1,11.9174856373928,Other/Global,9.68500742772255,0.0,0.0,0.0,24.83,0.0,0.0,15.0,0.76,786.7,-1.26,23,1.0,263,74.89,13.13,53.09
Uruguay,2010,0.0,82.4648611587247,18.9611472974517,12641.0576849008,5.6666780524681,23.1,12.5775907212088,Other/Global,9.89201234144669,0.0,0.0,0.0,24.74,0.0,0.0,15.0,0.54,848.6,-0.69,24,1.0,311,74.16,14.76,53.11
Uruguay,2011,0.0,82.5043994972003,19.0176402696834,13538.0264839266,5.3963175243059,23.1,10.6787477497518,Other/Global,10.1076448405896,0.0,0.0,0.0,24.75,0.0,0.0,15.0,0.57,863.3,-0.69,22,1.0,287,74.98,14.45,53.32
Uruguay,2012,0.0,82.5439378356759,19.0741332419151,14434.9952829524,5.2393402453814,23.1,9.408157357515,Other/Global,10.3232773397326,0.0,0.0,0.0,24.76,0.0,0.0,15.0,0.62,818.6,-0.84,22,1.0,295,74.72,15.0,49.53
Uruguay,2013,0.0,82.5834761741515,19.1306262141469,15331.9640819782,5.1155264857064,23.1,10.1472461744312,Other/Global,10.5389098388756,0.0,0.0,0.0,24.78,0.0,0.0,15.0,0.79,968.8,-0.5,25,1.0,273,73.02,13.06,50.28
Uruguay,2014,0.0,82.6230145126271,19.1871191863786,16228.932881004,5.01021787894859,23.1,9.98193915414218,Other/Global,10.7545423380185,0.0,0.0,0.0,24.79,0.0,0.0,15.0,0.77,964.8,-0.32,28,1.0,302,74.12,16.23,48.01
Uruguay,2015,0.0,82.6625528511027,19.2436121586104,17125.9016800298,4.9199997701697,23.1,9.63788663994003,Other/Global,10.9701748371615,0.0,0.0,0.0,24.8,0.0,0.0,15.0,0.74,807.6,-1.41,25,1.0,303,72.96,15.88,53.68
Uruguay,2016,0.0,82.2006627813963,19.2789806879213,16852.2284639394,4.8414575044315,23.1,8.9884142591025,Other/Global,11.1244429208091,0.0,0.0,0.0,24.66,0.0,0.0,15.0,0.86,958.0,-0.18,25,1.0,318,73.87,16.68,50.53
Uruguay,2017,0.0,81.73877271169,19.3143492172322,16578.555247849,4.7711764267958,23.1,9.54741034047347,Other/Global,11.2444292080905,0.0,0.0,0.0,24.52,0.0,0.0,15.0,0.9,1022.1,-0.12,27,1.0,265,76.11,16.69,47.27
Uruguay,2018,0.0,81.2768826419837,19.3497177465432,16304.8820317586,4.7057418823242,23.1,9.12915143205363,Other/Global,11.364415495372,0.0,0.0,0.0,24.38,0.0,0.0,15.0,0.93,1052.2,-0.61,25,1.0,290,73.62,17.08,53.04
Uruguay,2019,0.0,80.8149925722774,19.3850862758541,16031.2088156682,4.6520690917969,23.1,8.93794885483685,Other/Global,11.4844017826534,0.0,0.0,0.0,24.24,0.0,0.0,15.0,1.08,1129.2,-0.78,30,1.0,310,73.51,17.8,48.1
Uruguay,2020,0.0,80.3531025025711,19.4204548051651,15757.5355995779,4.60023498535161,23.1,9.09730045996532,Other/Global,11.6043880699349,0.0,0.0,0.0,24.11,0.0,0.0,15.0,0.89,827.8,-1.25,27,1.0,314,74.14,18.71,48.39
Uzbekistan,1990,790.0,62.6839310495109,56.8556053811659,652.9376529256,59.2284062976584,27.5,38.7673883094858,Other/Global,6.18662059238364,0.14,3.79,50.44,52.54,948.0,1422.0,29.66,0.4,1125.8,0.36,20,1.0,203,79.59,5.85,38.37
Uzbekistan,1991,1211.0,62.6839310495109,56.8556053811659,643.158810742958,58.9154773876115,27.5,38.7673883094858,Other/Global,6.18662059238364,0.22,5.81,53.67,54.7,1453.2,2179.8,30.6,0.41,871.5,0.35,18,1.0,184,79.58,5.16,38.05
Uzbekistan,1992,1632.0,62.6839310495109,56.8556053811659,633.379968560317,58.4701233981254,27.5,39.0275801128894,Other/Global,6.18662059238364,0.29,7.83,55.92,56.2,1958.4,2937.6,31.25,0.49,852.4,-0.39,23,1.0,214,79.21,5.05,41.24
Uzbekistan,1993,2053.0,62.6839310495109,56.8556053811659,623.601126377675,57.9105685864766,27.5,39.079919849079,Other/Global,6.28349177244946,0.37,9.85,57.61,57.34,2463.6,3695.4,31.76,0.4,925.9,-0.78,27,1.0,219,77.82,5.54,39.08
Uzbekistan,1994,2474.0,62.6839310495109,56.8556053811659,613.822284195034,57.2550372099416,27.5,39.5347691393009,Other/Global,6.38036318758815,0.45,11.88,58.98,58.26,2968.8,4453.2,32.17,0.44,853.1,-0.72,18,1.0,218,78.48,6.93,37.42
Uzbekistan,1995,2895.0,62.6839310495109,56.8556053811659,604.043442012392,56.5217535257968,27.5,39.3909225468746,Other/Global,6.47723460272685,0.52,13.9,60.03,58.99,3474.0,5211.0,32.51,0.33,931.6,-0.17,19,1.0,221,80.47,6.89,42.46
Uzbekistan,1996,3316.0,62.6839310495109,56.8556053811659,594.264599829751,55.7289417913185,27.5,39.1551857867856,Other/Global,6.57410601786554,0.6,15.92,61.0,59.65,3979.2,5968.8,32.81,0.37,794.0,-0.57,22,1.0,239,76.96,5.92,41.48
Uzbekistan,1997,3737.0,62.6839310495109,56.8556053811659,584.48575764711,54.8948262637832,27.5,38.9458386820337,Other/Global,6.67097743300423,0.67,17.94,61.89,60.24,4484.4,6726.6,33.07,0.43,880.5,-0.8,22,1.0,226,79.09,6.74,44.06
Uzbekistan,1998,4158.0,62.6839310495109,56.8556053811659,574.706915464468,54.0376312004675,27.5,38.2168853127924,Other/Global,6.76784861307005,0.75,19.96,62.61,60.74,4989.6,7484.4,33.31,0.47,1002.3,-0.08,23,1.0,213,78.52,7.69,39.74
Uzbekistan,1999,4579.0,62.6839310495109,56.8556053811659,564.928073281827,53.1755808586476,27.5,37.4199904119504,Other/Global,6.86472002820874,0.82,21.98,63.26,61.19,5494.8,8242.2,33.52,0.28,894.9,-0.46,21,1.0,256,79.34,7.88,40.57
Uzbekistan,2000,5000.0,62.6839310495109,56.8556053811659,555.149231099186,52.3268994956,27.5,36.7892194210918,Other/Global,6.7928870436847,0.9,24.0,63.98,61.66,6000.0,9000.0,33.71,0.36,910.7,-0.58,17,1.0,259,78.94,7.95,40.91
Uzbekistan,2001,4604.0,62.2880935317236,57.6820950756757,674.955038232545,51.5098113686013,27.5,36.024472133399,Other/Global,6.88276941852809,0.83,22.1,63.26,61.08,5524.8,8287.2,33.6,0.43,937.5,-0.14,21,1.0,242,77.08,8.64,40.57
Uzbekistan,2002,4208.0,61.8922560139363,58.5085847701855,794.760845365904,50.7425407349277,26.5,35.2582905545618,Other/Global,6.97181030072653,0.76,20.2,62.53,60.48,5049.6,7574.4,33.46,0.39,993.1,0.23,19,1.0,259,79.68,9.42,40.59
Uzbekistan,2003,3812.0,61.496418496149,59.3350744646954,914.566652499264,50.0433118518557,27.2,34.4227446011705,Other/Global,7.06140195513872,0.69,18.3,61.72,59.83,4574.4,6861.6,33.31,0.62,767.1,-0.69,24,1.0,226,77.91,9.9,39.25
Uzbekistan,2004,3416.0,61.1005809783617,60.1615641592052,1034.37245963262,49.4303489766618,26.1,33.4116704565652,Other/Global,7.15084351834219,0.61,16.4,60.84,59.13,4099.2,6148.8,33.13,0.59,946.4,-0.15,21,1.0,251,77.76,10.02,36.09
Uzbekistan,2005,3020.0,60.7047434605744,60.9880538537151,1154.17826676598,48.9218763666223,25.8,32.3936803534658,Other/Global,7.23996269350165,0.54,14.5,59.87,58.37,3624.0,5436.0,32.91,0.68,878.2,-0.77,22,1.0,230,79.33,11.12,40.07
Uzbekistan,2006,2624.0,60.3089059427871,61.8145435482249,1273.98407389934,48.5361182790138,25.8,31.3322878537804,Other/Global,7.32899942640817,0.47,12.6,58.82,57.55,3148.8,4723.2,32.66,0.68,913.0,-0.29,21,1.0,277,78.88,11.15,40.45
Uzbekistan,2007,2228.0,59.9130684249998,62.6410332427347,1393.7898810327,48.2912989711127,25.8,30.1376511720839,Other/Global,7.41577282652574,0.4,10.69,57.53,56.57,2673.6,4010.4,32.35,0.66,984.5,-0.15,25,1.0,241,78.51,10.37,38.42
Uzbekistan,2008,1832.0,59.5172309072125,63.4675229372446,1513.59568816606,48.2056427001953,25.8,28.9317165337553,Other/Global,7.50509144040719,0.33,8.79,56.0,55.44,2198.4,3297.6,31.97,0.71,804.2,-0.85,25,1.0,261,79.1,11.31,43.87
Uzbekistan,2009,1436.0,59.1213933894252,64.2940126317544,1633.40149529942,48.3894958496094,25.8,27.8584255886288,Other/Global,7.59450412322655,0.26,6.89,54.15,54.09,1723.2,2584.8,31.47,0.66,818.8,-0.98,23,1.0,273,78.79,11.87,37.74
Uzbekistan,2010,1040.0,58.7255558716379,65.1205023262643,1753.20730243278,48.6678352355957,17.7,26.9604574395174,Other/Global,7.6844723004781,0.19,4.99,51.65,52.31,1248.0,1872.0,30.79,0.63,745.0,-1.17,21,1.0,286,81.62,12.25,37.25
Uzbekistan,2011,1632.0,58.5773579973557,66.054343758424,1963.20387798972,48.6604499816895,16.0,27.2340544475864,Other/Global,7.77762735510281,0.29,7.83,54.96,54.49,1958.4,2937.6,31.87,0.59,855.9,-0.6,21,1.0,285,80.18,12.15,39.35
Uzbekistan,2012,2224.0,58.4291601230735,66.9881851905838,2173.20045354667,48.6640319824219,15.0,26.7419149978203,Other/Global,7.86948141349243,0.4,10.68,57.21,55.97,2668.8,4003.2,32.64,0.68,1006.2,0.54,23,1.0,298,79.65,12.76,38.89
Uzbekistan,2013,2816.0,58.2809622487913,67.9220266227435,2383.19702910361,48.8723030090332,14.1,27.2993593375509,Other/Global,7.96137580342781,0.51,13.52,58.9,57.07,3379.2,5068.8,33.24,0.82,890.0,-0.6,26,1.0,296,80.79,14.33,35.24
Uzbekistan,2014,3408.0,58.1327643745091,68.8558680549033,2593.19360466056,49.1131286621094,14.1,27.6562830050207,Other/Global,8.05307155527101,0.61,16.36,60.27,57.95,4089.6,6134.4,33.75,0.76,792.4,-1.15,22,1.0,307,79.69,13.23,39.94
Uzbekistan,2015,4000.0,57.984566500227,69.7897094870631,2803.19018021751,49.3402671813965,14.1,27.5816950924486,Other/Global,8.05583295506128,0.72,19.2,61.48,58.72,4800.0,7200.0,34.18,0.89,860.7,-1.09,29,1.0,265,79.64,14.2,37.4
Uzbekistan,2016,3800.0,58.0442967948712,71.0757807520242,2638.20824789553,49.3427810668945,14.1,27.4220937139458,Other/Global,8.1397486557828,0.68,18.24,61.0,58.43,4560.0,6840.0,34.15,0.77,780.5,-1.16,25,1.0,287,81.06,15.79,40.89
Uzbekistan,2017,3600.0,58.1040270895155,72.3618520169853,2473.22631557355,49.3212623596191,14.1,27.1539848581967,Other/Global,8.19844389770035,0.65,17.28,60.6,58.18,4320.0,6480.0,34.11,0.96,809.6,-0.42,28,1.0,305,79.09,15.09,39.31
Uzbekistan,2018,3400.0,58.1637573841597,73.6479232819465,2308.24438325158,49.4185028076172,14.1,26.6493914736113,Other/Global,8.25712061408984,0.61,16.32,60.11,57.88,4080.0,6120.0,34.06,0.9,930.7,-0.74,25,1.0,325,78.68,17.41,38.14
Uzbekistan,2019,3200.0,58.223487678804,74.9339945469076,2143.2624509296,49.4079895019531,14.1,26.1766052839745,Other/Global,8.31637366503615,0.58,15.36,59.63,57.58,3840.0,5760.0,34.0,0.88,805.7,-0.75,25,1.0,298,80.68,17.15,41.25
Uzbekistan,2020,3000.0,58.2832179734483,76.2200658118688,1978.28051860763,49.2329597473145,14.1,27.1860834171962,Other/Global,8.37322137751049,0.54,14.4,59.15,57.27,3600.0,5400.0,33.93,0.94,988.7,-0.57,25,1.0,338,80.08,14.47,37.71
Vanuatu,1990,2920.0,15.3404429860541,19.5445447087777,2815.18828985779,81.2333937964355,15.9,55.8202329087084,Other/Global,36.2838392124692,0.53,14.02,40.93,35.25,3504.0,5256.0,28.42,0.37,894.0,-0.24,21,1.0,209,90.8,4.06,7.53
Vanuatu,1991,2920.0,15.3404429860541,19.5445447087777,2815.18828985779,80.9183836900783,15.9,55.8202329087084,Other/Global,36.2838392124692,0.53,14.02,40.93,35.25,3504.0,5256.0,28.42,0.42,906.5,-0.08,20,1.0,197,90.19,5.36,7.48
Vanuatu,1992,2920.0,15.3404429860541,19.5445447087777,2815.18828985779,80.616125120862,15.9,55.713358221068,Other/Global,36.2838392124692,0.53,14.02,40.93,35.25,3504.0,5256.0,28.42,0.42,877.4,-0.58,19,1.0,193,91.33,5.44,10.69
Vanuatu,1993,2920.0,15.3404429860541,19.5445447087777,2815.18828985779,80.323952585812,15.9,55.8921041619725,Other/Global,36.2838392124692,0.53,14.02,40.93,35.25,3504.0,5256.0,28.42,0.31,961.5,-0.24,18,1.0,225,88.97,6.64,13.84
Vanuatu,1994,2920.0,15.3404429860541,19.5445447087777,2815.18828985779,80.0392005819538,15.9,55.2927589425557,Other/Global,36.2838392124692,0.53,14.02,40.93,35.25,3504.0,5256.0,28.42,0.43,962.3,0.36,22,1.0,208,88.29,6.97,9.92
Vanuatu,1995,2920.0,15.3404429860541,19.5445447087777,2815.18828985779,79.7592036063129,15.9,55.4141305185299,Other/Global,36.2838392124692,0.53,14.02,40.93,35.25,3504.0,5256.0,28.42,0.46,926.5,0.02,22,1.0,217,90.14,5.62,11.72
Vanuatu,1996,2920.0,15.3404429860541,19.5445447087777,2815.18828985779,79.4812961559149,15.9,55.2947876390013,Other/Global,36.2838392124692,0.53,14.02,40.93,35.25,3504.0,5256.0,28.42,0.43,944.8,0.04,18,1.0,227,91.37,8.14,10.83
Vanuatu,1997,2920.0,15.3404429860541,19.5445447087777,2815.18828985779,79.2028127277853,15.9,54.9823311235069,Other/Global,36.2838392124692,0.53,14.02,40.93,35.25,3504.0,5256.0,28.42,0.24,882.7,-0.01,15,1.0,231,92.11,9.13,9.38
Vanuatu,1998,2920.0,15.3404429860541,19.5445447087777,2815.18828985779,78.9210878189495,15.9,54.8505610167809,Other/Global,36.2838392124692,0.53,14.02,40.93,35.25,3504.0,5256.0,28.42,0.3,943.0,0.04,22,1.0,260,91.27,6.88,6.89
Vanuatu,1999,2920.0,15.3404429860541,19.5445447087777,2815.18828985779,78.6322414394946,15.9,54.8374650332787,Other/Global,36.2838392124692,0.53,14.02,40.93,35.25,3504.0,5256.0,28.42,0.37,872.6,0.22,23,1.0,241,89.51,8.04,10.54
Vanuatu,2000,2920.0,15.3404429860541,19.5445447087777,2815.18828985779,78.3427509400517,15.9,54.367506075253,Other/Global,36.2838392124692,0.53,14.02,40.93,35.25,3504.0,5256.0,28.42,0.44,899.8,-0.34,21,1.0,230,89.52,8.47,11.81
Vanuatu,2001,2920.0,15.3404429860541,19.5445447087777,2815.18828985779,78.0658293116536,15.9,54.7705913444804,Other/Global,36.2838392124692,0.53,14.02,40.93,35.25,3504.0,5256.0,28.42,0.27,877.7,-0.12,15,1.0,231,92.07,10.11,11.11
Vanuatu,2002,2920.0,15.3404429860541,19.5445447087777,2815.18828985779,77.7988541087656,15.9,55.3338229984937,Other/Global,36.2838392124692,0.53,14.02,40.93,35.25,3504.0,5256.0,28.42,0.49,863.1,-0.95,23,1.0,271,91.7,10.69,9.52
Vanuatu,2003,2920.0,15.3404429860541,19.5445447087777,2815.18828985779,77.5358627595359,15.9,54.9618228677409,Other/Global,36.2838392124692,0.53,14.02,40.93,35.25,3504.0,5256.0,28.42,0.59,844.5,-0.9,25,1.0,241,91.27,9.52,9.15
Vanuatu,2004,2920.0,15.3404429860541,19.5445447087777,2815.18828985779,77.2708926921129,15.9,54.7046180656404,Other/Global,36.2838392124692,0.53,14.02,40.93,35.25,3504.0,5256.0,28.42,0.71,937.1,-0.8,25,1.0,261,91.72,9.88,8.94
Vanuatu,2005,2920.0,15.3404429860541,19.5445447087777,2815.18828985779,76.9979813346449,15.9,54.2428725121033,Other/Global,36.2838392124692,0.53,14.02,40.93,35.25,3504.0,5256.0,28.42,0.75,1004.5,0.13,28,1.0,259,90.82,11.44,8.89
Vanuatu,2006,2920.0,15.3404429860541,19.5445447087777,2815.18828985779,76.7111661152801,15.9,53.4682143632024,Other/Global,36.2838392124692,0.53,14.02,40.93,35.25,3504.0,5256.0,28.42,0.77,993.3,-1.07,24,1.0,266,90.37,10.84,10.29
Vanuatu,2007,2920.0,15.3404429860541,19.5445447087777,2815.18828985779,76.4044844621668,15.9,53.3371381805651,Other/Global,36.2838392124692,0.53,14.02,40.93,35.25,3504.0,5256.0,28.42,0.66,799.1,-0.99,25,1.0,284,90.42,11.56,9.89
Vanuatu,2008,2920.0,15.3404429860541,19.5445447087777,2815.18828985779,76.0719738034533,15.9,52.9890107529192,Other/Global,36.2838392124692,0.53,14.02,40.93,35.25,3504.0,5256.0,28.42,0.55,1002.8,-1.0,22,1.0,271,91.38,12.53,11.21
Vanuatu,2009,2920.0,15.3404429860541,19.5445447087777,2815.18828985779,75.7138246714537,15.9,52.6818951843499,Other/Global,36.2838392124692,0.53,14.02,40.93,35.25,3504.0,5256.0,28.42,0.65,874.2,-0.86,21,1.0,282,90.9,12.73,8.26
Vanuatu,2010,2920.0,15.3404429860541,19.5445447087777,2815.18828985779,75.257495880127,15.9,56.4643478068281,Other/Global,36.2838392124692,0.53,14.02,40.93,35.25,3504.0,5256.0,28.42,0.74,947.7,-0.58,26,1.0,278,88.26,12.76,10.15
Vanuatu,2011,2990.0,15.3404429860541,20.0015258408531,2823.12945643153,75.2138365950987,15.9,55.1419661907107,Other/Global,36.2838392124692,0.54,14.35,41.1,35.36,3588.0,5382.0,28.54,0.76,827.1,-0.44,26,1.0,270,91.67,11.86,10.16
Vanuatu,2012,3060.0,15.3404429860541,20.4585069729286,2831.07062300528,75.1816448616067,15.9,54.0244443722733,Other/Global,36.2838392124692,0.55,14.69,41.18,35.43,3672.0,5508.0,28.66,0.71,911.0,-0.41,23,1.0,288,91.32,13.77,9.23
Vanuatu,2013,3130.0,15.3404429860541,20.915488105004,2839.01178957903,75.1592637249737,15.9,52.8803164970891,Other/Global,36.2838392124692,0.56,15.02,41.34,35.54,3756.0,5634.0,28.77,0.72,924.7,-0.74,24,1.0,274,91.01,14.46,10.89
Vanuatu,2014,3200.0,15.3404429860541,21.3724692370795,2846.95295615278,75.1450362305225,15.9,51.606286995611,Other/Global,36.2838392124692,0.58,15.36,41.42,35.61,3840.0,5760.0,28.88,0.77,780.8,-0.69,27,1.0,270,92.31,14.65,8.51
Vanuatu,2015,3270.0,15.3404429860541,21.829450369155,2854.89412272653,75.1373054235758,15.9,50.2711867976789,Other/Global,36.2838392124692,0.59,15.7,41.58,35.72,3924.0,5886.0,28.99,0.77,948.3,-0.45,28,1.0,300,89.65,13.33,12.71
Vanuatu,2016,3270.0,15.3404429860541,21.829450369155,2854.89412272653,75.1345124357127,15.9,48.2954426838688,Other/Global,36.2838392124692,0.59,15.7,41.58,35.72,3924.0,5886.0,28.99,0.87,1007.3,-0.33,27,1.0,302,89.34,15.46,11.17
Vanuatu,2017,3270.0,15.3404429860541,21.829450369155,2854.89412272653,75.2355558543563,15.9,46.2302777145929,Other/Global,36.2838392124692,0.59,15.7,41.58,35.72,3924.0,5886.0,28.99,1.08,885.6,-1.27,31,1.0,304,91.22,14.62,11.41
Vanuatu,2018,3270.0,15.3404429860541,21.829450369155,2854.89412272653,75.7270272954962,15.9,44.6093989966213,Other/Global,36.2838392124692,0.59,15.7,41.58,35.72,3924.0,5886.0,28.99,0.91,1008.4,-0.66,27,1.0,301,89.71,13.65,10.18
Vanuatu,2019,3270.0,15.3404429860541,21.829450369155,2854.89412272653,76.4975331082925,15.9,42.9179460675524,Other/Global,36.2838392124692,0.59,15.7,41.58,35.72,3924.0,5886.0,28.99,1.13,884.4,-1.2,29,1.0,304,92.61,15.82,9.66
Vanuatu,2020,3270.0,15.3404429860541,21.829450369155,2854.89412272653,77.5813147905206,15.9,44.6876416005043,Other/Global,36.2838392124692,0.59,15.7,41.58,35.72,3924.0,5886.0,28.99,0.97,967.6,-0.54,27,1.0,292,89.78,15.41,8.88
Venezuela,1990,161000.0,24.7831755569412,22.4783288929199,2451.5523114567,39.0452192448637,23.1,18.5778506151342,Other/Global,28.6435234422283,28.98,772.8,68.98,57.22,193200.0,289800.0,35.88,0.38,703.2,-0.94,24,1.0,176,87.39,4.87,15.54
Venezuela,1991,155415.0,24.7576667989342,23.011144266198,2684.0252479504,39.0452192448637,23.1,18.5778506151342,Other/Global,28.6435234422283,27.97,745.99,68.73,57.04,186498.0,279747.0,35.95,0.23,1074.9,0.86,19,1.0,221,87.78,4.28,14.11
Venezuela,1992,149830.0,24.7321580409273,23.5439596394762,2916.49818444412,39.0452192448637,23.1,18.5778506151342,Other/Global,28.6435234422283,26.97,719.18,68.49,56.87,179796.0,269694.0,36.0,0.45,1001.7,0.09,24,1.0,224,87.91,5.53,17.33
Venezuela,1993,144245.0,24.7066492829204,24.0767750127543,3148.97112093783,39.0452192448637,23.1,18.5778506151342,Other/Global,28.6435234422283,25.96,692.38,68.33,56.73,173094.0,259641.0,36.05,0.38,859.9,-1.25,24,1.0,210,87.83,4.81,18.51
Venezuela,1994,138660.0,24.6811405249135,24.6095903860325,3381.44405743154,39.0452192448637,23.1,18.5778506151342,Other/Global,28.6435234422283,24.96,665.57,68.09,56.55,166392.0,249588.0,36.1,0.34,725.6,-0.77,21,1.0,240,87.96,5.99,14.64
Venezuela,1995,133075.0,24.6556317669066,25.1424057593106,3613.91699392524,39.0452192448637,23.1,18.5778506151342,Other/Global,28.6435234422283,23.95,638.76,67.85,56.37,159690.0,239535.0,36.14,0.46,907.1,-0.78,25,1.0,229,87.85,7.21,19.69
Venezuela,1996,127490.0,24.6301230088997,25.6752211325888,3846.38993041896,39.0452192448637,23.1,18.5778506151342,Other/Global,28.6435234422283,22.95,611.95,67.61,56.19,152988.0,229482.0,36.17,0.5,769.2,-1.13,26,1.0,230,86.43,8.77,13.87
Venezuela,1997,121905.0,24.6046142508928,26.208036505867,4078.86286691267,39.0452192448637,23.1,18.5778506151342,Other/Global,28.6435234422283,21.94,585.14,67.37,56.01,146286.0,219429.0,36.2,0.32,921.0,-0.43,22,1.0,258,88.9,7.55,18.7
Venezuela,1998,116320.0,24.5791054928859,26.7408518791451,4311.33580340638,39.0452192448637,23.1,18.5778506151342,Other/Global,28.6435234422283,20.94,558.34,67.04,55.77,139584.0,209376.0,36.22,0.25,919.0,-0.34,23,1.0,213,87.78,8.18,15.27
Venezuela,1999,110735.0,24.553596734879,27.2736672524233,4543.80873990009,39.0452192448637,23.1,18.5778506151342,Other/Global,28.6435234422283,19.93,531.53,66.8,55.58,132882.0,199323.0,36.23,0.36,811.4,-1.0,24,1.0,234,88.13,9.24,19.08
Venezuela,2000,105150.0,24.5280879768721,27.8064826257015,4776.2816763938,39.0452192448637,23.1,18.5778506151342,Other/Global,28.6435234422283,18.93,504.72,66.48,55.35,126180.0,189270.0,36.24,0.39,977.1,0.01,23,1.0,226,86.86,9.34,18.42
Venezuela,2001,106374.0,24.5127827220679,28.2924406779661,5663.28397498106,39.0452192448637,23.1,18.5778506151342,Other/Global,28.6435234422283,19.15,510.6,66.56,55.4,127648.8,191473.2,36.36,0.49,951.7,-0.64,23,1.0,237,86.49,9.89,22.22
Venezuela,2002,107598.0,24.4974774672638,28.7783987302307,6550.28627356832,39.0452192448637,23.1,18.5778506151342,Other/Global,28.6435234422283,19.37,516.47,66.64,55.45,129117.6,193676.4,36.47,0.58,965.2,-0.14,26,1.0,245,88.21,10.6,15.7
Venezuela,2003,108822.0,24.4821722124596,29.2643567824953,7437.28857215558,39.0452192448637,23.1,18.5778506151342,Other/Global,28.6435234422283,19.59,522.35,66.72,55.5,130586.4,195879.6,36.58,0.57,887.6,0.17,23,1.0,249,90.2,10.25,12.5
Venezuela,2004,110046.0,24.4668669576555,29.7503148347599,8324.29087074284,39.0452192448637,23.1,18.5778506151342,Other/Global,28.6435234422283,19.81,528.22,66.72,55.51,132055.2,198082.8,36.69,0.79,773.6,-1.45,29,1.0,237,90.16,10.44,13.21
Venezuela,2005,111270.0,24.4515617028513,30.2362728870245,9211.2931693301,39.0452192448637,23.1,18.5778506151342,Other/Global,28.6435234422283,20.03,534.1,66.8,55.56,133524.0,200286.0,36.8,0.71,964.9,-0.44,27,1.0,257,87.25,11.8,16.61
Venezuela,2006,112494.0,24.4362564480472,30.7222309392891,10098.2954679173,39.0452192448637,23.1,18.5778506151342,Other/Global,28.6435234422283,20.25,539.97,66.88,55.61,134992.8,202489.2,36.91,0.69,864.9,-1.43,27,1.0,247,87.45,10.23,17.37
Venezuela,2007,113718.0,24.420951193243,31.2081889915537,10985.2977665046,39.0452192448637,23.1,18.5778506151342,Other/Global,28.6435234422283,20.47,545.85,66.96,55.66,136461.6,204692.4,37.01,0.59,775.2,-0.98,26,1.0,281,88.55,10.97,15.63
Venezuela,2008,114942.0,24.4056459384389,31.6941470438183,11872.3000650918,39.0452192448637,23.1,18.5778506151342,Other/Global,28.6435234422283,20.69,551.72,66.96,55.67,137930.4,206895.6,37.12,0.69,994.4,-0.04,28,1.0,278,85.15,14.32,17.82
Venezuela,2009,116166.0,24.3903406836347,32.1801050960829,12759.3023636791,39.0452192448637,23.1,18.5778506151342,Other/Global,28.6435234422283,20.91,557.6,67.04,55.72,139399.2,209098.8,37.22,0.65,1054.0,0.21,28,1.0,275,87.65,14.54,18.9
Venezuela,2010,117390.0,24.3750354288306,32.6660631483476,13646.3046622664,39.0452192448637,23.1,18.5778506151342,Other/Global,28.6435234422283,21.13,563.47,67.12,55.76,140868.0,211302.0,37.33,0.73,882.6,-0.62,29,1.0,267,88.62,13.6,18.31
Venezuela,2011,117390.0,24.3750354288306,33.0653309903066,11737.6714295532,39.0452192448637,23.1,18.5778506151342,Other/Global,28.6435234422283,21.13,563.47,67.12,55.76,140868.0,211302.0,37.39,0.68,1058.6,0.25,24,1.0,280,88.08,13.26,17.08
Venezuela,2012,117390.0,24.3750354288306,33.4645988322657,9829.03819684004,39.0452192448637,23.1,18.5778506151342,Other/Global,28.6435234422283,21.13,563.47,67.12,55.76,140868.0,211302.0,37.46,0.56,893.2,0.29,24,1.0,291,86.08,14.77,15.49
Venezuela,2013,117390.0,24.3750354288306,33.8638666742248,7920.40496412686,39.0452192448637,23.1,18.5778506151342,Other/Global,28.6435234422283,21.13,563.47,67.12,55.76,140868.0,211302.0,37.53,0.7,855.5,-0.19,28,1.0,279,86.16,14.99,18.86
Venezuela,2014,117390.0,24.3750354288306,34.2631345161839,6011.77173141368,39.0452192448637,23.1,18.5778506151342,Other/Global,28.6435234422283,21.13,563.47,67.12,55.76,140868.0,211302.0,37.59,0.8,835.5,-1.01,31,1.0,264,86.64,13.81,19.98
Venezuela,2015,117390.0,24.3750354288306,34.662402358143,4103.1384987005,39.0452192448637,23.1,18.5778506151342,Other/Global,28.6435234422283,21.13,563.47,67.12,55.76,140868.0,211302.0,37.66,0.94,1016.9,-0.8,36,1.0,302,88.26,14.51,16.04
Venezuela,2016,105934.0,24.3750354288306,34.1794603480528,3583.71952316122,39.0452192448637,23.1,18.5778506151342,Other/Global,28.6435234422283,19.07,508.48,66.56,55.35,127120.8,190681.2,37.38,0.96,824.9,-1.14,32,1.0,303,87.35,13.48,14.79
Venezuela,2017,94478.0,24.3750354288306,33.6965183379627,3064.30054762194,39.0452192448637,23.1,18.5778506151342,Other/Global,28.6435234422283,17.01,453.49,65.83,54.84,113373.6,170060.4,37.08,1.01,947.5,-0.93,30,1.0,303,90.22,14.87,19.33
Venezuela,2018,83022.0,24.3750354288306,33.2135763278725,2544.88157208265,39.0452192448637,23.1,18.5778506151342,Other/Global,28.6435234422283,14.94,398.51,65.11,54.32,99626.4,149439.6,36.75,0.99,845.3,-0.84,30,1.0,290,86.75,15.33,17.55
Venezuela,2019,71566.0,24.3750354288306,32.7306343177824,2025.46259654337,39.0452192448637,23.1,18.5778506151342,Other/Global,28.6435234422283,12.88,343.52,64.3,53.72,85879.2,128818.8,36.39,1.03,854.6,-1.33,32,1.0,320,89.83,15.95,17.4
Venezuela,2020,60110.0,24.3750354288306,32.2476923076923,1506.0436210041,39.0452192448637,23.1,18.5778506151342,Other/Global,28.6435234422283,10.82,288.53,63.26,52.98,72132.0,108198.0,35.98,1.09,975.2,-0.64,29,1.0,326,86.91,17.9,20.13
Vietnam,1990,5540.0,20.6642293158008,201.249046053642,98.7983370311401,39.0452192448637,23.1,18.5778506151342,Other/Global,28.6435234422283,1.0,26.59,49.56,41.98,6648.0,9972.0,40.97,0.16,868.9,0.02,16,1.0,208,92.3,3.57,18.92
Vietnam,1991,5540.0,21.4204129553002,205.927719857587,129.321481733537,39.0452192448637,23.1,18.5778506151342,Other/Global,28.6435234422283,1.0,26.59,49.56,42.2,6648.0,9972.0,41.12,0.31,867.0,-0.39,21,1.0,201,89.89,6.1,22.77
Vietnam,1992,5540.0,22.1765965947997,210.606393661533,159.844626435935,39.0452192448637,23.1,18.5778506151342,Other/Global,28.6435234422283,1.0,26.59,49.56,42.43,6648.0,9972.0,41.27,0.34,990.0,-0.26,20,1.0,205,86.25,4.82,24.63
Vietnam,1993,5540.0,22.9327802342991,215.285067465479,190.367771138333,39.0452192448637,23.1,18.5778506151342,Other/Global,28.6435234422283,1.0,26.59,49.56,42.66,6648.0,9972.0,41.41,0.47,1027.1,0.4,23,1.0,208,90.18,5.12,28.6
Vietnam,1994,5540.0,23.6889638737986,219.963741269425,220.890915840731,39.0452192448637,23.1,18.5778506151342,Other/Global,28.6435234422283,1.0,26.59,49.56,42.88,6648.0,9972.0,41.56,0.55,950.9,-0.83,22,1.0,211,87.97,6.89,25.15
Vietnam,1995,5540.0,24.445147513298,224.642415073371,251.414060543129,39.0452192448637,23.1,18.5778506151342,Other/Global,28.6435234422283,1.0,26.59,49.56,43.11,6648.0,9972.0,41.7,0.39,847.0,-0.59,20,1.0,216,89.45,5.88,24.97
Vietnam,1996,5540.0,25.2013311527975,229.321088877317,281.937205245526,39.0452192448637,23.1,18.5778506151342,Other/Global,28.6435234422283,1.0,26.59,49.56,43.34,6648.0,9972.0,41.84,0.22,858.5,-0.33,18,1.0,230,88.14,6.11,27.06
Vietnam,1997,5540.0,25.9575147922969,233.999762681263,312.460349947924,39.0452192448637,23.1,18.5778506151342,Other/Global,28.6435234422283,1.0,26.59,49.56,43.56,6648.0,9972.0,41.97,0.36,905.7,-0.26,22,1.0,242,87.53,7.69,28.78
Vietnam,1998,5540.0,26.7136984317964,238.678436485209,342.983494650322,39.0452192448637,23.1,18.5778506151342,Other/Global,28.6435234422283,1.0,26.59,49.56,43.79,6648.0,9972.0,42.1,0.44,925.0,-0.21,23,1.0,253,87.47,7.97,30.39
Vietnam,1999,5540.0,27.4698820712958,243.357110289155,373.50663935272,39.0452192448637,23.1,18.5778506151342,Other/Global,28.6435234422283,1.0,26.59,49.56,44.02,6648.0,9972.0,42.24,0.41,820.3,-0.41,23,1.0,222,86.18,7.55,31.63
Vietnam,2000,5540.0,28.2260657107953,248.035784093101,404.029784055118,39.0452192448637,23.1,18.5778506151342,Other/Global,28.6435234422283,1.0,26.59,49.56,44.24,6648.0,9972.0,42.37,0.43,957.2,-0.16,22,1.0,227,86.86,9.8,25.55
Vietnam,2001,5250.0,28.8379647478665,251.146928595816,531.942988093585,39.0452192448637,23.1,18.5778506151342,Other/Global,28.6435234422283,0.94,25.2,49.23,44.19,6300.0,9450.0,42.28,0.42,906.2,-0.43,21,1.0,255,85.69,8.36,28.36
Vietnam,2002,4960.0,29.4498637849378,254.25807309853,659.856192132052,39.0452192448637,23.1,18.5778506151342,Other/Global,28.6435234422283,0.89,23.81,48.91,44.15,5952.0,8928.0,42.18,0.4,762.1,-0.9,23,1.0,232,86.52,7.88,32.15
Vietnam,2003,4670.0,30.0617628220091,257.369217601246,787.769396170519,39.0452192448637,23.1,18.5778506151342,Other/Global,28.6435234422283,0.84,22.42,48.59,44.09,5604.0,8406.0,42.07,0.62,825.1,-0.93,21,1.0,232,87.17,8.62,31.46
Vietnam,2004,4380.0,30.6736618590804,260.480362103961,915.682600208986,39.0452192448637,23.1,18.5778506151342,Other/Global,28.6435234422283,0.79,21.02,48.19,43.99,5256.0,7884.0,41.95,0.58,859.1,-0.36,23,1.0,239,88.05,8.99,32.33
Vietnam,2005,4090.0,31.2855608961517,263.591506606676,1043.59580424745,39.0452192448637,23.1,18.5778506151342,Other/Global,28.6435234422283,0.74,19.63,47.78,43.89,4908.0,7362.0,41.81,0.87,893.7,-0.91,25,1.0,254,88.41,10.06,30.73
Vietnam,2006,3800.0,31.8974599332229,266.702651109391,1171.50900828592,39.0452192448637,23.1,18.5778506151342,Other/Global,28.6435234422283,0.68,18.24,47.38,43.78,4560.0,6840.0,41.65,0.77,1050.7,0.14,24,1.0,284,86.46,11.9,32.98
Vietnam,2007,3510.0,32.5093589702942,269.813795612106,1299.42221232438,39.0452192448637,23.1,18.5778506151342,Other/Global,28.6435234422283,0.63,16.85,46.98,43.66,4212.0,6318.0,41.47,0.68,918.6,-0.48,24,1.0,261,84.97,9.7,32.56
Vietnam,2008,3220.0,33.1212580073655,272.92494011482,1427.33541636285,39.0452192448637,23.1,18.5778506151342,Other/Global,28.6435234422283,0.58,15.46,46.41,43.45,3864.0,5796.0,41.26,0.66,832.4,-0.91,22,1.0,271,86.11,12.91,34.49
Vietnam,2009,2930.0,33.7331570444368,276.036084617536,1555.24862040132,39.0452192448637,23.1,18.5778506151342,Other/Global,28.6435234422283,0.53,14.06,45.93,43.27,3516.0,5274.0,41.03,0.67,917.3,-0.29,26,1.0,252,85.82,11.38,35.08
Vietnam,2010,2640.0,34.3450560815081,279.147229120251,1683.16182443979,39.0452192448637,23.1,18.5778506151342,Other/Global,28.6435234422283,0.48,12.67,45.29,43.0,3168.0,4752.0,40.76,0.64,871.5,-0.83,23,1.0,290,87.45,11.88,35.23
Vietnam,2011,2476.0,35.2287308756154,282.55727873788,1862.04323023205,39.0452192448637,23.1,18.5778506151342,Other/Global,28.6435234422283,0.45,11.88,44.96,43.02,2971.2,4456.8,40.63,0.73,925.7,-0.31,25,1.0,290,86.69,12.11,35.83
Vietnam,2012,2312.0,36.1124056697228,285.96732835551,2040.92463602432,39.0452192448637,23.1,18.5778506151342,Other/Global,28.6435234422283,0.42,11.1,44.56,43.0,2774.4,4161.6,40.48,0.67,946.2,-0.32,22,1.0,274,85.7,12.74,35.64
Vietnam,2013,2148.0,36.9960804638301,289.37737797314,2219.80604181659,39.0452192448637,23.1,18.5778506151342,Other/Global,28.6435234422283,0.39,10.31,44.16,42.97,2577.6,3866.4,40.32,0.63,996.5,-0.36,23,1.0,274,87.03,13.36,39.86
Vietnam,2014,1984.0,37.8797552579375,292.78742759077,2398.68744760886,39.0452192448637,23.1,18.5778506151342,Other/Global,28.6435234422283,0.36,9.52,43.67,42.89,2380.8,3571.2,40.13,0.9,897.8,-0.57,26,1.0,302,84.37,13.86,39.62
Vietnam,2015,1820.0,38.7634300520449,296.1974772084,2577.56885340113,39.0452192448637,23.1,18.5778506151342,Other/Global,28.6435234422283,0.33,8.74,43.19,42.8,2184.0,3276.0,39.91,0.82,1030.9,-0.06,25,1.0,288,85.51,14.6,38.19
Vietnam,2016,1820.0,38.8976977057831,299.542612416723,2768.86298968619,39.0452192448637,23.1,18.5778506151342,Other/Global,28.6435234422283,0.33,8.74,43.19,42.84,2184.0,3276.0,39.98,0.95,972.4,-0.17,29,1.0,285,84.12,13.1,40.05
Vietnam,2017,1820.0,39.0319653595213,302.887747625047,2960.15712597126,39.0452192448637,23.1,18.5778506151342,Other/Global,28.6435234422283,0.33,8.74,43.19,42.88,2184.0,3276.0,40.05,0.9,843.2,-0.62,26,1.0,293,84.13,15.07,42.63
Vietnam,2018,1820.0,39.1662330132596,306.23288283337,3151.45126225633,39.0452192448637,23.1,18.5778506151342,Other/Global,28.6435234422283,0.33,8.74,43.19,42.92,2184.0,3276.0,40.12,1.01,1076.6,-0.07,31,1.0,305,82.18,15.99,37.02
Vietnam,2019,1820.0,39.3005006669978,309.578018041694,3342.7453985414,39.0452192448637,23.1,18.5778506151342,Other/Global,28.6435234422283,0.33,8.74,43.19,42.96,2184.0,3276.0,40.19,1.03,925.9,-1.08,28,1.0,316,84.75,15.95,37.68
Vietnam,2020,1820.0,39.4347683207361,312.923153250018,3534.03953482647,39.0452192448637,23.1,18.5778506151342,Other/Global,28.6435234422283,0.33,8.74,43.19,43.0,2184.0,3276.0,40.26,0.84,833.0,-0.16,26,1.0,314,84.75,16.2,39.49
Yemen,1990,0.0,44.7487546640908,26.3042634998201,910.422465960748,39.0452192448637,23.1,18.5778506151342,Other/Global,28.6435234422283,0.0,0.0,0.0,13.42,0.0,0.0,15.0,0.43,1032.2,-0.32,20,1.0,208,83.1,4.22,28.79
Yemen,1991,0.0,44.7568990662348,27.3907417088092,868.703737628154,39.0452192448637,23.1,18.5778506151342,Other/Global,28.6435234422283,0.0,0.0,0.0,13.43,0.0,0.0,15.0,0.44,1066.2,0.49,20,1.0,204,83.81,5.85,27.16
Yemen,1992,0.0,44.7650434683789,28.4772199177983,826.985009295561,39.0452192448637,23.1,18.5778506151342,Other/Global,28.6435234422283,0.0,0.0,0.0,13.43,0.0,0.0,15.0,0.37,897.4,-0.18,19,1.0,213,84.46,5.75,29.69
Yemen,1993,0.0,44.7731878705229,29.5636981267875,785.266280962967,39.0452192448637,23.1,18.5778506151342,Other/Global,28.6435234422283,0.0,0.0,0.0,13.43,0.0,0.0,15.0,0.35,859.7,-0.77,18,1.0,208,83.24,5.57,28.18
Yemen,1994,0.0,44.781332272667,30.6501763357766,743.547552630374,39.0452192448637,23.1,18.5778506151342,Other/Global,28.6435234422283,0.0,0.0,0.0,13.43,0.0,0.0,15.0,0.48,886.2,-0.47,24,1.0,214,83.98,6.54,30.59
Yemen,1995,0.0,44.7894766748111,31.7366545447658,701.828824297781,39.0452192448637,23.1,18.5778506151342,Other/Global,28.6435234422283,0.0,0.0,0.0,13.44,0.0,0.0,15.0,0.45,957.2,-0.19,20,1.0,243,83.7,7.24,27.12
Yemen,1996,0.0,44.7976210769551,32.8231327537549,660.110095965187,39.0452192448637,23.1,18.5778506151342,Other/Global,28.6435234422283,0.0,0.0,0.0,13.44,0.0,0.0,15.0,0.44,1002.2,0.38,22,1.0,225,84.54,5.77,26.8
Yemen,1997,0.0,44.8057654790992,33.909610962744,618.391367632594,39.0452192448637,23.1,18.5778506151342,Other/Global,28.6435234422283,0.0,0.0,0.0,13.44,0.0,0.0,15.0,0.4,945.6,-0.38,19,1.0,223,83.89,7.65,28.19
Yemen,1998,0.0,44.8139098812432,34.9960891717332,576.6726393,39.0452192448637,23.1,18.5778506151342,Other/Global,28.6435234422283,0.0,0.0,0.0,13.44,0.0,0.0,15.0,0.41,908.1,-0.38,17,1.0,222,85.43,6.95,28.34
Yemen,1999,0.0,44.8220542833873,36.0825673807223,534.953910967407,39.0452192448637,23.1,18.5778506151342,Other/Global,28.6435234422283,0.0,0.0,0.0,13.45,0.0,0.0,15.0,0.49,1019.8,-0.69,24,1.0,202,83.56,9.03,26.91
Yemen,2000,0.0,44.8301986855314,37.1690455897115,493.235182634814,39.0452192448637,23.1,18.5778506151342,Other/Global,28.6435234422283,0.0,0.0,0.0,13.45,0.0,0.0,15.0,0.44,875.0,0.09,20,1.0,270,82.12,7.6,28.97
Yemen,2001,0.0,44.8131522624391,38.5195477015739,559.43196963275,39.0452192448637,23.1,18.5778506151342,Other/Global,28.6435234422283,0.0,0.0,0.0,13.44,0.0,0.0,15.0,0.36,982.5,-0.33,19,1.0,275,84.76,8.74,27.5
Yemen,2002,0.0,44.7961058393469,39.8700498134363,625.628756630687,39.0452192448637,23.1,18.5778506151342,Other/Global,28.6435234422283,0.0,0.0,0.0,13.44,0.0,0.0,15.0,0.62,877.0,-0.47,21,1.0,255,84.02,9.37,32.67
Yemen,2003,0.0,44.7790594162547,41.2205519252987,691.825543628623,39.0452192448637,23.1,18.5778506151342,Other/Global,28.6435234422283,0.0,0.0,0.0,13.43,0.0,0.0,15.0,0.71,934.5,-0.48,24,1.0,234,83.83,8.05,28.81
Yemen,2004,0.0,44.7620129931625,42.5710540371611,758.02233062656,39.0452192448637,23.1,18.5778506151342,Other/Global,28.6435234422283,0.0,0.0,0.0,13.43,0.0,0.0,15.0,0.9,890.9,-0.78,29,1.0,294,81.41,8.26,29.72
Yemen,2005,0.0,44.7449665700703,43.9215561490236,824.219117624497,39.0452192448637,23.1,18.5778506151342,Other/Global,28.6435234422283,0.0,0.0,0.0,13.42,0.0,0.0,15.0,0.6,895.5,-0.25,23,1.0,235,85.05,9.98,26.55
Yemen,2006,0.0,44.727920146978,45.272058260886,890.415904622433,39.0452192448637,23.1,18.5778506151342,Other/Global,28.6435234422283,0.0,0.0,0.0,13.42,0.0,0.0,15.0,0.74,869.8,-0.19,23,1.0,266,84.47,12.05,30.2
Yemen,2007,0.0,44.7108737238858,46.6225603727484,956.61269162037,39.0452192448637,23.1,18.5778506151342,Other/Global,28.6435234422283,0.0,0.0,0.0,13.41,0.0,0.0,15.0,0.56,1007.6,-0.01,19,1.0,238,83.65,10.95,27.55
Yemen,2008,0.0,44.6938273007936,47.9730624846108,1022.8094786183,39.0452192448637,23.1,18.5778506151342,Other/Global,28.6435234422283,0.0,0.0,0.0,13.41,0.0,0.0,15.0,0.75,841.4,-0.6,23,1.0,234,79.86,11.87,31.04
Yemen,2009,0.0,44.6767808777014,49.3235645964732,1089.00626561624,39.0452192448637,23.1,18.5778506151342,Other/Global,28.6435234422283,0.0,0.0,0.0,13.4,0.0,0.0,15.0,0.64,840.8,-0.61,23,1.0,274,82.87,9.38,26.19
Yemen,2010,0.0,44.6597344546092,50.6740667083357,1155.20305261418,39.0452192448637,23.1,18.5778506151342,Other/Global,28.6435234422283,0.0,0.0,0.0,13.4,0.0,0.0,15.0,0.81,1069.7,0.22,26,1.0,279,85.58,12.94,29.27
Yemen,2011,0.0,44.6042767581491,52.3427190938879,1196.59720450336,39.0452192448637,23.1,18.5778506151342,Other/Global,28.6435234422283,0.0,0.0,0.0,13.38,0.0,0.0,15.0,0.58,978.2,-0.34,23,1.0,279,83.87,13.05,31.45
Yemen,2012,0.0,44.5488190616891,54.0113714794401,1237.99135639254,39.0452192448637,23.1,18.5778506151342,Other/Global,28.6435234422283,0.0,0.0,0.0,13.36,0.0,0.0,15.0,0.52,709.2,-0.73,20,1.0,303,81.86,13.57,29.78
Yemen,2013,0.0,44.493361365229,55.6800238649923,1279.38550828173,39.0452192448637,23.1,18.5778506151342,Other/Global,28.6435234422283,0.0,0.0,0.0,13.35,0.0,0.0,15.0,0.65,854.8,-0.34,25,1.0,283,82.66,13.46,29.2
Yemen,2014,0.0,44.437903668769,57.3486762505445,1320.77966017091,39.0452192448637,23.1,18.5778506151342,Other/Global,28.6435234422283,0.0,0.0,0.0,13.33,0.0,0.0,15.0,0.59,755.0,-0.63,21,1.0,300,82.86,12.79,32.2
Yemen,2015,0.0,44.382445972309,59.0173286360967,1362.1738120601,39.0452192448637,23.1,18.5778506151342,Other/Global,28.6435234422283,0.0,0.0,0.0,13.31,0.0,0.0,15.0,0.87,823.9,-1.15,26,1.0,279,84.71,13.6,27.94
Yemen,2016,0.0,44.3897948747087,60.9020887550428,1362.1738120601,39.0452192448637,23.1,18.5778506151342,Other/Global,28.6435234422283,0.0,0.0,0.0,13.32,0.0,0.0,15.0,0.72,648.9,-1.46,29,1.0,314,81.54,13.86,27.34
Yemen,2017,0.0,44.3971437771085,62.786848873989,1362.1738120601,39.0452192448637,23.1,18.5778506151342,Other/Global,28.6435234422283,0.0,0.0,0.0,13.32,0.0,0.0,15.0,0.95,889.0,-0.72,25,1.0,319,84.62,15.4,27.69
Yemen,2018,0.0,44.4044926795082,64.6716089929351,1362.1738120601,39.0452192448637,23.1,18.5778506151342,Other/Global,28.6435234422283,0.0,0.0,0.0,13.32,0.0,0.0,15.0,0.82,808.6,-1.37,24,1.0,298,84.3,15.16,27.86
Yemen,2019,0.0,44.411841581908,66.5563691118813,1362.1738120601,39.0452192448637,23.1,18.5778506151342,Other/Global,28.6435234422283,0.0,0.0,0.0,13.32,0.0,0.0,15.0,0.98,904.8,-0.29,26,1.0,311,86.04,16.39,30.81
Yemen,2020,0.0,44.4191904843078,68.4411292308275,1362.1738120601,39.0452192448637,23.1,18.5778506151342,Other/Global,28.6435234422283,0.0,0.0,0.0,13.33,0.0,0.0,15.0,1.13,770.0,-1.34,30,1.0,298,83.98,16.6,29.47
Zimbabwe,1990,105720.0,33.7200752229546,26.2046814010598,866.928868406131,70.4079587862519,32.2,47.6701888736487,Other/Global,48.6666149670415,19.03,507.46,47.86,48.8,126864.0,190296.0,35.94,0.3,893.9,-0.18,21,1.0,200,84.53,6.03,24.3
Zimbabwe,1991,105720.0,34.2558765154452,26.6582871914178,836.519357315125,69.8444149922205,32.2,47.6701888736487,Other/Global,48.5475248804446,19.03,507.46,47.95,49.01,126864.0,190296.0,36.03,0.27,854.1,-0.54,20,1.0,218,85.83,5.09,23.6
Zimbabwe,1992,105720.0,34.7916778079358,27.1118929817758,806.10984622412,69.4325753011966,32.2,48.3650666193361,Other/Global,48.4284347938477,19.03,507.46,48.11,49.25,126864.0,190296.0,36.12,0.4,1007.5,-0.36,24,1.0,218,84.56,5.2,23.75
Zimbabwe,1993,105720.0,35.3274791004264,27.5654987721338,775.700335133114,69.1246826679785,32.2,48.7695748829218,Other/Global,48.3093447072509,19.03,507.46,48.19,49.45,126864.0,190296.0,36.21,0.44,1000.2,-0.2,23,1.0,188,86.08,5.83,19.89
Zimbabwe,1994,105720.0,35.8632803929171,28.0191045624918,745.290824042109,68.8381061047483,32.2,47.830670100158,Other/Global,48.190254620654,19.03,507.46,48.27,49.65,126864.0,190296.0,36.29,0.49,950.1,-0.16,22,1.0,201,87.58,4.0,24.86
Zimbabwe,1995,105720.0,36.3990816854077,28.4727103528499,714.881312951103,68.570013867108,32.2,47.70941779681,Other/Global,48.0711645340571,19.03,507.46,48.43,49.89,126864.0,190296.0,36.38,0.33,861.2,-0.19,21,1.0,212,84.32,6.21,26.55
Zimbabwe,1996,105720.0,36.9348829778983,28.9263161432079,684.471801860098,68.3230923993979,32.2,46.9849379483601,Other/Global,47.9520744474603,19.03,507.46,48.51,50.09,126864.0,190296.0,36.46,0.46,1046.1,0.17,24,1.0,228,86.33,7.37,24.61
Zimbabwe,1997,105720.0,37.470684270389,29.3799219335659,654.062290769092,68.1000281459585,32.2,46.8650091210398,Other/Global,47.8329843608634,19.03,507.46,48.59,50.29,126864.0,190296.0,36.55,0.17,763.1,-0.49,20,1.0,214,84.34,7.02,22.81
Zimbabwe,1998,105720.0,38.0064855628796,29.8335277239239,623.652779678087,67.9035075511302,32.2,46.6552794855685,Other/Global,47.7138942742665,19.03,507.46,48.75,50.54,126864.0,190296.0,36.63,0.32,775.0,-0.77,23,1.0,210,83.09,7.43,21.98
Zimbabwe,1999,105720.0,38.5422868553702,30.2871335142819,593.243268587081,67.7362170592534,32.2,47.3314185513738,Other/Global,47.5948041876696,19.03,507.46,48.83,50.74,126864.0,190296.0,36.71,0.33,880.6,-0.18,24,1.0,196,86.73,7.76,27.42
Zimbabwe,2000,105720.0,39.0780881478609,30.74073930464,562.833757496076,67.6008431146687,32.2,49.732588454028,Other/Global,47.4757141010728,19.03,507.46,48.99,50.98,126864.0,190296.0,36.79,0.44,1067.6,0.65,23,1.0,270,84.96,9.65,25.98
Zimbabwe,2001,101115.0,39.3416147085433,31.1193080005169,596.751457653207,67.5000721617164,32.2,51.8006845434923,Other/Global,47.3566240144759,18.2,485.35,48.91,50.96,121338.0,182007.0,36.77,0.44,871.7,-0.23,24,1.0,245,85.2,8.98,23.2
Zimbabwe,2002,96510.0,39.6051412692257,31.4978766963939,630.669157810338,67.4368115833066,32.2,55.2749473552374,Other/Global,47.237533927879,17.37,463.25,48.83,50.94,115812.0,173718.0,36.75,0.39,873.8,-0.16,21,1.0,224,85.58,9.02,26.83
Zimbabwe,2003,91905.0,39.8686678299082,31.8764453922708,664.586857967469,67.3996627686052,32.2,58.8673256456679,Other/Global,47.1184438412822,16.54,441.14,48.67,50.88,110286.0,165429.0,36.72,0.5,773.6,-0.73,26,1.0,265,82.44,11.47,26.16
Zimbabwe,2004,87300.0,40.1321943905906,32.2550140881478,698.5045581246,67.3721831766127,32.2,61.4480003521329,Other/Global,46.9993537546853,15.71,419.04,48.59,50.85,104760.0,157140.0,36.69,0.66,965.2,-0.76,24,1.0,275,84.1,8.87,29.53
Zimbabwe,2005,82695.0,40.3957209512731,32.6335827840247,732.422258281732,67.3517290277097,32.2,62.0546633795272,Other/Global,46.8802636680884,14.89,396.94,48.43,50.78,99234.0,148851.0,36.65,0.69,966.3,-0.64,27,1.0,259,82.38,9.75,24.88
Zimbabwe,2006,78090.0,40.6592475119555,33.0121514799017,766.339958438863,67.3359205358806,32.2,63.6538112269133,Other/Global,46.7611735814915,14.06,374.83,48.35,50.74,93708.0,140562.0,36.6,0.67,953.8,-0.22,25,1.0,269,83.66,9.82,27.38
Zimbabwe,2007,73485.0,40.9227740726379,33.3907201757787,800.257658595994,67.32237791511,32.2,64.2298509670852,Other/Global,46.6420834948947,13.23,352.73,48.19,50.67,88182.0,132273.0,36.55,0.69,840.8,-0.75,27,1.0,283,85.6,10.45,29.15
Zimbabwe,2008,68880.0,41.1863006333204,33.7692888716556,834.175358753125,67.3087213793825,32.2,66.147927677162,Other/Global,46.5229934082978,12.4,330.62,48.03,50.58,82656.0,123984.0,36.48,0.76,835.2,-0.69,26,1.0,276,84.69,12.45,27.84
Zimbabwe,2009,64275.0,41.4498271940028,34.1478575675326,868.093058910256,67.2925711426825,32.2,64.4477730183721,Other/Global,46.4039033217009,11.57,308.52,47.78,50.45,77130.0,115695.0,36.41,0.64,788.8,-0.38,26,1.0,280,83.35,11.04,26.75
Zimbabwe,2010,59670.0,41.7133537546853,34.5264262634096,902.010759067388,67.2715474189946,32.2,62.1958359715131,Other/Global,46.284813235104,10.74,286.42,47.62,50.35,71604.0,107406.0,36.32,0.65,899.5,-0.3,24,1.0,251,84.05,12.25,26.53
Zimbabwe,2011,58602.0,41.7371834561199,35.0653767610185,999.033872443962,67.2432704223032,22.5,62.0164750675025,Other/Global,46.1657231485072,10.55,281.29,47.62,50.34,70322.4,105483.6,36.37,0.82,806.5,-0.59,26,1.0,236,83.84,13.0,26.61
Zimbabwe,2012,57534.0,41.7610131575546,35.6043272586274,1096.05698582053,67.2068247871672,22.5,61.9643243657222,Other/Global,46.0466330619103,10.36,276.16,47.62,50.32,69040.8,103561.2,36.42,0.54,798.9,-0.74,25,1.0,294,84.38,13.57,26.25
Zimbabwe,2013,56466.0,41.7848428589892,36.1432777562362,1193.08009919711,67.0980656830059,22.5,63.1894748297514,Other/Global,45.9275429753134,10.16,271.04,47.7,50.34,67759.2,101638.8,36.46,0.54,859.3,-0.81,21,1.0,281,83.25,12.88,25.9
Zimbabwe,2014,55398.0,41.8086725604239,36.6822282538451,1290.10321257368,66.8371924029199,22.5,63.9872136124574,Other/Global,45.8084528887166,9.97,265.91,47.7,50.33,66477.6,99716.4,36.5,0.81,854.2,-0.82,27,1.0,281,83.85,14.25,29.61
Zimbabwe,2015,54330.0,41.8325022618586,37.2211787514541,1387.12632595026,66.4387358233126,22.5,63.7412363958867,Other/Global,45.6893628021197,9.78,260.78,47.7,50.31,65196.0,97794.0,36.54,0.76,850.4,-1.01,28,1.0,306,84.17,13.83,29.47
Zimbabwe,2016,54064.0,41.8293937701951,37.8042858989272,1521.6359515292,65.9200539273686,22.5,63.721476169272,Other/Global,45.5702727155228,9.73,259.51,47.78,50.34,64876.8,97315.2,36.62,0.86,930.8,-0.12,27,1.0,280,84.5,14.6,28.85
Zimbabwe,2017,53798.0,41.8262852785317,38.3873930464004,1656.14557710815,65.2985046982727,30.4,63.0285807508729,Other/Global,45.4511826289259,9.68,258.23,47.86,50.37,64557.6,96836.4,36.69,0.88,899.9,-0.47,29,1.0,298,84.26,14.14,27.86
Zimbabwe,2018,53532.0,41.8231767868682,38.9705001938736,1790.65520268709,64.5914461192095,30.4,62.4346505297396,Other/Global,45.3320925423291,9.64,256.95,47.95,50.41,64238.4,96357.6,36.76,0.96,870.5,-0.71,28,1.0,303,82.03,14.35,27.82
Zimbabwe,2019,53266.0,41.8200682952048,39.5536073413468,1925.16482826604,63.8162361733636,38.3,62.3979720066303,Other/Global,45.2130024557322,9.59,255.68,48.03,50.45,63919.2,95878.8,36.83,1.13,908.2,-0.51,31,1.0,316,82.48,16.08,24.34
Zimbabwe,2020,53000.0,41.8169598035414,40.13671448882,2059.67445384499,62.9902328439198,38.3,58.6055928223969,Other/Global,45.0939123691353,9.54,254.4,48.11,50.48,63600.0,95400.0,36.9,1.06,814.3,-1.74,29,1.0,314,84.74,18.11,28.89
